Log ID,T1 Log Sent,T2 Wazuh Alert,T4 SOC Received,T5 Dashboard Visible,dT2-T1 (ms),dT4-T1 (ms),dT5-T1 (ms)
LOG-01110,2026-06-18T14:35:59.437931+00:00,2026-06-18T14:35:59.534000+00:00,2026-06-18T14:36:07.740889+00:00,,96.1,8303.0,
LOG-01111,2026-06-18T14:35:59.438931+00:00,2026-06-18T14:35:59.535000+00:00,2026-06-18T14:36:07.741414+00:00,,96.1,8302.5,
LOG-01112,2026-06-18T14:35:59.439931+00:00,2026-06-18T14:35:59.537000+00:00,2026-06-18T14:36:07.743910+00:00,,97.1,8304.0,
LOG-01113,2026-06-18T14:35:59.440931+00:00,2026-06-18T14:35:59.539000+00:00,2026-06-18T14:36:07.744141+00:00,,98.1,8303.2,
LOG-01114,2026-06-18T14:35:59.441931+00:00,2026-06-18T14:35:59.541000+00:00,2026-06-18T14:36:07.746513+00:00,,99.1,8304.6,
LOG-01115,2026-06-18T14:35:59.442931+00:00,2026-06-18T14:35:59.543000+00:00,2026-06-18T14:36:07.748384+00:00,,100.1,8305.5,
LOG-01116,2026-06-18T14:35:59.443931+00:00,2026-06-18T14:35:59.545000+00:00,2026-06-18T14:36:07.749918+00:00,,101.1,8306.0,
LOG-01117,2026-06-18T14:35:59.444931+00:00,2026-06-18T14:35:59.547000+00:00,2026-06-18T14:36:07.750870+00:00,,102.1,8305.9,
LOG-01118,2026-06-18T14:35:59.445931+00:00,2026-06-18T14:35:59.549000+00:00,2026-06-18T14:36:07.751831+00:00,,103.1,8305.9,
LOG-01119,2026-06-18T14:35:59.446931+00:00,2026-06-18T14:35:59.551000+00:00,2026-06-18T14:36:07.752794+00:00,,104.1,8305.9,
LOG-01120,2026-06-18T14:35:59.447931+00:00,2026-06-18T14:35:59.553000+00:00,2026-06-18T14:36:07.753408+00:00,,105.1,8305.5,
LOG-01121,2026-06-18T14:35:59.448931+00:00,2026-06-18T14:35:59.555000+00:00,2026-06-18T14:36:07.753826+00:00,,106.1,8304.9,
LOG-01122,2026-06-18T14:35:59.449931+00:00,2026-06-18T14:35:59.557000+00:00,2026-06-18T14:36:07.754411+00:00,,107.1,8304.5,
LOG-01123,2026-06-18T14:35:59.450931+00:00,2026-06-18T14:35:59.559000+00:00,2026-06-18T14:36:07.754979+00:00,,108.1,8304.0,
LOG-01124,2026-06-18T14:35:59.451931+00:00,2026-06-18T14:35:59.561000+00:00,2026-06-18T14:36:07.755893+00:00,,109.1,8304.0,
LOG-01125,2026-06-18T14:35:59.452931+00:00,2026-06-18T14:35:59.563000+00:00,2026-06-18T14:36:07.756817+00:00,,110.1,8303.9,
LOG-01126,2026-06-18T14:35:59.453931+00:00,2026-06-18T14:35:59.565000+00:00,2026-06-18T14:36:07.757700+00:00,,111.1,8303.8,
LOG-01127,2026-06-18T14:35:59.454931+00:00,2026-06-18T14:35:59.567000+00:00,2026-06-18T14:36:07.757838+00:00,,112.1,8302.9,
LOG-01128,2026-06-18T14:35:59.455931+00:00,2026-06-18T14:35:59.569000+00:00,2026-06-18T14:36:07.758949+00:00,,113.1,8303.0,
LOG-01129,2026-06-18T14:35:59.456931+00:00,2026-06-18T14:35:59.571000+00:00,2026-06-18T14:36:07.759824+00:00,,114.1,8302.9,
LOG-01130,2026-06-18T14:35:59.457931+00:00,2026-06-18T14:35:59.573000+00:00,2026-06-18T14:36:07.760784+00:00,,115.1,8302.9,
LOG-01131,2026-06-18T14:35:59.458931+00:00,2026-06-18T14:35:59.575000+00:00,2026-06-18T14:36:07.761146+00:00,,116.1,8302.2,
LOG-01132,2026-06-18T14:35:59.459931+00:00,2026-06-18T14:35:59.577000+00:00,2026-06-18T14:36:07.762146+00:00,,117.1,8302.2,
LOG-01133,2026-06-18T14:35:59.460931+00:00,2026-06-18T14:35:59.579000+00:00,2026-06-18T14:36:07.762548+00:00,,118.1,8301.6,
LOG-01134,2026-06-18T14:35:59.461931+00:00,2026-06-18T14:35:59.581000+00:00,2026-06-18T14:36:07.763167+00:00,,119.1,8301.2,
LOG-01135,2026-06-18T14:35:59.462931+00:00,2026-06-18T14:35:59.583000+00:00,2026-06-18T14:36:07.763752+00:00,,120.1,8300.8,
LOG-01136,2026-06-18T14:35:59.463931+00:00,2026-06-18T14:35:59.585000+00:00,2026-06-18T14:36:07.764523+00:00,,121.1,8300.6,
LOG-01137,2026-06-18T14:35:59.464931+00:00,2026-06-18T14:35:59.587000+00:00,2026-06-18T14:36:07.765314+00:00,,122.1,8300.4,
LOG-01138,2026-06-18T14:35:59.465931+00:00,2026-06-18T14:35:59.589000+00:00,2026-06-18T14:36:07.767105+00:00,,123.1,8301.2,
LOG-01139,2026-06-18T14:35:59.466931+00:00,2026-06-18T14:35:59.591000+00:00,2026-06-18T14:36:07.768848+00:00,,124.1,8301.9,
LOG-01140,2026-06-18T14:35:59.467931+00:00,2026-06-18T14:35:59.593000+00:00,2026-06-18T14:36:07.769594+00:00,,125.1,8301.7,
LOG-01141,2026-06-18T14:35:59.468931+00:00,2026-06-18T14:35:59.595000+00:00,2026-06-18T14:36:07.770199+00:00,,126.1,8301.3,
LOG-01142,2026-06-18T14:35:59.469931+00:00,2026-06-18T14:35:59.597000+00:00,2026-06-18T14:36:07.771267+00:00,,127.1,8301.3,
LOG-01143,2026-06-18T14:35:59.470931+00:00,2026-06-18T14:35:59.599000+00:00,2026-06-18T14:36:07.771708+00:00,,128.1,8300.8,
LOG-01144,2026-06-18T14:35:59.471931+00:00,2026-06-18T14:35:59.601000+00:00,2026-06-18T14:36:07.773382+00:00,,129.1,8301.5,
LOG-01145,2026-06-18T14:35:59.472931+00:00,2026-06-18T14:35:59.603000+00:00,2026-06-18T14:36:07.773830+00:00,,130.1,8300.9,
LOG-01146,2026-06-18T14:35:59.473931+00:00,2026-06-18T14:35:59.605000+00:00,2026-06-18T14:36:07.774924+00:00,,131.1,8301.0,
LOG-01147,2026-06-18T14:35:59.474931+00:00,2026-06-18T14:35:59.607000+00:00,2026-06-18T14:36:07.775762+00:00,,132.1,8300.8,
LOG-01148,2026-06-18T14:35:59.475931+00:00,2026-06-18T14:35:59.609000+00:00,2026-06-18T14:36:07.776628+00:00,,133.1,8300.7,
LOG-01149,2026-06-18T14:35:59.476931+00:00,2026-06-18T14:35:59.611000+00:00,2026-06-18T14:36:07.777630+00:00,,134.1,8300.7,
LOG-01150,2026-06-18T14:35:59.477931+00:00,2026-06-18T14:35:59.613000+00:00,2026-06-18T14:36:07.779263+00:00,,135.1,8301.3,
LOG-01151,2026-06-18T14:35:59.478931+00:00,2026-06-18T14:35:59.615000+00:00,2026-06-18T14:36:07.780032+00:00,,136.1,8301.1,
LOG-01152,2026-06-18T14:35:59.479931+00:00,2026-06-18T14:35:59.617000+00:00,2026-06-18T14:36:07.782007+00:00,,137.1,8302.1,
LOG-01153,2026-06-18T14:35:59.480931+00:00,2026-06-18T14:35:59.619000+00:00,2026-06-18T14:36:07.784315+00:00,,138.1,8303.4,
LOG-01154,2026-06-18T14:35:59.481931+00:00,2026-06-18T14:35:59.621000+00:00,2026-06-18T14:36:07.784929+00:00,,139.1,8303.0,
LOG-01155,2026-06-18T14:35:59.482931+00:00,2026-06-18T14:35:59.623000+00:00,2026-06-18T14:36:07.785836+00:00,,140.1,8302.9,
LOG-01156,2026-06-18T14:35:59.483931+00:00,2026-06-18T14:35:59.625000+00:00,2026-06-18T14:36:07.787528+00:00,,141.1,8303.6,
LOG-01157,2026-06-18T14:35:59.484931+00:00,2026-06-18T14:35:59.627000+00:00,2026-06-18T14:36:07.789662+00:00,,142.1,8304.7,
LOG-01158,2026-06-18T14:35:59.485931+00:00,2026-06-18T14:35:59.629000+00:00,2026-06-18T14:36:07.792201+00:00,,143.1,8306.3,
LOG-01159,2026-06-18T14:35:59.486931+00:00,2026-06-18T14:35:59.631000+00:00,2026-06-18T14:36:07.793126+00:00,,144.1,8306.2,
LOG-01160,2026-06-18T14:35:59.487931+00:00,2026-06-18T14:35:59.633000+00:00,2026-06-18T14:36:07.794464+00:00,,145.1,8306.5,
LOG-01161,2026-06-18T14:35:59.488931+00:00,2026-06-18T14:35:59.635000+00:00,2026-06-18T14:36:07.795513+00:00,,146.1,8306.6,
LOG-01162,2026-06-18T14:35:59.489931+00:00,2026-06-18T14:35:59.637000+00:00,2026-06-18T14:36:07.796103+00:00,,147.1,8306.2,
LOG-01163,2026-06-18T14:35:59.490931+00:00,2026-06-18T14:35:59.639000+00:00,2026-06-18T14:36:07.797849+00:00,,148.1,8306.9,
LOG-01164,2026-06-18T14:35:59.491931+00:00,2026-06-18T14:35:59.641000+00:00,2026-06-18T14:36:07.798683+00:00,,149.1,8306.8,
LOG-01165,2026-06-18T14:35:59.492931+00:00,2026-06-18T14:35:59.643000+00:00,2026-06-18T14:36:07.799278+00:00,,150.1,8306.3,
LOG-01166,2026-06-18T14:35:59.493931+00:00,2026-06-18T14:35:59.645000+00:00,2026-06-18T14:36:07.799585+00:00,,151.1,8305.7,
LOG-01167,2026-06-18T14:35:59.494931+00:00,2026-06-18T14:35:59.647000+00:00,2026-06-18T14:36:07.800437+00:00,,152.1,8305.5,
LOG-01168,2026-06-18T14:35:59.495931+00:00,2026-06-18T14:35:59.649000+00:00,2026-06-18T14:36:07.801447+00:00,,153.1,8305.5,
LOG-01169,2026-06-18T14:35:59.496931+00:00,2026-06-18T14:35:59.651000+00:00,2026-06-18T14:36:07.802275+00:00,,154.1,8305.3,
LOG-01170,2026-06-18T14:35:59.497931+00:00,2026-06-18T14:35:59.653000+00:00,2026-06-18T14:36:07.802968+00:00,,155.1,8305.0,
LOG-01171,2026-06-18T14:35:59.498931+00:00,2026-06-18T14:35:59.655000+00:00,2026-06-18T14:36:07.803371+00:00,,156.1,8304.4,
LOG-01172,2026-06-18T14:35:59.499931+00:00,2026-06-18T14:35:59.657000+00:00,2026-06-18T14:36:07.805025+00:00,,157.1,8305.1,
LOG-01173,2026-06-18T14:35:59.500931+00:00,2026-06-18T14:35:59.659000+00:00,2026-06-18T14:36:07.807337+00:00,,158.1,8306.4,
LOG-01174,2026-06-18T14:35:59.501931+00:00,2026-06-18T14:35:59.661000+00:00,2026-06-18T14:36:07.808825+00:00,,159.1,8306.9,
LOG-01175,2026-06-18T14:35:59.502931+00:00,2026-06-18T14:35:59.663000+00:00,2026-06-18T14:36:07.810079+00:00,,160.1,8307.1,
LOG-01176,2026-06-18T14:35:59.503931+00:00,2026-06-18T14:35:59.665000+00:00,2026-06-18T14:36:07.811541+00:00,,161.1,8307.6,
LOG-01177,2026-06-18T14:35:59.504931+00:00,2026-06-18T14:35:59.667000+00:00,2026-06-18T14:36:07.813946+00:00,,162.1,8309.0,
LOG-01178,2026-06-18T14:35:59.505931+00:00,2026-06-18T14:35:59.669000+00:00,2026-06-18T14:36:07.815794+00:00,,163.1,8309.9,
LOG-01179,2026-06-18T14:35:59.506931+00:00,2026-06-18T14:35:59.671000+00:00,2026-06-18T14:36:07.816541+00:00,,164.1,8309.6,
LOG-01180,2026-06-18T14:35:59.507931+00:00,2026-06-18T14:35:59.673000+00:00,2026-06-18T14:36:07.817778+00:00,,165.1,8309.8,
LOG-01181,2026-06-18T14:35:59.508931+00:00,2026-06-18T14:35:59.675000+00:00,2026-06-18T14:36:07.818551+00:00,,166.1,8309.6,
LOG-01182,2026-06-18T14:35:59.509931+00:00,2026-06-18T14:35:59.677000+00:00,2026-06-18T14:36:07.818989+00:00,,167.1,8309.1,
LOG-01183,2026-06-18T14:35:59.510931+00:00,2026-06-18T14:35:59.679000+00:00,2026-06-18T14:36:07.819795+00:00,,168.1,8308.9,
LOG-01184,2026-06-18T14:35:59.511931+00:00,2026-06-18T14:35:59.681000+00:00,2026-06-18T14:36:07.820294+00:00,,169.1,8308.4,
LOG-01185,2026-06-18T14:35:59.512931+00:00,2026-06-18T14:35:59.683000+00:00,2026-06-18T14:36:07.821385+00:00,,170.1,8308.5,
LOG-01186,2026-06-18T14:35:59.513931+00:00,2026-06-18T14:35:59.685000+00:00,2026-06-18T14:36:07.823004+00:00,,171.1,8309.1,
LOG-01187,2026-06-18T14:35:59.514931+00:00,2026-06-18T14:35:59.687000+00:00,2026-06-18T14:36:07.823881+00:00,,172.1,8308.9,
LOG-01188,2026-06-18T14:35:59.515931+00:00,2026-06-18T14:35:59.689000+00:00,2026-06-18T14:36:07.824716+00:00,,173.1,8308.8,
LOG-01189,2026-06-18T14:35:59.516931+00:00,2026-06-18T14:35:59.691000+00:00,2026-06-18T14:36:07.825257+00:00,,174.1,8308.3,
LOG-01190,2026-06-18T14:35:59.517931+00:00,2026-06-18T14:35:59.693000+00:00,2026-06-18T14:36:07.825951+00:00,,175.1,8308.0,
LOG-01191,2026-06-18T14:35:59.518931+00:00,2026-06-18T14:35:59.695000+00:00,2026-06-18T14:36:07.826446+00:00,,176.1,8307.5,
LOG-01192,2026-06-18T14:35:59.519931+00:00,2026-06-18T14:35:59.697000+00:00,2026-06-18T14:36:07.827301+00:00,,177.1,8307.4,
LOG-01193,2026-06-18T14:35:59.520931+00:00,2026-06-18T14:35:59.699000+00:00,2026-06-18T14:36:07.828237+00:00,,178.1,8307.3,
LOG-01194,2026-06-18T14:35:59.521931+00:00,2026-06-18T14:35:59.700000+00:00,2026-06-18T14:36:07.828963+00:00,,178.1,8307.0,
LOG-01195,2026-06-18T14:35:59.522931+00:00,2026-06-18T14:35:59.702000+00:00,2026-06-18T14:36:07.829439+00:00,,179.1,8306.5,
LOG-01196,2026-06-18T14:35:59.523931+00:00,2026-06-18T14:35:59.704000+00:00,2026-06-18T14:36:07.830365+00:00,,180.1,8306.4,
LOG-01197,2026-06-18T14:35:59.524931+00:00,2026-06-18T14:35:59.706000+00:00,2026-06-18T14:36:07.831265+00:00,,181.1,8306.3,
LOG-01198,2026-06-18T14:35:59.525931+00:00,2026-06-18T14:35:59.708000+00:00,2026-06-18T14:36:07.832218+00:00,,182.1,8306.3,
LOG-01199,2026-06-18T14:35:59.526931+00:00,2026-06-18T14:35:59.710000+00:00,2026-06-18T14:36:07.832871+00:00,,183.1,8305.9,
LOG-01200,2026-06-18T14:35:59.527931+00:00,2026-06-18T14:35:59.712000+00:00,2026-06-18T14:36:07.833351+00:00,,184.1,8305.4,
LOG-01201,2026-06-18T14:35:59.528931+00:00,2026-06-18T14:35:59.714000+00:00,2026-06-18T14:36:07.834397+00:00,,185.1,8305.5,
LOG-01202,2026-06-18T14:35:59.529931+00:00,2026-06-18T14:35:59.716000+00:00,2026-06-18T14:36:07.835386+00:00,,186.1,8305.5,
LOG-01203,2026-06-18T14:35:59.530931+00:00,2026-06-18T14:35:59.718000+00:00,2026-06-18T14:36:07.836148+00:00,,187.1,8305.2,
LOG-01204,2026-06-18T14:35:59.531931+00:00,2026-06-18T14:35:59.720000+00:00,2026-06-18T14:36:07.836637+00:00,,188.1,8304.7,
LOG-01205,2026-06-18T14:35:59.532931+00:00,2026-06-18T14:35:59.722000+00:00,2026-06-18T14:36:07.837333+00:00,,189.1,8304.4,
LOG-01206,2026-06-18T14:35:59.533931+00:00,2026-06-18T14:35:59.724000+00:00,2026-06-18T14:36:07.837760+00:00,,190.1,8303.8,
LOG-01207,2026-06-18T14:35:59.534931+00:00,2026-06-18T14:35:59.726000+00:00,2026-06-18T14:36:07.838681+00:00,,191.1,8303.8,
LOG-01208,2026-06-18T14:35:59.535931+00:00,2026-06-18T14:35:59.728000+00:00,2026-06-18T14:36:07.839403+00:00,,192.1,8303.5,
LOG-01209,2026-06-18T14:35:59.536931+00:00,2026-06-18T14:35:59.730000+00:00,2026-06-18T14:36:07.841188+00:00,,193.1,8304.3,
LOG-01210,2026-06-18T14:35:59.537931+00:00,2026-06-18T14:35:59.732000+00:00,2026-06-18T14:36:07.841760+00:00,,194.1,8303.8,
LOG-01211,2026-06-18T14:35:59.538931+00:00,2026-06-18T14:35:59.734000+00:00,2026-06-18T14:36:07.842355+00:00,,195.1,8303.4,
LOG-01212,2026-06-18T14:35:59.539931+00:00,2026-06-18T14:35:59.736000+00:00,2026-06-18T14:36:07.842748+00:00,,196.1,8302.8,
LOG-01213,2026-06-18T14:35:59.540931+00:00,2026-06-18T14:35:59.738000+00:00,2026-06-18T14:36:07.843221+00:00,,197.1,8302.3,
LOG-01214,2026-06-18T14:35:59.541931+00:00,2026-06-18T14:35:59.740000+00:00,2026-06-18T14:36:07.843699+00:00,,198.1,8301.8,
LOG-01215,2026-06-18T14:35:59.542931+00:00,2026-06-18T14:35:59.742000+00:00,2026-06-18T14:36:07.844475+00:00,,199.1,8301.5,
LOG-01216,2026-06-18T14:35:59.543931+00:00,2026-06-18T14:35:59.744000+00:00,2026-06-18T14:36:07.845216+00:00,,200.1,8301.3,
LOG-01217,2026-06-18T14:35:59.544931+00:00,2026-06-18T14:35:59.746000+00:00,2026-06-18T14:36:07.845824+00:00,,201.1,8300.9,
LOG-01218,2026-06-18T14:35:59.545931+00:00,2026-06-18T14:35:59.748000+00:00,2026-06-18T14:36:07.846367+00:00,,202.1,8300.4,
LOG-01219,2026-06-18T14:35:59.546931+00:00,2026-06-18T14:35:59.750000+00:00,2026-06-18T14:36:07.847164+00:00,,203.1,8300.2,
LOG-01220,2026-06-18T14:35:59.547931+00:00,2026-06-18T14:35:59.752000+00:00,2026-06-18T14:36:07.847827+00:00,,204.1,8299.9,
LOG-01221,2026-06-18T14:35:59.548931+00:00,2026-06-18T14:35:59.754000+00:00,2026-06-18T14:36:07.848290+00:00,,205.1,8299.4,
LOG-01222,2026-06-18T14:35:59.549931+00:00,2026-06-18T14:35:59.756000+00:00,2026-06-18T14:36:07.849101+00:00,,206.1,8299.2,
LOG-01223,2026-06-18T14:35:59.550931+00:00,2026-06-18T14:35:59.758000+00:00,2026-06-18T14:36:07.849619+00:00,,207.1,8298.7,
LOG-01224,2026-06-18T14:35:59.551931+00:00,2026-06-18T14:35:59.760000+00:00,2026-06-18T14:36:07.849962+00:00,,208.1,8298.0,
LOG-01225,2026-06-18T14:35:59.552931+00:00,2026-06-18T14:35:59.762000+00:00,2026-06-18T14:36:07.851328+00:00,,209.1,8298.4,
LOG-01226,2026-06-18T14:35:59.553931+00:00,2026-06-18T14:35:59.764000+00:00,2026-06-18T14:36:07.852992+00:00,,210.1,8299.1,
LOG-01227,2026-06-18T14:35:59.554931+00:00,2026-06-18T14:35:59.766000+00:00,2026-06-18T14:36:07.853662+00:00,,211.1,8298.7,
LOG-01228,2026-06-18T14:35:59.555931+00:00,2026-06-18T14:35:59.768000+00:00,2026-06-18T14:36:07.854386+00:00,,212.1,8298.5,
LOG-01229,2026-06-18T14:35:59.556931+00:00,2026-06-18T14:35:59.770000+00:00,2026-06-18T14:36:07.854925+00:00,,213.1,8298.0,
LOG-01230,2026-06-18T14:35:59.557931+00:00,2026-06-18T14:35:59.772000+00:00,2026-06-18T14:36:07.855772+00:00,,214.1,8297.8,
LOG-01231,2026-06-18T14:35:59.558931+00:00,2026-06-18T14:35:59.774000+00:00,2026-06-18T14:36:07.856627+00:00,,215.1,8297.7,
LOG-01232,2026-06-18T14:35:59.559931+00:00,2026-06-18T14:35:59.776000+00:00,2026-06-18T14:36:07.857229+00:00,,216.1,8297.3,
LOG-01233,2026-06-18T14:35:59.560931+00:00,2026-06-18T14:35:59.778000+00:00,2026-06-18T14:36:07.857648+00:00,,217.1,8296.7,
LOG-01234,2026-06-18T14:35:59.561931+00:00,2026-06-18T14:35:59.780000+00:00,2026-06-18T14:36:07.858574+00:00,,218.1,8296.6,
LOG-01235,2026-06-18T14:35:59.562931+00:00,2026-06-18T14:35:59.782000+00:00,2026-06-18T14:36:07.859637+00:00,,219.1,8296.7,
LOG-01236,2026-06-18T14:35:59.563931+00:00,2026-06-18T14:35:59.784000+00:00,2026-06-18T14:36:07.860282+00:00,,220.1,8296.4,
LOG-01237,2026-06-18T14:35:59.564931+00:00,2026-06-18T14:35:59.786000+00:00,2026-06-18T14:36:07.860896+00:00,,221.1,8296.0,
LOG-01238,2026-06-18T14:35:59.565931+00:00,2026-06-18T14:35:59.788000+00:00,2026-06-18T14:36:07.861322+00:00,,222.1,8295.4,
LOG-01239,2026-06-18T14:35:59.566931+00:00,2026-06-18T14:35:59.790000+00:00,2026-06-18T14:36:07.862276+00:00,,223.1,8295.3,
LOG-01240,2026-06-18T14:35:59.567931+00:00,2026-06-18T14:35:59.792000+00:00,2026-06-18T14:36:07.863155+00:00,,224.1,8295.2,
LOG-01241,2026-06-18T14:35:59.568931+00:00,2026-06-18T14:35:59.794000+00:00,2026-06-18T14:36:07.864066+00:00,,225.1,8295.1,
LOG-01242,2026-06-18T14:35:59.569931+00:00,2026-06-18T14:35:59.796000+00:00,2026-06-18T14:36:07.864997+00:00,,226.1,8295.1,
LOG-01243,2026-06-18T14:35:59.570931+00:00,2026-06-18T14:35:59.798000+00:00,2026-06-18T14:36:07.866507+00:00,,227.1,8295.6,
LOG-01244,2026-06-18T14:35:59.571931+00:00,2026-06-18T14:35:59.800000+00:00,2026-06-18T14:36:07.867094+00:00,,228.1,8295.2,
LOG-01245,2026-06-18T14:35:59.572931+00:00,2026-06-18T14:35:59.802000+00:00,2026-06-18T14:36:07.867701+00:00,,229.1,8294.8,
LOG-01246,2026-06-18T14:35:59.573931+00:00,2026-06-18T14:35:59.804000+00:00,2026-06-18T14:36:07.868192+00:00,,230.1,8294.3,
LOG-01247,2026-06-18T14:35:59.574931+00:00,2026-06-18T14:35:59.806000+00:00,2026-06-18T14:36:07.869003+00:00,,231.1,8294.1,
LOG-01248,2026-06-18T14:35:59.575931+00:00,2026-06-18T14:35:59.811000+00:00,2026-06-18T14:36:07.869666+00:00,,235.1,8293.7,
LOG-01249,2026-06-18T14:35:59.576931+00:00,2026-06-18T14:35:59.813000+00:00,2026-06-18T14:36:07.870016+00:00,,236.1,8293.1,
LOG-01250,2026-06-18T14:35:59.577931+00:00,2026-06-18T14:35:59.815000+00:00,2026-06-18T14:36:07.871452+00:00,,237.1,8293.5,
LOG-01251,2026-06-18T14:35:59.578931+00:00,2026-06-18T14:35:59.817000+00:00,2026-06-18T14:36:07.872150+00:00,,238.1,8293.2,
LOG-01252,2026-06-18T14:35:59.579931+00:00,2026-06-18T14:35:59.818000+00:00,2026-06-18T14:36:07.873135+00:00,,238.1,8293.2,
LOG-01253,2026-06-18T14:35:59.580931+00:00,2026-06-18T14:35:59.820000+00:00,2026-06-18T14:36:07.873790+00:00,,239.1,8292.9,
LOG-01254,2026-06-18T14:35:59.581931+00:00,2026-06-18T14:35:59.822000+00:00,2026-06-18T14:36:07.874278+00:00,,240.1,8292.3,
LOG-01255,2026-06-18T14:35:59.582931+00:00,2026-06-18T14:35:59.824000+00:00,2026-06-18T14:36:07.874910+00:00,,241.1,8292.0,
LOG-01256,2026-06-18T14:35:59.583931+00:00,2026-06-18T14:35:59.826000+00:00,2026-06-18T14:36:07.875341+00:00,,242.1,8291.4,
LOG-01257,2026-06-18T14:35:59.584931+00:00,2026-06-18T14:35:59.828000+00:00,2026-06-18T14:36:07.876201+00:00,,243.1,8291.3,
LOG-01258,2026-06-18T14:35:59.585931+00:00,2026-06-18T14:35:59.830000+00:00,2026-06-18T14:36:07.876849+00:00,,244.1,8290.9,
LOG-01259,2026-06-18T14:35:59.586931+00:00,2026-06-18T14:35:59.832000+00:00,2026-06-18T14:36:07.877307+00:00,,245.1,8290.4,
LOG-01260,2026-06-18T14:35:59.587931+00:00,2026-06-18T14:35:59.834000+00:00,2026-06-18T14:36:07.877950+00:00,,246.1,8290.0,
LOG-01261,2026-06-18T14:35:59.588931+00:00,2026-06-18T14:35:59.836000+00:00,2026-06-18T14:36:07.878404+00:00,,247.1,8289.5,
LOG-01262,2026-06-18T14:35:59.589931+00:00,2026-06-18T14:35:59.838000+00:00,2026-06-18T14:36:07.879033+00:00,2026-06-18T14:36:19.861406+00:00,248.1,8289.1,20271.5
LOG-01263,2026-06-18T14:35:59.590931+00:00,2026-06-18T14:35:59.840000+00:00,2026-06-18T14:36:07.880887+00:00,,249.1,8290.0,
LOG-01264,2026-06-18T14:35:59.591931+00:00,2026-06-18T14:35:59.842000+00:00,2026-06-18T14:36:07.881998+00:00,,250.1,8290.1,
LOG-01265,2026-06-18T14:35:59.592931+00:00,2026-06-18T14:35:59.844000+00:00,2026-06-18T14:36:07.882683+00:00,,251.1,8289.8,
LOG-01266,2026-06-18T14:35:59.593931+00:00,2026-06-18T14:35:59.846000+00:00,2026-06-18T14:36:07.883159+00:00,,252.1,8289.2,
LOG-01267,2026-06-18T14:35:59.594931+00:00,2026-06-18T14:35:59.848000+00:00,2026-06-18T14:36:07.883736+00:00,,253.1,8288.8,
LOG-01268,2026-06-18T14:35:59.595931+00:00,2026-06-18T14:35:59.850000+00:00,2026-06-18T14:36:07.884253+00:00,,254.1,8288.3,
LOG-01269,2026-06-18T14:35:59.596931+00:00,2026-06-18T14:35:59.852000+00:00,2026-06-18T14:36:07.884871+00:00,,255.1,8287.9,
LOG-01270,2026-06-18T14:35:59.597931+00:00,2026-06-18T14:35:59.854000+00:00,2026-06-18T14:36:07.885475+00:00,,256.1,8287.5,
LOG-01271,2026-06-18T14:35:59.598931+00:00,2026-06-18T14:35:59.856000+00:00,2026-06-18T14:36:07.886602+00:00,,257.1,8287.7,
LOG-01272,2026-06-18T14:35:59.599931+00:00,2026-06-18T14:35:59.858000+00:00,2026-06-18T14:36:07.887490+00:00,,258.1,8287.6,
LOG-01273,2026-06-18T14:35:59.600931+00:00,2026-06-18T14:35:59.860000+00:00,2026-06-18T14:36:07.888234+00:00,,259.1,8287.3,
LOG-01274,2026-06-18T14:35:59.601931+00:00,2026-06-18T14:35:59.862000+00:00,2026-06-18T14:36:07.889179+00:00,,260.1,8287.2,
LOG-01275,2026-06-18T14:35:59.602931+00:00,2026-06-18T14:35:59.864000+00:00,2026-06-18T14:36:07.889971+00:00,,261.1,8287.0,
LOG-01276,2026-06-18T14:35:59.603931+00:00,2026-06-18T14:35:59.866000+00:00,2026-06-18T14:36:07.890552+00:00,,262.1,8286.6,
LOG-01277,2026-06-18T14:35:59.604931+00:00,2026-06-18T14:35:59.868000+00:00,2026-06-18T14:36:07.890978+00:00,,263.1,8286.0,
LOG-01278,2026-06-18T14:35:59.605931+00:00,2026-06-18T14:35:59.870000+00:00,2026-06-18T14:36:07.891782+00:00,,264.1,8285.9,
LOG-01279,2026-06-18T14:35:59.606931+00:00,2026-06-18T14:35:59.872000+00:00,2026-06-18T14:36:07.892342+00:00,,265.1,8285.4,
LOG-01280,2026-06-18T14:35:59.607931+00:00,2026-06-18T14:35:59.874000+00:00,2026-06-18T14:36:07.892928+00:00,,266.1,8285.0,
LOG-01281,2026-06-18T14:35:59.608931+00:00,2026-06-18T14:35:59.876000+00:00,2026-06-18T14:36:07.893836+00:00,,267.1,8284.9,
LOG-01282,2026-06-18T14:35:59.609931+00:00,2026-06-18T14:35:59.878000+00:00,2026-06-18T14:36:07.894626+00:00,,268.1,8284.7,
LOG-01283,2026-06-18T14:35:59.610931+00:00,2026-06-18T14:35:59.880000+00:00,2026-06-18T14:36:07.895294+00:00,,269.1,8284.4,
LOG-01284,2026-06-18T14:35:59.611931+00:00,2026-06-18T14:35:59.882000+00:00,2026-06-18T14:36:07.895919+00:00,,270.1,8284.0,
LOG-01285,2026-06-18T14:35:59.612931+00:00,2026-06-18T14:35:59.885000+00:00,2026-06-18T14:36:07.896933+00:00,,272.1,8284.0,
LOG-01286,2026-06-18T14:35:59.613931+00:00,2026-06-18T14:35:59.886000+00:00,2026-06-18T14:36:07.897432+00:00,,272.1,8283.5,
LOG-01287,2026-06-18T14:35:59.614931+00:00,2026-06-18T14:35:59.888000+00:00,2026-06-18T14:36:07.897953+00:00,,273.1,8283.0,
LOG-01288,2026-06-18T14:35:59.615931+00:00,2026-06-18T14:35:59.890000+00:00,2026-06-18T14:36:07.898249+00:00,,274.1,8282.3,
LOG-01289,2026-06-18T14:35:59.616931+00:00,2026-06-18T14:35:59.892000+00:00,2026-06-18T14:36:07.898953+00:00,,275.1,8282.0,
LOG-01290,2026-06-18T14:35:59.617931+00:00,2026-06-18T14:35:59.894000+00:00,2026-06-18T14:36:07.899394+00:00,,276.1,8281.5,
LOG-01291,2026-06-18T14:35:59.618931+00:00,2026-06-18T14:35:59.896000+00:00,2026-06-18T14:36:07.899724+00:00,,277.1,8280.8,
LOG-01292,2026-06-18T14:35:59.619931+00:00,2026-06-18T14:35:59.898000+00:00,2026-06-18T14:36:07.900181+00:00,,278.1,8280.3,
LOG-01293,2026-06-18T14:35:59.620931+00:00,2026-06-18T14:35:59.900000+00:00,2026-06-18T14:36:07.900479+00:00,,279.1,8279.5,
LOG-01294,2026-06-18T14:35:59.621931+00:00,2026-06-18T14:35:59.903000+00:00,2026-06-18T14:36:07.901162+00:00,,281.1,8279.2,
LOG-01295,2026-06-18T14:35:59.622931+00:00,2026-06-18T14:35:59.904000+00:00,2026-06-18T14:36:07.901846+00:00,,281.1,8278.9,
LOG-01296,2026-06-18T14:35:59.623931+00:00,2026-06-18T14:35:59.906000+00:00,2026-06-18T14:36:07.902458+00:00,,282.1,8278.5,
LOG-01297,2026-06-18T14:35:59.624931+00:00,2026-06-18T14:35:59.908000+00:00,2026-06-18T14:36:07.902828+00:00,,283.1,8277.9,
LOG-01298,2026-06-18T14:35:59.625931+00:00,2026-06-18T14:35:59.910000+00:00,2026-06-18T14:36:07.903725+00:00,,284.1,8277.8,
LOG-01299,2026-06-18T14:35:59.626931+00:00,2026-06-18T14:35:59.912000+00:00,2026-06-18T14:36:07.904664+00:00,,285.1,8277.7,
LOG-01300,2026-06-18T14:35:59.627931+00:00,2026-06-18T14:35:59.914000+00:00,2026-06-18T14:36:07.905735+00:00,,286.1,8277.8,
LOG-01301,2026-06-18T14:35:59.628931+00:00,2026-06-18T14:35:59.916000+00:00,2026-06-18T14:36:07.906287+00:00,,287.1,8277.4,
LOG-01302,2026-06-18T14:35:59.629931+00:00,2026-06-18T14:35:59.918000+00:00,2026-06-18T14:36:07.906704+00:00,,288.1,8276.8,
LOG-01303,2026-06-18T14:35:59.630931+00:00,2026-06-18T14:35:59.920000+00:00,2026-06-18T14:36:07.907729+00:00,,289.1,8276.8,
LOG-01304,2026-06-18T14:35:59.631931+00:00,2026-06-18T14:35:59.922000+00:00,2026-06-18T14:36:07.908379+00:00,,290.1,8276.4,
LOG-01305,2026-06-18T14:35:59.632931+00:00,2026-06-18T14:35:59.924000+00:00,2026-06-18T14:36:07.909401+00:00,,291.1,8276.5,
LOG-01306,2026-06-18T14:35:59.633931+00:00,2026-06-18T14:35:59.926000+00:00,2026-06-18T14:36:07.909642+00:00,,292.1,8275.7,
LOG-01307,2026-06-18T14:35:59.634931+00:00,2026-06-18T14:35:59.928000+00:00,2026-06-18T14:36:07.910159+00:00,,293.1,8275.2,
LOG-01308,2026-06-18T14:35:59.635931+00:00,2026-06-18T14:35:59.930000+00:00,2026-06-18T14:36:07.911041+00:00,,294.1,8275.1,
LOG-01309,2026-06-18T14:35:59.636931+00:00,2026-06-18T14:35:59.932000+00:00,2026-06-18T14:36:07.911634+00:00,,295.1,8274.7,
LOG-01310,2026-06-18T14:35:59.637931+00:00,2026-06-18T14:35:59.934000+00:00,2026-06-18T14:36:07.912026+00:00,,296.1,8274.1,
LOG-01311,2026-06-18T14:35:59.638931+00:00,2026-06-18T14:35:59.936000+00:00,2026-06-18T14:36:07.912839+00:00,,297.1,8273.9,
LOG-01312,2026-06-18T14:35:59.639931+00:00,2026-06-18T14:35:59.938000+00:00,2026-06-18T14:36:07.913683+00:00,,298.1,8273.8,
LOG-01313,2026-06-18T14:35:59.640931+00:00,2026-06-18T14:35:59.940000+00:00,2026-06-18T14:36:07.914692+00:00,,299.1,8273.8,
LOG-01314,2026-06-18T14:35:59.641931+00:00,2026-06-18T14:35:59.943000+00:00,2026-06-18T14:36:07.915815+00:00,,301.1,8273.9,
LOG-01315,2026-06-18T14:35:59.642931+00:00,2026-06-18T14:35:59.944000+00:00,2026-06-18T14:36:07.916432+00:00,,301.1,8273.5,
LOG-01316,2026-06-18T14:35:59.643931+00:00,2026-06-18T14:35:59.946000+00:00,2026-06-18T14:36:07.916986+00:00,,302.1,8273.1,
LOG-01317,2026-06-18T14:35:59.644931+00:00,2026-06-18T14:35:59.948000+00:00,2026-06-18T14:36:07.917912+00:00,,303.1,8273.0,
LOG-01318,2026-06-18T14:35:59.645931+00:00,2026-06-18T14:35:59.950000+00:00,2026-06-18T14:36:07.918952+00:00,,304.1,8273.0,
LOG-01319,2026-06-18T14:35:59.646931+00:00,2026-06-18T14:35:59.952000+00:00,2026-06-18T14:36:07.920150+00:00,,305.1,8273.2,
LOG-01320,2026-06-18T14:35:59.647931+00:00,2026-06-18T14:35:59.954000+00:00,2026-06-18T14:36:07.920545+00:00,,306.1,8272.6,
LOG-01321,2026-06-18T14:35:59.648931+00:00,2026-06-18T14:35:59.956000+00:00,2026-06-18T14:36:07.920776+00:00,,307.1,8271.8,
LOG-01322,2026-06-18T14:35:59.649931+00:00,2026-06-18T14:35:59.958000+00:00,2026-06-18T14:36:07.921849+00:00,,308.1,8271.9,
LOG-01323,2026-06-18T14:35:59.650931+00:00,2026-06-18T14:35:59.960000+00:00,2026-06-18T14:36:07.922580+00:00,,309.1,8271.6,
LOG-01324,2026-06-18T14:35:59.651931+00:00,2026-06-18T14:35:59.962000+00:00,2026-06-18T14:36:07.923093+00:00,,310.1,8271.2,
LOG-01325,2026-06-18T14:35:59.652931+00:00,2026-06-18T14:35:59.964000+00:00,2026-06-18T14:36:07.923513+00:00,,311.1,8270.6,
LOG-01326,2026-06-18T14:35:59.653931+00:00,2026-06-18T14:35:59.966000+00:00,2026-06-18T14:36:07.924458+00:00,,312.1,8270.5,
LOG-01327,2026-06-18T14:35:59.654931+00:00,2026-06-18T14:35:59.968000+00:00,2026-06-18T14:36:07.925426+00:00,,313.1,8270.5,
LOG-01328,2026-06-18T14:35:59.655931+00:00,2026-06-18T14:35:59.970000+00:00,2026-06-18T14:36:07.926269+00:00,,314.1,8270.3,
LOG-01329,2026-06-18T14:35:59.656931+00:00,2026-06-18T14:35:59.972000+00:00,2026-06-18T14:36:07.927082+00:00,,315.1,8270.2,
LOG-01330,2026-06-18T14:35:59.657931+00:00,2026-06-18T14:35:59.975000+00:00,2026-06-18T14:36:07.927771+00:00,,317.1,8269.8,
LOG-01331,2026-06-18T14:35:59.658931+00:00,2026-06-18T14:35:59.977000+00:00,2026-06-18T14:36:07.928430+00:00,,318.1,8269.5,
LOG-01332,2026-06-18T14:35:59.659931+00:00,2026-06-18T14:35:59.979000+00:00,2026-06-18T14:36:07.928965+00:00,,319.1,8269.0,
LOG-01333,2026-06-18T14:35:59.660931+00:00,2026-06-18T14:35:59.981000+00:00,2026-06-18T14:36:07.929934+00:00,,320.1,8269.0,
LOG-01334,2026-06-18T14:35:59.661931+00:00,2026-06-18T14:35:59.983000+00:00,2026-06-18T14:36:07.931065+00:00,,321.1,8269.1,
LOG-01335,2026-06-18T14:35:59.662931+00:00,2026-06-18T14:35:59.985000+00:00,2026-06-18T14:36:07.931898+00:00,,322.1,8269.0,
LOG-01336,2026-06-18T14:35:59.663931+00:00,2026-06-18T14:35:59.987000+00:00,2026-06-18T14:36:07.932668+00:00,,323.1,8268.7,
LOG-01337,2026-06-18T14:35:59.664931+00:00,2026-06-18T14:35:59.989000+00:00,2026-06-18T14:36:07.933198+00:00,,324.1,8268.3,
LOG-01338,2026-06-18T14:35:59.665931+00:00,2026-06-18T14:35:59.991000+00:00,2026-06-18T14:36:07.933499+00:00,,325.1,8267.6,
LOG-01339,2026-06-18T14:35:59.666931+00:00,2026-06-18T14:35:59.993000+00:00,2026-06-18T14:36:07.934122+00:00,,326.1,8267.2,
LOG-01340,2026-06-18T14:35:59.667931+00:00,2026-06-18T14:35:59.995000+00:00,2026-06-18T14:36:07.934615+00:00,,327.1,8266.7,
LOG-01341,2026-06-18T14:35:59.668931+00:00,2026-06-18T14:35:59.996000+00:00,2026-06-18T14:36:07.934897+00:00,,327.1,8266.0,
LOG-01342,2026-06-18T14:35:59.669931+00:00,2026-06-18T14:35:59.998000+00:00,2026-06-18T14:36:07.935557+00:00,,328.1,8265.6,
LOG-01343,2026-06-18T14:35:59.670931+00:00,2026-06-18T14:36:00+00:00,2026-06-18T14:36:07.935849+00:00,,329.1,8264.9,
LOG-01344,2026-06-18T14:35:59.671931+00:00,2026-06-18T14:36:00.002000+00:00,2026-06-18T14:36:07.936862+00:00,,330.1,8264.9,
LOG-01345,2026-06-18T14:35:59.672931+00:00,2026-06-18T14:36:00.006000+00:00,2026-06-18T14:36:07.938605+00:00,,333.1,8265.7,
LOG-01346,2026-06-18T14:35:59.673931+00:00,2026-06-18T14:36:00.006000+00:00,2026-06-18T14:36:07.937913+00:00,,332.1,8264.0,
LOG-01347,2026-06-18T14:35:59.674931+00:00,2026-06-18T14:36:00.008000+00:00,2026-06-18T14:36:07.939054+00:00,,333.1,8264.1,
LOG-01348,2026-06-18T14:35:59.675931+00:00,2026-06-18T14:36:00.010000+00:00,2026-06-18T14:36:07.939613+00:00,,334.1,8263.7,
LOG-01349,2026-06-18T14:35:59.676931+00:00,2026-06-18T14:36:00.012000+00:00,2026-06-18T14:36:07.939765+00:00,,335.1,8262.8,
LOG-01350,2026-06-18T14:35:59.677931+00:00,2026-06-18T14:36:00.014000+00:00,2026-06-18T14:36:07.940157+00:00,,336.1,8262.2,
LOG-01351,2026-06-18T14:35:59.678931+00:00,2026-06-18T14:36:00.016000+00:00,2026-06-18T14:36:07.940621+00:00,,337.1,8261.7,
LOG-01352,2026-06-18T14:35:59.679931+00:00,2026-06-18T14:36:00.018000+00:00,2026-06-18T14:36:07.941122+00:00,,338.1,8261.2,
LOG-01353,2026-06-18T14:35:59.680931+00:00,2026-06-18T14:36:00.020000+00:00,2026-06-18T14:36:07.942198+00:00,,339.1,8261.3,
LOG-01354,2026-06-18T14:35:59.681931+00:00,2026-06-18T14:36:00.022000+00:00,2026-06-18T14:36:07.943382+00:00,,340.1,8261.5,
LOG-01355,2026-06-18T14:35:59.682931+00:00,2026-06-18T14:36:00.024000+00:00,2026-06-18T14:36:07.943975+00:00,,341.1,8261.0,
LOG-01356,2026-06-18T14:35:59.683931+00:00,2026-06-18T14:36:00.026000+00:00,2026-06-18T14:36:07.944481+00:00,,342.1,8260.6,
LOG-01357,2026-06-18T14:35:59.684931+00:00,2026-06-18T14:36:00.028000+00:00,2026-06-18T14:36:07.945499+00:00,,343.1,8260.6,
LOG-01358,2026-06-18T14:35:59.685931+00:00,2026-06-18T14:36:00.030000+00:00,2026-06-18T14:36:07.946408+00:00,,344.1,8260.5,
LOG-01359,2026-06-18T14:35:59.686931+00:00,2026-06-18T14:36:00.032000+00:00,2026-06-18T14:36:07.946935+00:00,,345.1,8260.0,
LOG-01360,2026-06-18T14:35:59.687931+00:00,2026-06-18T14:36:00.034000+00:00,2026-06-18T14:36:07.947721+00:00,,346.1,8259.8,
LOG-01361,2026-06-18T14:35:59.688931+00:00,2026-06-18T14:36:00.036000+00:00,2026-06-18T14:36:07.948203+00:00,,347.1,8259.3,
LOG-01362,2026-06-18T14:35:59.689931+00:00,2026-06-18T14:36:00.038000+00:00,2026-06-18T14:36:07.948881+00:00,,348.1,8258.9,
LOG-01363,2026-06-18T14:35:59.690931+00:00,2026-06-18T14:36:00.040000+00:00,2026-06-18T14:36:07.949448+00:00,,349.1,8258.5,
LOG-01364,2026-06-18T14:35:59.691931+00:00,2026-06-18T14:36:00.042000+00:00,2026-06-18T14:36:07.950354+00:00,,350.1,8258.4,
LOG-01365,2026-06-18T14:35:59.692931+00:00,2026-06-18T14:36:00.044000+00:00,2026-06-18T14:36:07.951239+00:00,,351.1,8258.3,
LOG-01366,2026-06-18T14:35:59.693931+00:00,2026-06-18T14:36:00.046000+00:00,2026-06-18T14:36:07.952169+00:00,,352.1,8258.2,
LOG-01367,2026-06-18T14:35:59.694931+00:00,2026-06-18T14:36:00.048000+00:00,2026-06-18T14:36:07.953206+00:00,,353.1,8258.3,
LOG-01368,2026-06-18T14:35:59.695931+00:00,2026-06-18T14:36:00.050000+00:00,2026-06-18T14:36:07.954294+00:00,,354.1,8258.4,
LOG-01369,2026-06-18T14:35:59.696931+00:00,2026-06-18T14:36:00.052000+00:00,2026-06-18T14:36:07.955538+00:00,,355.1,8258.6,
LOG-01370,2026-06-18T14:35:59.697931+00:00,2026-06-18T14:36:00.054000+00:00,2026-06-18T14:36:07.956996+00:00,,356.1,8259.1,
LOG-01371,2026-06-18T14:35:59.698931+00:00,2026-06-18T14:36:00.056000+00:00,2026-06-18T14:36:07.958190+00:00,,357.1,8259.3,
LOG-01372,2026-06-18T14:35:59.699931+00:00,2026-06-18T14:36:00.058000+00:00,2026-06-18T14:36:07.959140+00:00,,358.1,8259.2,
LOG-01373,2026-06-18T14:35:59.700931+00:00,2026-06-18T14:36:00.060000+00:00,2026-06-18T14:36:07.959757+00:00,,359.1,8258.8,
LOG-01374,2026-06-18T14:35:59.701931+00:00,2026-06-18T14:36:00.062000+00:00,2026-06-18T14:36:07.960886+00:00,,360.1,8259.0,
LOG-01375,2026-06-18T14:35:59.702931+00:00,2026-06-18T14:36:00.064000+00:00,2026-06-18T14:36:07.961406+00:00,,361.1,8258.5,
LOG-01376,2026-06-18T14:35:59.703931+00:00,2026-06-18T14:36:00.066000+00:00,2026-06-18T14:36:07.962349+00:00,,362.1,8258.4,
LOG-01377,2026-06-18T14:35:59.704931+00:00,2026-06-18T14:36:00.068000+00:00,2026-06-18T14:36:07.962541+00:00,,363.1,8257.6,
LOG-01378,2026-06-18T14:35:59.705931+00:00,2026-06-18T14:36:00.070000+00:00,2026-06-18T14:36:07.963570+00:00,,364.1,8257.6,
LOG-01379,2026-06-18T14:35:59.706931+00:00,2026-06-18T14:36:00.072000+00:00,2026-06-18T14:36:07.964276+00:00,,365.1,8257.3,
LOG-01380,2026-06-18T14:35:59.707931+00:00,2026-06-18T14:36:00.074000+00:00,2026-06-18T14:36:07.964699+00:00,,366.1,8256.8,
LOG-01381,2026-06-18T14:35:59.708931+00:00,2026-06-18T14:36:00.076000+00:00,2026-06-18T14:36:07.965675+00:00,,367.1,8256.7,
LOG-01382,2026-06-18T14:35:59.709931+00:00,2026-06-18T14:36:00.078000+00:00,2026-06-18T14:36:07.966660+00:00,,368.1,8256.7,
LOG-01383,2026-06-18T14:35:59.710931+00:00,2026-06-18T14:36:00.080000+00:00,2026-06-18T14:36:07.967104+00:00,,369.1,8256.2,
LOG-01384,2026-06-18T14:35:59.711931+00:00,2026-06-18T14:36:00.082000+00:00,2026-06-18T14:36:07.967757+00:00,,370.1,8255.8,
LOG-01385,2026-06-18T14:35:59.712931+00:00,2026-06-18T14:36:00.084000+00:00,2026-06-18T14:36:07.968726+00:00,,371.1,8255.8,
LOG-01386,2026-06-18T14:35:59.713931+00:00,2026-06-18T14:36:00.086000+00:00,2026-06-18T14:36:07.969166+00:00,,372.1,8255.2,
LOG-01387,2026-06-18T14:35:59.714931+00:00,2026-06-18T14:36:00.088000+00:00,2026-06-18T14:36:07.969732+00:00,,373.1,8254.8,
LOG-01388,2026-06-18T14:35:59.715931+00:00,2026-06-18T14:36:00.090000+00:00,2026-06-18T14:36:07.970287+00:00,,374.1,8254.4,
LOG-01389,2026-06-18T14:35:59.716931+00:00,2026-06-18T14:36:00.092000+00:00,2026-06-18T14:36:07.971437+00:00,,375.1,8254.5,
LOG-01390,2026-06-18T14:35:59.717931+00:00,2026-06-18T14:36:00.094000+00:00,2026-06-18T14:36:07.972470+00:00,,376.1,8254.5,
LOG-01391,2026-06-18T14:35:59.718931+00:00,2026-06-18T14:36:00.096000+00:00,2026-06-18T14:36:07.973548+00:00,,377.1,8254.6,
LOG-01392,2026-06-18T14:35:59.719931+00:00,2026-06-18T14:36:00.098000+00:00,2026-06-18T14:36:07.974474+00:00,,378.1,8254.5,
LOG-01393,2026-06-18T14:35:59.720931+00:00,2026-06-18T14:36:00.100000+00:00,2026-06-18T14:36:07.975439+00:00,,379.1,8254.5,
LOG-01394,2026-06-18T14:35:59.721931+00:00,2026-06-18T14:36:00.103000+00:00,2026-06-18T14:36:07.976218+00:00,,381.1,8254.3,
LOG-01395,2026-06-18T14:35:59.722931+00:00,2026-06-18T14:36:00.104000+00:00,2026-06-18T14:36:07.976838+00:00,,381.1,8253.9,
LOG-01396,2026-06-18T14:35:59.723931+00:00,2026-06-18T14:36:00.106000+00:00,2026-06-18T14:36:07.977792+00:00,,382.1,8253.9,
LOG-01397,2026-06-18T14:35:59.724931+00:00,2026-06-18T14:36:00.108000+00:00,2026-06-18T14:36:07.978176+00:00,,383.1,8253.2,
LOG-01398,2026-06-18T14:35:59.725931+00:00,2026-06-18T14:36:00.110000+00:00,2026-06-18T14:36:07.979219+00:00,,384.1,8253.3,
LOG-01399,2026-06-18T14:35:59.726931+00:00,2026-06-18T14:36:00.113000+00:00,2026-06-18T14:36:07.980127+00:00,,386.1,8253.2,
LOG-01400,2026-06-18T14:35:59.727931+00:00,2026-06-18T14:36:00.114000+00:00,2026-06-18T14:36:07.980876+00:00,,386.1,8252.9,
LOG-01401,2026-06-18T14:35:59.728931+00:00,2026-06-18T14:36:00.116000+00:00,2026-06-18T14:36:07.981567+00:00,,387.1,8252.6,
LOG-01402,2026-06-18T14:35:59.729931+00:00,2026-06-18T14:36:00.118000+00:00,2026-06-18T14:36:07.982283+00:00,,388.1,8252.4,
LOG-01403,2026-06-18T14:35:59.730931+00:00,2026-06-18T14:36:00.120000+00:00,2026-06-18T14:36:07.983144+00:00,,389.1,8252.2,
LOG-01404,2026-06-18T14:35:59.731931+00:00,2026-06-18T14:36:00.122000+00:00,2026-06-18T14:36:07.983856+00:00,,390.1,8251.9,
LOG-01405,2026-06-18T14:35:59.732931+00:00,2026-06-18T14:36:00.124000+00:00,2026-06-18T14:36:07.984517+00:00,,391.1,8251.6,
LOG-01406,2026-06-18T14:35:59.733931+00:00,2026-06-18T14:36:00.126000+00:00,2026-06-18T14:36:07.985209+00:00,,392.1,8251.3,
LOG-01407,2026-06-18T14:35:59.734931+00:00,2026-06-18T14:36:00.128000+00:00,2026-06-18T14:36:07.985862+00:00,,393.1,8250.9,
LOG-01408,2026-06-18T14:35:59.735931+00:00,2026-06-18T14:36:00.130000+00:00,2026-06-18T14:36:07.986715+00:00,,394.1,8250.8,
LOG-01409,2026-06-18T14:35:59.736931+00:00,2026-06-18T14:36:00.132000+00:00,2026-06-18T14:36:07.988610+00:00,,395.1,8251.7,
LOG-01410,2026-06-18T14:35:59.737931+00:00,2026-06-18T14:36:00.134000+00:00,2026-06-18T14:36:07.989665+00:00,,396.1,8251.7,
LOG-01411,2026-06-18T14:35:59.738931+00:00,2026-06-18T14:36:00.136000+00:00,2026-06-18T14:36:07.990496+00:00,,397.1,8251.6,
LOG-01412,2026-06-18T14:35:59.739931+00:00,2026-06-18T14:36:00.138000+00:00,2026-06-18T14:36:07.991328+00:00,,398.1,8251.4,
LOG-01413,2026-06-18T14:35:59.740931+00:00,2026-06-18T14:36:00.140000+00:00,2026-06-18T14:36:07.992178+00:00,,399.1,8251.2,
LOG-01414,2026-06-18T14:35:59.741931+00:00,2026-06-18T14:36:00.142000+00:00,2026-06-18T14:36:07.993538+00:00,,400.1,8251.6,
LOG-01415,2026-06-18T14:35:59.742931+00:00,2026-06-18T14:36:00.144000+00:00,2026-06-18T14:36:07.994585+00:00,,401.1,8251.7,
LOG-01416,2026-06-18T14:35:59.743931+00:00,2026-06-18T14:36:00.146000+00:00,2026-06-18T14:36:07.995490+00:00,,402.1,8251.6,
LOG-01417,2026-06-18T14:35:59.744931+00:00,2026-06-18T14:36:00.148000+00:00,2026-06-18T14:36:07.996411+00:00,,403.1,8251.5,
LOG-01418,2026-06-18T14:35:59.745931+00:00,2026-06-18T14:36:00.150000+00:00,2026-06-18T14:36:07.997333+00:00,,404.1,8251.4,
LOG-01419,2026-06-18T14:35:59.746931+00:00,2026-06-18T14:36:00.152000+00:00,2026-06-18T14:36:07.997848+00:00,,405.1,8250.9,
LOG-01420,2026-06-18T14:35:59.747931+00:00,2026-06-18T14:36:00.154000+00:00,2026-06-18T14:36:07.998574+00:00,,406.1,8250.6,
LOG-01421,2026-06-18T14:35:59.748931+00:00,2026-06-18T14:36:00.156000+00:00,2026-06-18T14:36:07.998915+00:00,,407.1,8250.0,
LOG-01422,2026-06-18T14:35:59.749931+00:00,2026-06-18T14:36:00.158000+00:00,2026-06-18T14:36:07.999113+00:00,,408.1,8249.2,
LOG-01423,2026-06-18T14:35:59.750931+00:00,2026-06-18T14:36:00.160000+00:00,2026-06-18T14:36:07.999761+00:00,,409.1,8248.8,
LOG-01424,2026-06-18T14:35:59.751931+00:00,2026-06-18T14:36:00.162000+00:00,2026-06-18T14:36:07.999898+00:00,,410.1,8248.0,
LOG-01425,2026-06-18T14:35:59.752931+00:00,2026-06-18T14:36:00.164000+00:00,2026-06-18T14:36:08.000580+00:00,,411.1,8247.6,
LOG-01426,2026-06-18T14:35:59.753931+00:00,2026-06-18T14:36:00.166000+00:00,2026-06-18T14:36:08.001401+00:00,,412.1,8247.5,
LOG-01427,2026-06-18T14:35:59.754931+00:00,2026-06-18T14:36:00.168000+00:00,2026-06-18T14:36:08.002086+00:00,,413.1,8247.2,
LOG-01428,2026-06-18T14:35:59.755931+00:00,2026-06-18T14:36:00.170000+00:00,2026-06-18T14:36:08.003024+00:00,,414.1,8247.1,
LOG-01429,2026-06-18T14:35:59.756931+00:00,2026-06-18T14:36:00.172000+00:00,2026-06-18T14:36:08.003815+00:00,,415.1,8246.9,
LOG-01430,2026-06-18T14:35:59.757931+00:00,2026-06-18T14:36:00.174000+00:00,2026-06-18T14:36:08.004634+00:00,,416.1,8246.7,
LOG-01431,2026-06-18T14:35:59.758931+00:00,2026-06-18T14:36:00.176000+00:00,2026-06-18T14:36:08.005699+00:00,,417.1,8246.8,
LOG-01432,2026-06-18T14:35:59.759931+00:00,2026-06-18T14:36:00.178000+00:00,2026-06-18T14:36:08.006041+00:00,,418.1,8246.1,
LOG-01433,2026-06-18T14:35:59.760931+00:00,2026-06-18T14:36:00.180000+00:00,2026-06-18T14:36:08.006991+00:00,,419.1,8246.1,
LOG-01434,2026-06-18T14:35:59.761931+00:00,2026-06-18T14:36:00.182000+00:00,2026-06-18T14:36:08.007760+00:00,,420.1,8245.8,
LOG-01435,2026-06-18T14:35:59.762931+00:00,2026-06-18T14:36:00.184000+00:00,2026-06-18T14:36:08.008740+00:00,,421.1,8245.8,
LOG-01436,2026-06-18T14:35:59.763931+00:00,2026-06-18T14:36:00.186000+00:00,2026-06-18T14:36:08.009678+00:00,,422.1,8245.7,
LOG-01437,2026-06-18T14:35:59.764931+00:00,2026-06-18T14:36:00.188000+00:00,2026-06-18T14:36:08.010617+00:00,,423.1,8245.7,
LOG-01438,2026-06-18T14:35:59.765931+00:00,2026-06-18T14:36:00.190000+00:00,2026-06-18T14:36:08.011243+00:00,,424.1,8245.3,
LOG-01439,2026-06-18T14:35:59.766931+00:00,2026-06-18T14:36:00.192000+00:00,2026-06-18T14:36:08.011646+00:00,,425.1,8244.7,
LOG-01440,2026-06-18T14:35:59.767931+00:00,2026-06-18T14:36:00.194000+00:00,2026-06-18T14:36:08.012686+00:00,,426.1,8244.8,
LOG-01441,2026-06-18T14:35:59.768931+00:00,2026-06-18T14:36:00.196000+00:00,2026-06-18T14:36:08.013456+00:00,,427.1,8244.5,
LOG-01442,2026-06-18T14:35:59.769931+00:00,2026-06-18T14:36:00.198000+00:00,2026-06-18T14:36:08.014411+00:00,,428.1,8244.5,
LOG-01443,2026-06-18T14:35:59.770931+00:00,2026-06-18T14:36:00.200000+00:00,2026-06-18T14:36:08.014779+00:00,,429.1,8243.8,
LOG-01444,2026-06-18T14:35:59.771931+00:00,2026-06-18T14:36:00.202000+00:00,2026-06-18T14:36:08.015243+00:00,,430.1,8243.3,
LOG-01445,2026-06-18T14:35:59.772931+00:00,2026-06-18T14:36:00.204000+00:00,2026-06-18T14:36:08.015613+00:00,,431.1,8242.7,
LOG-01446,2026-06-18T14:35:59.773931+00:00,2026-06-18T14:36:00.206000+00:00,2026-06-18T14:36:08.016158+00:00,,432.1,8242.2,
LOG-01447,2026-06-18T14:35:59.774931+00:00,2026-06-18T14:36:00.208000+00:00,2026-06-18T14:36:08.016524+00:00,,433.1,8241.6,
LOG-01448,2026-06-18T14:35:59.775931+00:00,2026-06-18T14:36:00.210000+00:00,2026-06-18T14:36:08.017154+00:00,,434.1,8241.2,
LOG-01449,2026-06-18T14:35:59.776931+00:00,2026-06-18T14:36:00.212000+00:00,2026-06-18T14:36:08.017507+00:00,,435.1,8240.6,
LOG-01450,2026-06-18T14:35:59.777931+00:00,2026-06-18T14:36:00.214000+00:00,2026-06-18T14:36:08.018001+00:00,,436.1,8240.1,
LOG-01451,2026-06-18T14:35:59.778931+00:00,2026-06-18T14:36:00.216000+00:00,2026-06-18T14:36:08.018411+00:00,,437.1,8239.5,
LOG-01452,2026-06-18T14:35:59.779931+00:00,2026-06-18T14:36:00.218000+00:00,2026-06-18T14:36:08.019165+00:00,,438.1,8239.2,
LOG-01453,2026-06-18T14:35:59.780931+00:00,2026-06-18T14:36:00.220000+00:00,2026-06-18T14:36:08.020035+00:00,,439.1,8239.1,
LOG-01454,2026-06-18T14:35:59.781931+00:00,2026-06-18T14:36:00.222000+00:00,2026-06-18T14:36:08.021200+00:00,,440.1,8239.3,
LOG-01455,2026-06-18T14:35:59.782931+00:00,2026-06-18T14:36:00.224000+00:00,2026-06-18T14:36:08.022134+00:00,,441.1,8239.2,
LOG-01456,2026-06-18T14:35:59.783931+00:00,2026-06-18T14:36:00.226000+00:00,2026-06-18T14:36:08.022950+00:00,,442.1,8239.0,
LOG-01457,2026-06-18T14:35:59.784931+00:00,2026-06-18T14:36:00.228000+00:00,2026-06-18T14:36:08.023471+00:00,,443.1,8238.5,
LOG-01458,2026-06-18T14:35:59.785931+00:00,2026-06-18T14:36:00.230000+00:00,2026-06-18T14:36:08.023787+00:00,,444.1,8237.9,
LOG-01459,2026-06-18T14:35:59.786931+00:00,2026-06-18T14:36:00.232000+00:00,2026-06-18T14:36:08.024276+00:00,,445.1,8237.3,
LOG-01460,2026-06-18T14:35:59.787931+00:00,2026-06-18T14:36:00.234000+00:00,2026-06-18T14:36:08.024565+00:00,,446.1,8236.6,
LOG-01461,2026-06-18T14:35:59.788931+00:00,2026-06-18T14:36:00.236000+00:00,2026-06-18T14:36:08.025334+00:00,,447.1,8236.4,
LOG-01462,2026-06-18T14:35:59.789931+00:00,2026-06-18T14:36:00.238000+00:00,2026-06-18T14:36:08.026137+00:00,,448.1,8236.2,
LOG-01463,2026-06-18T14:35:59.790931+00:00,2026-06-18T14:36:00.240000+00:00,2026-06-18T14:36:08.026841+00:00,,449.1,8235.9,
LOG-01464,2026-06-18T14:35:59.791931+00:00,2026-06-18T14:36:00.242000+00:00,2026-06-18T14:36:08.027321+00:00,,450.1,8235.4,
LOG-01465,2026-06-18T14:35:59.792931+00:00,2026-06-18T14:36:00.244000+00:00,2026-06-18T14:36:08.027873+00:00,,451.1,8234.9,
LOG-01466,2026-06-18T14:35:59.793931+00:00,2026-06-18T14:36:00.246000+00:00,2026-06-18T14:36:08.028309+00:00,,452.1,8234.4,
LOG-01467,2026-06-18T14:35:59.794931+00:00,2026-06-18T14:36:00.249000+00:00,2026-06-18T14:36:08.029421+00:00,,454.1,8234.5,
LOG-01468,2026-06-18T14:35:59.795931+00:00,2026-06-18T14:36:00.250000+00:00,2026-06-18T14:36:08.030232+00:00,,454.1,8234.3,
LOG-01469,2026-06-18T14:35:59.796931+00:00,2026-06-18T14:36:00.252000+00:00,2026-06-18T14:36:08.030757+00:00,,455.1,8233.8,
LOG-01470,2026-06-18T14:35:59.797931+00:00,2026-06-18T14:36:00.254000+00:00,2026-06-18T14:36:08.031154+00:00,,456.1,8233.2,
LOG-01471,2026-06-18T14:35:59.798931+00:00,2026-06-18T14:36:00.256000+00:00,2026-06-18T14:36:08.031816+00:00,,457.1,8232.9,
LOG-01472,2026-06-18T14:35:59.799931+00:00,2026-06-18T14:36:00.258000+00:00,2026-06-18T14:36:08.032681+00:00,,458.1,8232.7,
LOG-01473,2026-06-18T14:35:59.800931+00:00,2026-06-18T14:36:00.260000+00:00,2026-06-18T14:36:08.033168+00:00,,459.1,8232.2,
LOG-01474,2026-06-18T14:35:59.801931+00:00,2026-06-18T14:36:00.262000+00:00,2026-06-18T14:36:08.033458+00:00,,460.1,8231.5,
LOG-01475,2026-06-18T14:35:59.802931+00:00,2026-06-18T14:36:00.264000+00:00,2026-06-18T14:36:08.034086+00:00,,461.1,8231.2,
LOG-01476,2026-06-18T14:35:59.803931+00:00,2026-06-18T14:36:00.266000+00:00,2026-06-18T14:36:08.034637+00:00,,462.1,8230.7,
LOG-01477,2026-06-18T14:35:59.804931+00:00,2026-06-18T14:36:00.268000+00:00,2026-06-18T14:36:08.035106+00:00,,463.1,8230.2,
LOG-01478,2026-06-18T14:35:59.805931+00:00,2026-06-18T14:36:00.270000+00:00,2026-06-18T14:36:08.035444+00:00,,464.1,8229.5,
LOG-01479,2026-06-18T14:35:59.806931+00:00,2026-06-18T14:36:00.273000+00:00,2026-06-18T14:36:08.036200+00:00,,466.1,8229.3,
LOG-01480,2026-06-18T14:35:59.807931+00:00,2026-06-18T14:36:00.274000+00:00,2026-06-18T14:36:08.036673+00:00,,466.1,8228.7,
LOG-01481,2026-06-18T14:35:59.808931+00:00,2026-06-18T14:36:00.276000+00:00,2026-06-18T14:36:08.037084+00:00,,467.1,8228.2,
LOG-01482,2026-06-18T14:35:59.809931+00:00,2026-06-18T14:36:00.278000+00:00,2026-06-18T14:36:08.037727+00:00,,468.1,8227.8,
LOG-01483,2026-06-18T14:35:59.810931+00:00,2026-06-18T14:36:00.280000+00:00,2026-06-18T14:36:08.037937+00:00,,469.1,8227.0,
LOG-01484,2026-06-18T14:35:59.811931+00:00,2026-06-18T14:36:00.282000+00:00,2026-06-18T14:36:08.039427+00:00,,470.1,8227.5,
LOG-01485,2026-06-18T14:35:59.812931+00:00,2026-06-18T14:36:00.284000+00:00,2026-06-18T14:36:08.040000+00:00,,471.1,8227.1,
LOG-01486,2026-06-18T14:35:59.813931+00:00,2026-06-18T14:36:00.286000+00:00,2026-06-18T14:36:08.040392+00:00,,472.1,8226.5,
LOG-01487,2026-06-18T14:35:59.814931+00:00,2026-06-18T14:36:00.288000+00:00,2026-06-18T14:36:08.040822+00:00,,473.1,8225.9,
LOG-01488,2026-06-18T14:35:59.815931+00:00,2026-06-18T14:36:00.290000+00:00,2026-06-18T14:36:08.041178+00:00,,474.1,8225.2,
LOG-01489,2026-06-18T14:35:59.816931+00:00,2026-06-18T14:36:00.292000+00:00,2026-06-18T14:36:08.042016+00:00,,475.1,8225.1,
LOG-01490,2026-06-18T14:35:59.817931+00:00,2026-06-18T14:36:00.294000+00:00,2026-06-18T14:36:08.042627+00:00,,476.1,8224.7,
LOG-01491,2026-06-18T14:35:59.818931+00:00,2026-06-18T14:36:00.296000+00:00,2026-06-18T14:36:08.043120+00:00,,477.1,8224.2,
LOG-01492,2026-06-18T14:35:59.819931+00:00,2026-06-18T14:36:00.298000+00:00,2026-06-18T14:36:08.043954+00:00,,478.1,8224.0,
LOG-01493,2026-06-18T14:35:59.820931+00:00,2026-06-18T14:36:00.300000+00:00,2026-06-18T14:36:08.044533+00:00,,479.1,8223.6,
LOG-01494,2026-06-18T14:35:59.821931+00:00,2026-06-18T14:36:00.302000+00:00,2026-06-18T14:36:08.044910+00:00,,480.1,8223.0,
LOG-01495,2026-06-18T14:35:59.822931+00:00,2026-06-18T14:36:00.304000+00:00,2026-06-18T14:36:08.045408+00:00,,481.1,8222.5,
LOG-01496,2026-06-18T14:35:59.823931+00:00,2026-06-18T14:36:00.306000+00:00,2026-06-18T14:36:08.045801+00:00,,482.1,8221.9,
LOG-01497,2026-06-18T14:35:59.824931+00:00,2026-06-18T14:36:00.308000+00:00,2026-06-18T14:36:08.046750+00:00,,483.1,8221.8,
LOG-01498,2026-06-18T14:35:59.825931+00:00,2026-06-18T14:36:00.310000+00:00,2026-06-18T14:36:08.047694+00:00,,484.1,8221.8,
LOG-01499,2026-06-18T14:35:59.826931+00:00,2026-06-18T14:36:00.312000+00:00,2026-06-18T14:36:08.048254+00:00,,485.1,8221.3,
LOG-01500,2026-06-18T14:35:59.827931+00:00,2026-06-18T14:36:00.314000+00:00,2026-06-18T14:36:08.048638+00:00,,486.1,8220.7,
LOG-01501,2026-06-18T14:35:59.828931+00:00,2026-06-18T14:36:00.317000+00:00,2026-06-18T14:36:08.049371+00:00,,488.1,8220.4,
LOG-01502,2026-06-18T14:35:59.829931+00:00,2026-06-18T14:36:00.318000+00:00,2026-06-18T14:36:08.049973+00:00,,488.1,8220.0,
LOG-01503,2026-06-18T14:35:59.830931+00:00,2026-06-18T14:36:00.320000+00:00,2026-06-18T14:36:08.050647+00:00,,489.1,8219.7,
LOG-01504,2026-06-18T14:35:59.831931+00:00,2026-06-18T14:36:00.322000+00:00,2026-06-18T14:36:08.051330+00:00,,490.1,8219.4,
LOG-01505,2026-06-18T14:35:59.832931+00:00,2026-06-18T14:36:00.324000+00:00,2026-06-18T14:36:08.052062+00:00,,491.1,8219.1,
LOG-01506,2026-06-18T14:35:59.833931+00:00,2026-06-18T14:36:00.326000+00:00,2026-06-18T14:36:08.053051+00:00,,492.1,8219.1,
LOG-01507,2026-06-18T14:35:59.834931+00:00,2026-06-18T14:36:00.328000+00:00,2026-06-18T14:36:08.053503+00:00,,493.1,8218.6,
LOG-01508,2026-06-18T14:35:59.835931+00:00,2026-06-18T14:36:00.330000+00:00,2026-06-18T14:36:08.054437+00:00,,494.1,8218.5,
LOG-01509,2026-06-18T14:35:59.836931+00:00,2026-06-18T14:36:00.332000+00:00,2026-06-18T14:36:08.055133+00:00,,495.1,8218.2,
LOG-01510,2026-06-18T14:35:59.837931+00:00,2026-06-18T14:36:00.334000+00:00,2026-06-18T14:36:08.055551+00:00,,496.1,8217.6,
LOG-01511,2026-06-18T14:35:59.838931+00:00,2026-06-18T14:36:00.336000+00:00,2026-06-18T14:36:08.056441+00:00,,497.1,8217.5,
LOG-01512,2026-06-18T14:35:59.839931+00:00,2026-06-18T14:36:00.338000+00:00,2026-06-18T14:36:08.057237+00:00,,498.1,8217.3,
LOG-01513,2026-06-18T14:35:59.840931+00:00,2026-06-18T14:36:00.340000+00:00,2026-06-18T14:36:08.057898+00:00,,499.1,8217.0,
LOG-01514,2026-06-18T14:35:59.841931+00:00,2026-06-18T14:36:00.342000+00:00,2026-06-18T14:36:08.058374+00:00,,500.1,8216.4,
LOG-01515,2026-06-18T14:35:59.842931+00:00,2026-06-18T14:36:00.344000+00:00,2026-06-18T14:36:08.059251+00:00,,501.1,8216.3,
LOG-01516,2026-06-18T14:35:59.843931+00:00,2026-06-18T14:36:00.346000+00:00,2026-06-18T14:36:08.059771+00:00,,502.1,8215.8,
LOG-01517,2026-06-18T14:35:59.844931+00:00,2026-06-18T14:36:00.348000+00:00,2026-06-18T14:36:08.060516+00:00,,503.1,8215.6,
LOG-01518,2026-06-18T14:35:59.845931+00:00,2026-06-18T14:36:00.350000+00:00,2026-06-18T14:36:08.060866+00:00,2026-06-18T14:36:22.822969+00:00,504.1,8214.9,22977.0
LOG-01519,2026-06-18T14:35:59.846931+00:00,2026-06-18T14:36:00.352000+00:00,2026-06-18T14:36:08.061330+00:00,,505.1,8214.4,
LOG-01520,2026-06-18T14:35:59.847931+00:00,2026-06-18T14:36:00.354000+00:00,2026-06-18T14:36:08.061623+00:00,,506.1,8213.7,
LOG-01521,2026-06-18T14:35:59.848931+00:00,2026-06-18T14:36:00.356000+00:00,2026-06-18T14:36:08.062411+00:00,,507.1,8213.5,
LOG-01522,2026-06-18T14:35:59.849931+00:00,2026-06-18T14:36:00.358000+00:00,2026-06-18T14:36:08.063119+00:00,,508.1,8213.2,
LOG-01523,2026-06-18T14:35:59.850931+00:00,2026-06-18T14:36:00.360000+00:00,2026-06-18T14:36:08.063614+00:00,,509.1,8212.7,
LOG-01524,2026-06-18T14:35:59.851931+00:00,2026-06-18T14:36:00.362000+00:00,2026-06-18T14:36:08.064489+00:00,,510.1,8212.6,
LOG-01525,2026-06-18T14:35:59.852931+00:00,2026-06-18T14:36:00.364000+00:00,2026-06-18T14:36:08.065419+00:00,,511.1,8212.5,
LOG-01526,2026-06-18T14:35:59.853931+00:00,2026-06-18T14:36:00.366000+00:00,2026-06-18T14:36:08.066370+00:00,,512.1,8212.4,
LOG-01527,2026-06-18T14:35:59.854931+00:00,2026-06-18T14:36:00.368000+00:00,2026-06-18T14:36:08.066945+00:00,,513.1,8212.0,
LOG-01528,2026-06-18T14:35:59.855931+00:00,2026-06-18T14:36:00.370000+00:00,2026-06-18T14:36:08.067350+00:00,,514.1,8211.4,
LOG-01529,2026-06-18T14:35:59.856931+00:00,2026-06-18T14:36:00.372000+00:00,2026-06-18T14:36:08.067857+00:00,,515.1,8210.9,
LOG-01530,2026-06-18T14:35:59.857931+00:00,2026-06-18T14:36:00.374000+00:00,2026-06-18T14:36:08.169214+00:00,,516.1,8311.3,
LOG-01531,2026-06-18T14:35:59.858931+00:00,2026-06-18T14:36:00.376000+00:00,2026-06-18T14:36:08.175032+00:00,,517.1,8316.1,
LOG-01532,2026-06-18T14:35:59.859931+00:00,2026-06-18T14:36:00.378000+00:00,2026-06-18T14:36:08.175648+00:00,,518.1,8315.7,
LOG-01533,2026-06-18T14:35:59.860931+00:00,2026-06-18T14:36:00.380000+00:00,2026-06-18T14:36:08.176196+00:00,,519.1,8315.3,
LOG-01534,2026-06-18T14:35:59.861931+00:00,2026-06-18T14:36:00.382000+00:00,2026-06-18T14:36:08.177146+00:00,,520.1,8315.2,
LOG-01535,2026-06-18T14:35:59.862931+00:00,2026-06-18T14:36:00.384000+00:00,2026-06-18T14:36:08.177914+00:00,,521.1,8315.0,
LOG-01536,2026-06-18T14:35:59.863931+00:00,2026-06-18T14:36:00.386000+00:00,2026-06-18T14:36:08.178432+00:00,,522.1,8314.5,
LOG-01537,2026-06-18T14:35:59.864931+00:00,2026-06-18T14:36:00.388000+00:00,2026-06-18T14:36:08.178808+00:00,,523.1,8313.9,
LOG-01538,2026-06-18T14:35:59.865931+00:00,2026-06-18T14:36:00.390000+00:00,2026-06-18T14:36:08.179458+00:00,,524.1,8313.5,
LOG-01539,2026-06-18T14:35:59.866931+00:00,2026-06-18T14:36:00.392000+00:00,2026-06-18T14:36:08.180427+00:00,,525.1,8313.5,
LOG-01540,2026-06-18T14:35:59.867931+00:00,2026-06-18T14:36:00.394000+00:00,2026-06-18T14:36:08.180914+00:00,,526.1,8313.0,
LOG-01541,2026-06-18T14:35:59.868931+00:00,2026-06-18T14:36:00.396000+00:00,2026-06-18T14:36:08.181716+00:00,,527.1,8312.8,
LOG-01542,2026-06-18T14:35:59.869931+00:00,2026-06-18T14:36:00.398000+00:00,2026-06-18T14:36:08.182519+00:00,,528.1,8312.6,
LOG-01543,2026-06-18T14:35:59.870931+00:00,2026-06-18T14:36:00.400000+00:00,2026-06-18T14:36:08.183096+00:00,,529.1,8312.2,
LOG-01544,2026-06-18T14:35:59.871931+00:00,2026-06-18T14:36:00.402000+00:00,2026-06-18T14:36:08.183449+00:00,,530.1,8311.5,
LOG-01545,2026-06-18T14:35:59.872931+00:00,2026-06-18T14:36:00.404000+00:00,2026-06-18T14:36:08.184267+00:00,,531.1,8311.3,
LOG-01546,2026-06-18T14:35:59.873931+00:00,2026-06-18T14:36:00.406000+00:00,2026-06-18T14:36:08.184951+00:00,,532.1,8311.0,
LOG-01547,2026-06-18T14:35:59.874931+00:00,2026-06-18T14:36:00.408000+00:00,2026-06-18T14:36:08.185555+00:00,,533.1,8310.6,
LOG-01548,2026-06-18T14:35:59.875931+00:00,2026-06-18T14:36:00.410000+00:00,2026-06-18T14:36:08.186245+00:00,,534.1,8310.3,
LOG-01549,2026-06-18T14:35:59.876931+00:00,2026-06-18T14:36:00.412000+00:00,2026-06-18T14:36:08.186869+00:00,,535.1,8309.9,
LOG-01550,2026-06-18T14:35:59.877931+00:00,2026-06-18T14:36:00.414000+00:00,2026-06-18T14:36:08.188060+00:00,,536.1,8310.1,
LOG-01551,2026-06-18T14:35:59.878931+00:00,2026-06-18T14:36:00.416000+00:00,2026-06-18T14:36:08.188853+00:00,,537.1,8309.9,
LOG-01552,2026-06-18T14:35:59.879931+00:00,2026-06-18T14:36:00.418000+00:00,2026-06-18T14:36:08.189420+00:00,,538.1,8309.5,
LOG-01553,2026-06-18T14:35:59.880931+00:00,2026-06-18T14:36:00.420000+00:00,2026-06-18T14:36:08.189706+00:00,,539.1,8308.8,
LOG-01554,2026-06-18T14:35:59.881931+00:00,2026-06-18T14:36:00.422000+00:00,2026-06-18T14:36:08.190370+00:00,,540.1,8308.4,
LOG-01555,2026-06-18T14:35:59.882931+00:00,2026-06-18T14:36:00.424000+00:00,2026-06-18T14:36:08.190984+00:00,,541.1,8308.1,
LOG-01556,2026-06-18T14:35:59.883931+00:00,2026-06-18T14:36:00.426000+00:00,2026-06-18T14:36:08.191699+00:00,,542.1,8307.8,
LOG-01557,2026-06-18T14:35:59.884931+00:00,2026-06-18T14:36:00.428000+00:00,2026-06-18T14:36:08.192285+00:00,,543.1,8307.4,
LOG-01558,2026-06-18T14:35:59.885931+00:00,2026-06-18T14:36:00.430000+00:00,2026-06-18T14:36:08.192813+00:00,,544.1,8306.9,
LOG-01559,2026-06-18T14:35:59.886931+00:00,2026-06-18T14:36:00.432000+00:00,2026-06-18T14:36:08.193350+00:00,,545.1,8306.4,
LOG-01560,2026-06-18T14:35:59.887931+00:00,2026-06-18T14:36:00.434000+00:00,2026-06-18T14:36:08.193701+00:00,,546.1,8305.8,
LOG-01561,2026-06-18T14:35:59.888931+00:00,2026-06-18T14:36:00.436000+00:00,2026-06-18T14:36:08.194509+00:00,,547.1,8305.6,
LOG-01562,2026-06-18T14:35:59.889931+00:00,2026-06-18T14:36:00.438000+00:00,2026-06-18T14:36:08.195386+00:00,,548.1,8305.5,
LOG-01563,2026-06-18T14:35:59.890931+00:00,2026-06-18T14:36:00.440000+00:00,2026-06-18T14:36:08.196288+00:00,,549.1,8305.4,
LOG-01564,2026-06-18T14:35:59.891931+00:00,2026-06-18T14:36:00.442000+00:00,2026-06-18T14:36:08.197318+00:00,,550.1,8305.4,
LOG-01565,2026-06-18T14:35:59.892931+00:00,2026-06-18T14:36:00.444000+00:00,2026-06-18T14:36:08.197922+00:00,,551.1,8305.0,
LOG-01566,2026-06-18T14:35:59.893931+00:00,2026-06-18T14:36:00.446000+00:00,2026-06-18T14:36:08.198373+00:00,,552.1,8304.4,
LOG-01567,2026-06-18T14:35:59.894931+00:00,2026-06-18T14:36:00.448000+00:00,2026-06-18T14:36:08.199250+00:00,,553.1,8304.3,
LOG-01568,2026-06-18T14:35:59.895931+00:00,2026-06-18T14:36:00.450000+00:00,2026-06-18T14:36:08.199788+00:00,,554.1,8303.9,
LOG-01569,2026-06-18T14:35:59.896931+00:00,2026-06-18T14:36:00.452000+00:00,2026-06-18T14:36:08.200098+00:00,,555.1,8303.2,
LOG-01570,2026-06-18T14:35:59.897931+00:00,2026-06-18T14:36:00.454000+00:00,2026-06-18T14:36:08.200556+00:00,,556.1,8302.6,
LOG-01571,2026-06-18T14:35:59.898931+00:00,2026-06-18T14:36:00.457000+00:00,2026-06-18T14:36:08.200824+00:00,,558.1,8301.9,
LOG-01572,2026-06-18T14:35:59.899931+00:00,2026-06-18T14:36:00.458000+00:00,2026-06-18T14:36:08.201250+00:00,,558.1,8301.3,
LOG-01573,2026-06-18T14:35:59.900931+00:00,2026-06-18T14:36:00.460000+00:00,2026-06-18T14:36:08.201543+00:00,,559.1,8300.6,
LOG-01574,2026-06-18T14:35:59.901931+00:00,2026-06-18T14:36:00.462000+00:00,2026-06-18T14:36:08.202219+00:00,,560.1,8300.3,
LOG-01575,2026-06-18T14:35:59.902931+00:00,2026-06-18T14:36:00.464000+00:00,2026-06-18T14:36:08.202732+00:00,,561.1,8299.8,
LOG-01576,2026-06-18T14:35:59.903931+00:00,2026-06-18T14:36:00.466000+00:00,2026-06-18T14:36:08.203655+00:00,,562.1,8299.7,
LOG-01577,2026-06-18T14:35:59.904931+00:00,2026-06-18T14:36:00.468000+00:00,2026-06-18T14:36:08.204591+00:00,,563.1,8299.7,
LOG-01578,2026-06-18T14:35:59.905931+00:00,2026-06-18T14:36:00.470000+00:00,2026-06-18T14:36:08.205627+00:00,,564.1,8299.7,
LOG-01579,2026-06-18T14:35:59.906931+00:00,2026-06-18T14:36:00.472000+00:00,2026-06-18T14:36:08.206402+00:00,,565.1,8299.5,
LOG-01580,2026-06-18T14:35:59.907931+00:00,2026-06-18T14:36:00.474000+00:00,2026-06-18T14:36:08.207135+00:00,,566.1,8299.2,
LOG-01581,2026-06-18T14:35:59.908931+00:00,2026-06-18T14:36:00.476000+00:00,2026-06-18T14:36:08.207736+00:00,,567.1,8298.8,
LOG-01582,2026-06-18T14:35:59.909931+00:00,2026-06-18T14:36:00.478000+00:00,2026-06-18T14:36:08.208147+00:00,,568.1,8298.2,
LOG-01583,2026-06-18T14:35:59.910931+00:00,2026-06-18T14:36:00.480000+00:00,2026-06-18T14:36:08.208730+00:00,,569.1,8297.8,
LOG-01584,2026-06-18T14:35:59.911931+00:00,2026-06-18T14:36:00.482000+00:00,2026-06-18T14:36:08.209106+00:00,,570.1,8297.2,
LOG-01585,2026-06-18T14:35:59.912931+00:00,2026-06-18T14:36:00.484000+00:00,2026-06-18T14:36:08.209769+00:00,,571.1,8296.8,
LOG-01586,2026-06-18T14:35:59.913931+00:00,2026-06-18T14:36:00.486000+00:00,2026-06-18T14:36:08.210197+00:00,,572.1,8296.3,
LOG-01587,2026-06-18T14:35:59.914931+00:00,2026-06-18T14:36:00.488000+00:00,2026-06-18T14:36:08.210505+00:00,,573.1,8295.6,
LOG-01588,2026-06-18T14:35:59.915931+00:00,2026-06-18T14:36:00.490000+00:00,2026-06-18T14:36:08.211103+00:00,,574.1,8295.2,
LOG-01589,2026-06-18T14:35:59.916931+00:00,2026-06-18T14:36:00.492000+00:00,2026-06-18T14:36:08.211494+00:00,,575.1,8294.6,
LOG-01590,2026-06-18T14:35:59.917931+00:00,2026-06-18T14:36:00.494000+00:00,2026-06-18T14:36:08.211753+00:00,,576.1,8293.8,
LOG-01591,2026-06-18T14:35:59.918931+00:00,2026-06-18T14:36:00.496000+00:00,2026-06-18T14:36:08.212585+00:00,,577.1,8293.7,
LOG-01592,2026-06-18T14:35:59.919931+00:00,2026-06-18T14:36:00.498000+00:00,2026-06-18T14:36:08.213438+00:00,,578.1,8293.5,
LOG-01593,2026-06-18T14:35:59.920931+00:00,2026-06-18T14:36:00.500000+00:00,2026-06-18T14:36:08.214389+00:00,,579.1,8293.5,
LOG-01594,2026-06-18T14:35:59.921931+00:00,2026-06-18T14:36:00.502000+00:00,2026-06-18T14:36:08.214972+00:00,,580.1,8293.0,
LOG-01595,2026-06-18T14:35:59.922931+00:00,2026-06-18T14:36:00.505000+00:00,2026-06-18T14:36:08.215245+00:00,,582.1,8292.3,
LOG-01596,2026-06-18T14:35:59.923931+00:00,2026-06-18T14:36:00.506000+00:00,2026-06-18T14:36:08.215889+00:00,,582.1,8292.0,
LOG-01597,2026-06-18T14:35:59.924931+00:00,2026-06-18T14:36:00.508000+00:00,2026-06-18T14:36:08.216518+00:00,,583.1,8291.6,
LOG-01598,2026-06-18T14:35:59.925931+00:00,2026-06-18T14:36:00.510000+00:00,2026-06-18T14:36:08.217151+00:00,,584.1,8291.2,
LOG-01599,2026-06-18T14:35:59.926931+00:00,2026-06-18T14:36:00.512000+00:00,2026-06-18T14:36:08.217576+00:00,,585.1,8290.6,
LOG-01600,2026-06-18T14:35:59.927931+00:00,2026-06-18T14:36:00.514000+00:00,2026-06-18T14:36:08.218192+00:00,,586.1,8290.3,
LOG-01601,2026-06-18T14:35:59.928931+00:00,2026-06-18T14:36:00.516000+00:00,2026-06-18T14:36:08.218662+00:00,,587.1,8289.7,
LOG-01602,2026-06-18T14:35:59.929931+00:00,2026-06-18T14:36:00.518000+00:00,2026-06-18T14:36:08.220395+00:00,,588.1,8290.5,
LOG-01603,2026-06-18T14:35:59.930931+00:00,2026-06-18T14:36:00.520000+00:00,2026-06-18T14:36:08.221474+00:00,,589.1,8290.5,
LOG-01604,2026-06-18T14:35:59.931931+00:00,2026-06-18T14:36:00.522000+00:00,2026-06-18T14:36:08.222334+00:00,,590.1,8290.4,
LOG-01605,2026-06-18T14:35:59.932931+00:00,2026-06-18T14:36:00.524000+00:00,2026-06-18T14:36:08.222474+00:00,,591.1,8289.5,
LOG-01606,2026-06-18T14:35:59.933931+00:00,2026-06-18T14:36:00.526000+00:00,2026-06-18T14:36:08.222583+00:00,,592.1,8288.7,
LOG-01607,2026-06-18T14:35:59.934931+00:00,2026-06-18T14:36:00.528000+00:00,2026-06-18T14:36:08.222693+00:00,,593.1,8287.8,
LOG-01608,2026-06-18T14:35:59.935931+00:00,2026-06-18T14:36:00.530000+00:00,2026-06-18T14:36:08.222791+00:00,,594.1,8286.9,
LOG-01609,2026-06-18T14:35:59.936931+00:00,2026-06-18T14:36:00.532000+00:00,2026-06-18T14:36:08.222890+00:00,,595.1,8286.0,
LOG-01610,2026-06-18T14:35:59.937931+00:00,2026-06-18T14:36:00.534000+00:00,2026-06-18T14:36:08.222982+00:00,,596.1,8285.1,
LOG-01611,2026-06-18T14:35:59.938931+00:00,2026-06-18T14:36:00.536000+00:00,2026-06-18T14:36:08.223069+00:00,,597.1,8284.1,
LOG-01612,2026-06-18T14:35:59.939931+00:00,2026-06-18T14:36:00.538000+00:00,2026-06-18T14:36:08.223157+00:00,,598.1,8283.2,
LOG-01613,2026-06-18T14:35:59.940931+00:00,2026-06-18T14:36:00.540000+00:00,2026-06-18T14:36:08.223244+00:00,,599.1,8282.3,
LOG-01614,2026-06-18T14:35:59.941931+00:00,2026-06-18T14:36:00.542000+00:00,2026-06-18T14:36:08.224850+00:00,,600.1,8282.9,
LOG-01615,2026-06-18T14:35:59.942931+00:00,2026-06-18T14:36:00.544000+00:00,2026-06-18T14:36:08.225030+00:00,,601.1,8282.1,
LOG-01616,2026-06-18T14:35:59.943931+00:00,2026-06-18T14:36:00.546000+00:00,2026-06-18T14:36:08.225124+00:00,,602.1,8281.2,
LOG-01617,2026-06-18T14:35:59.944931+00:00,2026-06-18T14:36:00.548000+00:00,2026-06-18T14:36:08.225452+00:00,,603.1,8280.5,
LOG-01618,2026-06-18T14:35:59.945931+00:00,2026-06-18T14:36:00.550000+00:00,2026-06-18T14:36:08.226474+00:00,,604.1,8280.5,
LOG-01619,2026-06-18T14:35:59.946931+00:00,2026-06-18T14:36:00.552000+00:00,2026-06-18T14:36:08.227140+00:00,,605.1,8280.2,
LOG-01620,2026-06-18T14:35:59.947931+00:00,2026-06-18T14:36:00.554000+00:00,2026-06-18T14:36:08.228120+00:00,,606.1,8280.2,
LOG-01621,2026-06-18T14:35:59.948931+00:00,2026-06-18T14:36:00.556000+00:00,2026-06-18T14:36:08.229142+00:00,,607.1,8280.2,
LOG-01622,2026-06-18T14:35:59.949931+00:00,2026-06-18T14:36:00.559000+00:00,2026-06-18T14:36:08.229982+00:00,,609.1,8280.1,
LOG-01623,2026-06-18T14:35:59.950931+00:00,2026-06-18T14:36:00.561000+00:00,2026-06-18T14:36:08.230750+00:00,,610.1,8279.8,
LOG-01624,2026-06-18T14:35:59.951931+00:00,2026-06-18T14:36:00.563000+00:00,2026-06-18T14:36:08.231150+00:00,,611.1,8279.2,
LOG-01625,2026-06-18T14:35:59.952931+00:00,2026-06-18T14:36:00.565000+00:00,2026-06-18T14:36:08.231894+00:00,,612.1,8279.0,
LOG-01626,2026-06-18T14:35:59.953931+00:00,2026-06-18T14:36:00.567000+00:00,2026-06-18T14:36:08.232390+00:00,,613.1,8278.5,
LOG-01627,2026-06-18T14:35:59.954931+00:00,2026-06-18T14:36:00.569000+00:00,2026-06-18T14:36:08.232696+00:00,,614.1,8277.8,
LOG-01628,2026-06-18T14:35:59.955931+00:00,2026-06-18T14:36:00.571000+00:00,2026-06-18T14:36:08.233135+00:00,,615.1,8277.2,
LOG-01629,2026-06-18T14:35:59.956931+00:00,2026-06-18T14:36:00.573000+00:00,2026-06-18T14:36:08.233443+00:00,,616.1,8276.5,
LOG-01630,2026-06-18T14:35:59.957931+00:00,2026-06-18T14:36:00.575000+00:00,2026-06-18T14:36:08.233842+00:00,,617.1,8275.9,
LOG-01631,2026-06-18T14:35:59.958931+00:00,2026-06-18T14:36:00.577000+00:00,2026-06-18T14:36:08.234206+00:00,,618.1,8275.3,
LOG-01632,2026-06-18T14:35:59.959931+00:00,2026-06-18T14:36:00.579000+00:00,2026-06-18T14:36:08.235063+00:00,,619.1,8275.1,
LOG-01633,2026-06-18T14:35:59.960931+00:00,2026-06-18T14:36:00.581000+00:00,2026-06-18T14:36:08.235600+00:00,,620.1,8274.7,
LOG-01634,2026-06-18T14:35:59.961931+00:00,2026-06-18T14:36:00.583000+00:00,2026-06-18T14:36:08.235941+00:00,,621.1,8274.0,
LOG-01635,2026-06-18T14:35:59.962931+00:00,2026-06-18T14:36:00.585000+00:00,2026-06-18T14:36:08.236496+00:00,,622.1,8273.6,
LOG-01636,2026-06-18T14:35:59.963931+00:00,2026-06-18T14:36:00.587000+00:00,2026-06-18T14:36:08.237411+00:00,,623.1,8273.5,
LOG-01637,2026-06-18T14:35:59.964931+00:00,2026-06-18T14:36:00.589000+00:00,2026-06-18T14:36:08.237908+00:00,,624.1,8273.0,
LOG-01638,2026-06-18T14:35:59.965931+00:00,2026-06-18T14:36:00.591000+00:00,2026-06-18T14:36:08.238731+00:00,,625.1,8272.8,
LOG-01639,2026-06-18T14:35:59.966931+00:00,2026-06-18T14:36:00.593000+00:00,2026-06-18T14:36:08.239757+00:00,,626.1,8272.8,
LOG-01640,2026-06-18T14:35:59.967931+00:00,2026-06-18T14:36:00.595000+00:00,2026-06-18T14:36:08.240620+00:00,,627.1,8272.7,
LOG-01641,2026-06-18T14:35:59.968931+00:00,2026-06-18T14:36:00.597000+00:00,2026-06-18T14:36:08.241228+00:00,,628.1,8272.3,
LOG-01642,2026-06-18T14:35:59.969931+00:00,2026-06-18T14:36:00.599000+00:00,2026-06-18T14:36:08.241579+00:00,,629.1,8271.6,
LOG-01643,2026-06-18T14:35:59.970931+00:00,2026-06-18T14:36:00.601000+00:00,2026-06-18T14:36:08.242231+00:00,,630.1,8271.3,
LOG-01644,2026-06-18T14:35:59.971931+00:00,2026-06-18T14:36:00.604000+00:00,2026-06-18T14:36:08.242647+00:00,,632.1,8270.7,
LOG-01645,2026-06-18T14:35:59.972931+00:00,2026-06-18T14:36:00.606000+00:00,2026-06-18T14:36:08.242939+00:00,,633.1,8270.0,
LOG-01646,2026-06-18T14:35:59.973931+00:00,2026-06-18T14:36:00.609000+00:00,2026-06-18T14:36:08.243404+00:00,,635.1,8269.5,
LOG-01647,2026-06-18T14:35:59.974931+00:00,2026-06-18T14:36:00.611000+00:00,2026-06-18T14:36:08.243720+00:00,,636.1,8268.8,
LOG-01648,2026-06-18T14:35:59.975931+00:00,2026-06-18T14:36:00.612000+00:00,2026-06-18T14:36:08.244582+00:00,,636.1,8268.7,
LOG-01649,2026-06-18T14:35:59.976931+00:00,2026-06-18T14:36:00.614000+00:00,2026-06-18T14:36:08.245416+00:00,,637.1,8268.5,
LOG-01650,2026-06-18T14:35:59.977931+00:00,2026-06-18T14:36:00.616000+00:00,2026-06-18T14:36:08.246263+00:00,,638.1,8268.3,
LOG-01651,2026-06-18T14:35:59.978931+00:00,2026-06-18T14:36:00.618000+00:00,2026-06-18T14:36:08.247133+00:00,,639.1,8268.2,
LOG-01652,2026-06-18T14:35:59.979931+00:00,2026-06-18T14:36:00.620000+00:00,2026-06-18T14:36:08.247736+00:00,,640.1,8267.8,
LOG-01653,2026-06-18T14:35:59.980931+00:00,2026-06-18T14:36:00.622000+00:00,2026-06-18T14:36:08.248080+00:00,,641.1,8267.1,
LOG-01654,2026-06-18T14:35:59.981931+00:00,2026-06-18T14:36:00.624000+00:00,2026-06-18T14:36:08.248796+00:00,,642.1,8266.9,
LOG-01655,2026-06-18T14:35:59.982931+00:00,2026-06-18T14:36:00.626000+00:00,2026-06-18T14:36:08.249319+00:00,,643.1,8266.4,
LOG-01656,2026-06-18T14:35:59.983931+00:00,2026-06-18T14:36:00.629000+00:00,2026-06-18T14:36:08.249728+00:00,,645.1,8265.8,
LOG-01657,2026-06-18T14:35:59.984931+00:00,2026-06-18T14:36:00.630000+00:00,2026-06-18T14:36:08.250242+00:00,,645.1,8265.3,
LOG-01658,2026-06-18T14:35:59.985931+00:00,2026-06-18T14:36:00.632000+00:00,2026-06-18T14:36:08.250597+00:00,,646.1,8264.7,
LOG-01659,2026-06-18T14:35:59.986931+00:00,2026-06-18T14:36:00.634000+00:00,2026-06-18T14:36:08.251070+00:00,,647.1,8264.1,
LOG-01660,2026-06-18T14:35:59.987931+00:00,2026-06-18T14:36:00.636000+00:00,2026-06-18T14:36:08.251374+00:00,,648.1,8263.4,
LOG-01661,2026-06-18T14:35:59.988931+00:00,2026-06-18T14:36:00.638000+00:00,2026-06-18T14:36:08.251816+00:00,,649.1,8262.9,
LOG-01662,2026-06-18T14:35:59.989931+00:00,2026-06-18T14:36:00.641000+00:00,2026-06-18T14:36:08.252117+00:00,,651.1,8262.2,
LOG-01663,2026-06-18T14:35:59.990931+00:00,2026-06-18T14:36:00.642000+00:00,2026-06-18T14:36:08.252543+00:00,,651.1,8261.6,
LOG-01664,2026-06-18T14:35:59.991931+00:00,2026-06-18T14:36:00.654000+00:00,2026-06-18T14:36:08.252862+00:00,,662.1,8260.9,
LOG-01665,2026-06-18T14:35:59.992931+00:00,2026-06-18T14:36:00.655000+00:00,2026-06-18T14:36:08.253277+00:00,,662.1,8260.3,
LOG-01666,2026-06-18T14:35:59.993931+00:00,2026-06-18T14:36:00.656000+00:00,2026-06-18T14:36:08.253542+00:00,,662.1,8259.6,
LOG-01667,2026-06-18T14:35:59.994931+00:00,2026-06-18T14:36:00.658000+00:00,2026-06-18T14:36:08.253940+00:00,,663.1,8259.0,
LOG-01668,2026-06-18T14:35:59.995931+00:00,2026-06-18T14:36:00.660000+00:00,2026-06-18T14:36:08.254355+00:00,,664.1,8258.4,
LOG-01669,2026-06-18T14:35:59.996931+00:00,2026-06-18T14:36:00.662000+00:00,2026-06-18T14:36:08.255213+00:00,,665.1,8258.3,
LOG-01670,2026-06-18T14:35:59.997931+00:00,2026-06-18T14:36:00.664000+00:00,2026-06-18T14:36:08.255993+00:00,,666.1,8258.1,
LOG-01671,2026-06-18T14:35:59.998931+00:00,2026-06-18T14:36:00.666000+00:00,2026-06-18T14:36:08.256650+00:00,,667.1,8257.7,
LOG-01672,2026-06-18T14:35:59.999931+00:00,2026-06-18T14:36:00.668000+00:00,2026-06-18T14:36:08.257226+00:00,,668.1,8257.3,
LOG-01673,2026-06-18T14:36:00.000931+00:00,2026-06-18T14:36:00.670000+00:00,2026-06-18T14:36:08.257612+00:00,,669.1,8256.7,
LOG-01674,2026-06-18T14:36:00.001931+00:00,2026-06-18T14:36:00.672000+00:00,2026-06-18T14:36:08.257932+00:00,,670.1,8256.0,
LOG-01675,2026-06-18T14:36:00.002931+00:00,2026-06-18T14:36:00.674000+00:00,2026-06-18T14:36:08.258413+00:00,,671.1,8255.5,
LOG-01676,2026-06-18T14:36:00.003931+00:00,2026-06-18T14:36:00.676000+00:00,2026-06-18T14:36:08.258699+00:00,,672.1,8254.8,
LOG-01677,2026-06-18T14:36:00.004931+00:00,2026-06-18T14:36:00.679000+00:00,2026-06-18T14:36:08.259166+00:00,,674.1,8254.2,
LOG-01678,2026-06-18T14:36:00.005931+00:00,2026-06-18T14:36:00.680000+00:00,2026-06-18T14:36:08.259486+00:00,,674.1,8253.6,
LOG-01679,2026-06-18T14:36:00.006931+00:00,2026-06-18T14:36:00.682000+00:00,2026-06-18T14:36:08.260159+00:00,,675.1,8253.2,
LOG-01680,2026-06-18T14:36:00.007931+00:00,2026-06-18T14:36:00.684000+00:00,2026-06-18T14:36:08.260570+00:00,,676.1,8252.6,
LOG-01681,2026-06-18T14:36:00.008931+00:00,2026-06-18T14:36:00.686000+00:00,2026-06-18T14:36:08.260889+00:00,,677.1,8252.0,
LOG-01682,2026-06-18T14:36:00.009931+00:00,2026-06-18T14:36:00.689000+00:00,2026-06-18T14:36:08.261335+00:00,,679.1,8251.4,
LOG-01683,2026-06-18T14:36:00.010931+00:00,2026-06-18T14:36:00.690000+00:00,2026-06-18T14:36:08.261594+00:00,,679.1,8250.7,
LOG-01684,2026-06-18T14:36:00.011931+00:00,2026-06-18T14:36:00.693000+00:00,2026-06-18T14:36:08.262010+00:00,,681.1,8250.1,
LOG-01685,2026-06-18T14:36:00.012931+00:00,2026-06-18T14:36:00.694000+00:00,2026-06-18T14:36:08.262713+00:00,,681.1,8249.8,
LOG-01686,2026-06-18T14:36:00.013931+00:00,2026-06-18T14:36:00.697000+00:00,2026-06-18T14:36:08.263465+00:00,,683.1,8249.5,
LOG-01687,2026-06-18T14:36:00.014931+00:00,2026-06-18T14:36:00.698000+00:00,2026-06-18T14:36:08.263892+00:00,,683.1,8249.0,
LOG-01688,2026-06-18T14:36:00.015931+00:00,2026-06-18T14:36:00.700000+00:00,2026-06-18T14:36:08.264562+00:00,,684.1,8248.6,
LOG-01689,2026-06-18T14:36:00.016931+00:00,2026-06-18T14:36:00.703000+00:00,2026-06-18T14:36:08.265271+00:00,,686.1,8248.3,
LOG-01690,2026-06-18T14:36:00.017931+00:00,2026-06-18T14:36:00.704000+00:00,2026-06-18T14:36:08.265658+00:00,,686.1,8247.7,
LOG-01691,2026-06-18T14:36:00.018931+00:00,2026-06-18T14:36:00.706000+00:00,2026-06-18T14:36:08.265920+00:00,,687.1,8247.0,
LOG-01692,2026-06-18T14:36:00.019931+00:00,2026-06-18T14:36:00.708000+00:00,2026-06-18T14:36:08.266342+00:00,,688.1,8246.4,
LOG-01693,2026-06-18T14:36:00.020931+00:00,2026-06-18T14:36:00.710000+00:00,2026-06-18T14:36:08.267060+00:00,,689.1,8246.1,
LOG-01694,2026-06-18T14:36:00.021931+00:00,2026-06-18T14:36:00.712000+00:00,2026-06-18T14:36:08.267358+00:00,,690.1,8245.4,
LOG-01695,2026-06-18T14:36:00.022931+00:00,2026-06-18T14:36:00.714000+00:00,2026-06-18T14:36:08.267747+00:00,,691.1,8244.8,
LOG-01696,2026-06-18T14:36:00.023931+00:00,2026-06-18T14:36:00.716000+00:00,2026-06-18T14:36:08.268050+00:00,,692.1,8244.1,
LOG-01697,2026-06-18T14:36:00.024931+00:00,2026-06-18T14:36:00.718000+00:00,2026-06-18T14:36:08.268640+00:00,,693.1,8243.7,
LOG-01698,2026-06-18T14:36:00.025931+00:00,2026-06-18T14:36:00.726000+00:00,2026-06-18T14:36:08.269088+00:00,,700.1,8243.2,
LOG-01699,2026-06-18T14:36:00.026931+00:00,2026-06-18T14:36:00.728000+00:00,2026-06-18T14:36:08.269417+00:00,,701.1,8242.5,
LOG-01700,2026-06-18T14:36:00.027931+00:00,2026-06-18T14:36:00.731000+00:00,2026-06-18T14:36:08.269863+00:00,,703.1,8241.9,
LOG-01701,2026-06-18T14:36:00.028931+00:00,2026-06-18T14:36:00.732000+00:00,2026-06-18T14:36:08.270161+00:00,,703.1,8241.2,
LOG-01702,2026-06-18T14:36:00.029931+00:00,2026-06-18T14:36:00.734000+00:00,2026-06-18T14:36:08.270568+00:00,,704.1,8240.6,
LOG-01703,2026-06-18T14:36:00.030931+00:00,2026-06-18T14:36:00.736000+00:00,2026-06-18T14:36:08.270917+00:00,,705.1,8240.0,
LOG-01704,2026-06-18T14:36:00.031931+00:00,2026-06-18T14:36:00.738000+00:00,2026-06-18T14:36:08.271754+00:00,,706.1,8239.8,
LOG-01705,2026-06-18T14:36:00.032931+00:00,2026-06-18T14:36:00.740000+00:00,2026-06-18T14:36:08.272496+00:00,,707.1,8239.6,
LOG-01706,2026-06-18T14:36:00.033931+00:00,2026-06-18T14:36:00.742000+00:00,2026-06-18T14:36:08.273186+00:00,,708.1,8239.3,
LOG-01707,2026-06-18T14:36:00.034931+00:00,2026-06-18T14:36:00.744000+00:00,2026-06-18T14:36:08.273889+00:00,,709.1,8239.0,
LOG-01708,2026-06-18T14:36:00.035931+00:00,2026-06-18T14:36:00.746000+00:00,2026-06-18T14:36:08.274326+00:00,,710.1,8238.4,
LOG-01709,2026-06-18T14:36:00.036931+00:00,2026-06-18T14:36:00.748000+00:00,2026-06-18T14:36:08.274670+00:00,,711.1,8237.7,
LOG-01710,2026-06-18T14:36:00.037931+00:00,2026-06-18T14:36:00.750000+00:00,2026-06-18T14:36:08.275364+00:00,,712.1,8237.4,
LOG-01711,2026-06-18T14:36:00.038931+00:00,2026-06-18T14:36:00.752000+00:00,2026-06-18T14:36:08.275962+00:00,,713.1,8237.0,
LOG-01712,2026-06-18T14:36:00.039931+00:00,2026-06-18T14:36:00.754000+00:00,2026-06-18T14:36:08.276377+00:00,,714.1,8236.4,
LOG-01713,2026-06-18T14:36:00.040931+00:00,2026-06-18T14:36:00.756000+00:00,2026-06-18T14:36:08.276649+00:00,,715.1,8235.7,
LOG-01714,2026-06-18T14:36:00.041931+00:00,2026-06-18T14:36:00.758000+00:00,2026-06-18T14:36:08.277041+00:00,,716.1,8235.1,
LOG-01715,2026-06-18T14:36:00.042931+00:00,2026-06-18T14:36:00.760000+00:00,2026-06-18T14:36:08.277310+00:00,,717.1,8234.4,
LOG-01716,2026-06-18T14:36:00.043931+00:00,2026-06-18T14:36:00.762000+00:00,2026-06-18T14:36:08.277674+00:00,,718.1,8233.7,
LOG-01717,2026-06-18T14:36:00.044931+00:00,2026-06-18T14:36:00.764000+00:00,2026-06-18T14:36:08.277947+00:00,,719.1,8233.0,
LOG-01718,2026-06-18T14:36:00.045931+00:00,2026-06-18T14:36:00.766000+00:00,2026-06-18T14:36:08.278373+00:00,,720.1,8232.4,
LOG-01719,2026-06-18T14:36:00.046931+00:00,2026-06-18T14:36:00.768000+00:00,2026-06-18T14:36:08.278621+00:00,,721.1,8231.7,
LOG-01720,2026-06-18T14:36:00.047931+00:00,2026-06-18T14:36:00.770000+00:00,2026-06-18T14:36:08.279045+00:00,,722.1,8231.1,
LOG-01721,2026-06-18T14:36:00.048931+00:00,2026-06-18T14:36:00.772000+00:00,2026-06-18T14:36:08.279371+00:00,,723.1,8230.4,
LOG-01722,2026-06-18T14:36:00.049931+00:00,2026-06-18T14:36:00.774000+00:00,2026-06-18T14:36:08.280203+00:00,,724.1,8230.3,
LOG-01723,2026-06-18T14:36:00.050931+00:00,2026-06-18T14:36:00.776000+00:00,2026-06-18T14:36:08.281049+00:00,,725.1,8230.1,
LOG-01724,2026-06-18T14:36:00.051931+00:00,2026-06-18T14:36:00.778000+00:00,2026-06-18T14:36:08.281542+00:00,,726.1,8229.6,
LOG-01725,2026-06-18T14:36:00.052931+00:00,2026-06-18T14:36:00.780000+00:00,2026-06-18T14:36:08.281843+00:00,,727.1,8228.9,
LOG-01726,2026-06-18T14:36:00.053931+00:00,2026-06-18T14:36:00.782000+00:00,2026-06-18T14:36:08.282300+00:00,,728.1,8228.4,
LOG-01727,2026-06-18T14:36:00.054931+00:00,2026-06-18T14:36:00.784000+00:00,2026-06-18T14:36:08.282616+00:00,,729.1,8227.7,
LOG-01728,2026-06-18T14:36:00.055931+00:00,2026-06-18T14:36:00.786000+00:00,2026-06-18T14:36:08.283242+00:00,,730.1,8227.3,
LOG-01729,2026-06-18T14:36:00.056931+00:00,2026-06-18T14:36:00.788000+00:00,2026-06-18T14:36:08.283850+00:00,,731.1,8226.9,
LOG-01730,2026-06-18T14:36:00.057931+00:00,2026-06-18T14:36:00.792000+00:00,2026-06-18T14:36:08.284514+00:00,,734.1,8226.6,
LOG-01731,2026-06-18T14:36:00.058931+00:00,2026-06-18T14:36:00.794000+00:00,2026-06-18T14:36:08.285066+00:00,,735.1,8226.1,
LOG-01732,2026-06-18T14:36:00.059931+00:00,2026-06-18T14:36:00.795000+00:00,2026-06-18T14:36:08.285368+00:00,,735.1,8225.4,
LOG-01733,2026-06-18T14:36:00.060931+00:00,2026-06-18T14:36:00.797000+00:00,2026-06-18T14:36:08.286013+00:00,,736.1,8225.1,
LOG-01734,2026-06-18T14:36:00.061931+00:00,2026-06-18T14:36:00.799000+00:00,2026-06-18T14:36:08.286672+00:00,,737.1,8224.7,
LOG-01735,2026-06-18T14:36:00.062931+00:00,2026-06-18T14:36:00.801000+00:00,2026-06-18T14:36:08.287267+00:00,,738.1,8224.3,
LOG-01736,2026-06-18T14:36:00.063931+00:00,2026-06-18T14:36:00.803000+00:00,2026-06-18T14:36:08.287985+00:00,,739.1,8224.1,
LOG-01737,2026-06-18T14:36:00.064931+00:00,2026-06-18T14:36:00.805000+00:00,2026-06-18T14:36:08.288737+00:00,,740.1,8223.8,
LOG-01738,2026-06-18T14:36:00.065931+00:00,2026-06-18T14:36:00.807000+00:00,2026-06-18T14:36:08.289612+00:00,,741.1,8223.7,
LOG-01739,2026-06-18T14:36:00.066931+00:00,2026-06-18T14:36:00.809000+00:00,2026-06-18T14:36:08.290130+00:00,,742.1,8223.2,
LOG-01740,2026-06-18T14:36:00.067931+00:00,2026-06-18T14:36:00.811000+00:00,2026-06-18T14:36:08.290550+00:00,,743.1,8222.6,
LOG-01741,2026-06-18T14:36:00.068931+00:00,2026-06-18T14:36:00.813000+00:00,2026-06-18T14:36:08.291224+00:00,,744.1,8222.3,
LOG-01742,2026-06-18T14:36:00.069931+00:00,2026-06-18T14:36:00.815000+00:00,2026-06-18T14:36:08.291655+00:00,,745.1,8221.7,
LOG-01743,2026-06-18T14:36:00.070931+00:00,2026-06-18T14:36:00.817000+00:00,2026-06-18T14:36:08.291984+00:00,,746.1,8221.1,
LOG-01744,2026-06-18T14:36:00.071931+00:00,2026-06-18T14:36:00.819000+00:00,2026-06-18T14:36:08.292602+00:00,,747.1,8220.7,
LOG-01745,2026-06-18T14:36:00.072931+00:00,2026-06-18T14:36:00.821000+00:00,2026-06-18T14:36:08.293012+00:00,,748.1,8220.1,
LOG-01746,2026-06-18T14:36:00.073931+00:00,2026-06-18T14:36:00.823000+00:00,2026-06-18T14:36:08.293341+00:00,,749.1,8219.4,
LOG-01747,2026-06-18T14:36:00.074931+00:00,2026-06-18T14:36:00.825000+00:00,2026-06-18T14:36:08.293976+00:00,,750.1,8219.0,
LOG-01748,2026-06-18T14:36:00.075931+00:00,2026-06-18T14:36:00.827000+00:00,2026-06-18T14:36:08.294699+00:00,,751.1,8218.8,
LOG-01749,2026-06-18T14:36:00.076931+00:00,2026-06-18T14:36:00.829000+00:00,2026-06-18T14:36:08.295186+00:00,,752.1,8218.3,
LOG-01750,2026-06-18T14:36:00.077931+00:00,2026-06-18T14:36:00.831000+00:00,2026-06-18T14:36:08.295496+00:00,,753.1,8217.6,
LOG-01751,2026-06-18T14:36:00.078931+00:00,2026-06-18T14:36:00.833000+00:00,2026-06-18T14:36:08.296253+00:00,,754.1,8217.3,
LOG-01752,2026-06-18T14:36:00.079931+00:00,2026-06-18T14:36:00.835000+00:00,2026-06-18T14:36:08.297030+00:00,,755.1,8217.1,
LOG-01753,2026-06-18T14:36:00.080931+00:00,2026-06-18T14:36:00.837000+00:00,2026-06-18T14:36:08.297543+00:00,,756.1,8216.6,
LOG-01754,2026-06-18T14:36:00.081931+00:00,2026-06-18T14:36:00.839000+00:00,2026-06-18T14:36:08.297841+00:00,,757.1,8215.9,
LOG-01755,2026-06-18T14:36:00.082931+00:00,2026-06-18T14:36:00.841000+00:00,2026-06-18T14:36:08.298482+00:00,,758.1,8215.6,
LOG-01756,2026-06-18T14:36:00.083931+00:00,2026-06-18T14:36:00.843000+00:00,2026-06-18T14:36:08.298895+00:00,,759.1,8215.0,
LOG-01757,2026-06-18T14:36:00.084931+00:00,2026-06-18T14:36:00.845000+00:00,2026-06-18T14:36:08.299223+00:00,,760.1,8214.3,
LOG-01758,2026-06-18T14:36:00.085931+00:00,2026-06-18T14:36:00.847000+00:00,2026-06-18T14:36:08.299811+00:00,,761.1,8213.9,
LOG-01759,2026-06-18T14:36:00.086931+00:00,2026-06-18T14:36:00.849000+00:00,2026-06-18T14:36:08.300274+00:00,,762.1,8213.3,
LOG-01760,2026-06-18T14:36:00.087931+00:00,2026-06-18T14:36:00.851000+00:00,2026-06-18T14:36:08.300572+00:00,,763.1,8212.6,
LOG-01761,2026-06-18T14:36:00.088931+00:00,2026-06-18T14:36:00.853000+00:00,2026-06-18T14:36:08.301221+00:00,,764.1,8212.3,
LOG-01762,2026-06-18T14:36:00.089931+00:00,2026-06-18T14:36:00.855000+00:00,2026-06-18T14:36:08.301963+00:00,,765.1,8212.0,
LOG-01763,2026-06-18T14:36:00.090931+00:00,2026-06-18T14:36:00.857000+00:00,2026-06-18T14:36:08.302604+00:00,,766.1,8211.7,
LOG-01764,2026-06-18T14:36:00.091931+00:00,2026-06-18T14:36:00.859000+00:00,2026-06-18T14:36:08.303229+00:00,,767.1,8211.3,
LOG-01765,2026-06-18T14:36:00.092931+00:00,2026-06-18T14:36:00.863000+00:00,2026-06-18T14:36:08.303909+00:00,,770.1,8211.0,
LOG-01766,2026-06-18T14:36:00.093931+00:00,2026-06-18T14:36:00.866000+00:00,2026-06-18T14:36:08.304619+00:00,,772.1,8210.7,
LOG-01767,2026-06-18T14:36:00.094931+00:00,2026-06-18T14:36:00.867000+00:00,2026-06-18T14:36:08.305415+00:00,,772.1,8210.5,
LOG-01768,2026-06-18T14:36:00.095931+00:00,2026-06-18T14:36:00.869000+00:00,2026-06-18T14:36:08.306160+00:00,,773.1,8210.2,
LOG-01769,2026-06-18T14:36:00.096931+00:00,2026-06-18T14:36:00.871000+00:00,2026-06-18T14:36:08.306761+00:00,,774.1,8209.8,
LOG-01770,2026-06-18T14:36:00.097931+00:00,2026-06-18T14:36:00.873000+00:00,2026-06-18T14:36:08.307361+00:00,,775.1,8209.4,
LOG-01771,2026-06-18T14:36:00.098931+00:00,2026-06-18T14:36:00.875000+00:00,2026-06-18T14:36:08.308021+00:00,,776.1,8209.1,
LOG-01772,2026-06-18T14:36:00.099931+00:00,2026-06-18T14:36:00.877000+00:00,2026-06-18T14:36:08.308649+00:00,,777.1,8208.7,
LOG-01773,2026-06-18T14:36:00.100931+00:00,2026-06-18T14:36:00.879000+00:00,2026-06-18T14:36:08.309255+00:00,,778.1,8208.3,
LOG-01774,2026-06-18T14:36:00.101931+00:00,2026-06-18T14:36:00.881000+00:00,2026-06-18T14:36:08.309700+00:00,2026-06-18T14:36:37.154521+00:00,779.1,8207.8,37052.6
LOG-01775,2026-06-18T14:36:00.102931+00:00,2026-06-18T14:36:00.883000+00:00,2026-06-18T14:36:08.310041+00:00,,780.1,8207.1,
LOG-01776,2026-06-18T14:36:00.103931+00:00,2026-06-18T14:36:00.885000+00:00,2026-06-18T14:36:08.310788+00:00,,781.1,8206.9,
LOG-01777,2026-06-18T14:36:00.104931+00:00,2026-06-18T14:36:00.888000+00:00,2026-06-18T14:36:08.311235+00:00,,783.1,8206.3,
LOG-01778,2026-06-18T14:36:00.105931+00:00,2026-06-18T14:36:00.889000+00:00,2026-06-18T14:36:08.311530+00:00,,783.1,8205.6,
LOG-01779,2026-06-18T14:36:00.106931+00:00,2026-06-18T14:36:00.891000+00:00,2026-06-18T14:36:08.312117+00:00,,784.1,8205.2,
LOG-01780,2026-06-18T14:36:00.107931+00:00,2026-06-18T14:36:00.893000+00:00,2026-06-18T14:36:08.312627+00:00,,785.1,8204.7,
LOG-01781,2026-06-18T14:36:00.108931+00:00,2026-06-18T14:36:00.896000+00:00,2026-06-18T14:36:08.312961+00:00,,787.1,8204.0,
LOG-01782,2026-06-18T14:36:00.109931+00:00,2026-06-18T14:36:00.897000+00:00,2026-06-18T14:36:08.313708+00:00,,787.1,8203.8,
LOG-01783,2026-06-18T14:36:00.110931+00:00,2026-06-18T14:36:00.899000+00:00,2026-06-18T14:36:08.314179+00:00,,788.1,8203.2,
LOG-01784,2026-06-18T14:36:00.111931+00:00,2026-06-18T14:36:00.901000+00:00,2026-06-18T14:36:08.314501+00:00,,789.1,8202.6,
LOG-01785,2026-06-18T14:36:00.112931+00:00,2026-06-18T14:36:00.903000+00:00,2026-06-18T14:36:08.315341+00:00,,790.1,8202.4,
LOG-01786,2026-06-18T14:36:00.113931+00:00,2026-06-18T14:36:00.905000+00:00,2026-06-18T14:36:08.315820+00:00,,791.1,8201.9,
LOG-01787,2026-06-18T14:36:00.114931+00:00,2026-06-18T14:36:00.908000+00:00,2026-06-18T14:36:08.316138+00:00,,793.1,8201.2,
LOG-01788,2026-06-18T14:36:00.115931+00:00,2026-06-18T14:36:00.909000+00:00,2026-06-18T14:36:08.316539+00:00,,793.1,8200.6,
LOG-01789,2026-06-18T14:36:00.116931+00:00,2026-06-18T14:36:00.911000+00:00,2026-06-18T14:36:08.316845+00:00,,794.1,8199.9,
LOG-01790,2026-06-18T14:36:00.117931+00:00,2026-06-18T14:36:00.913000+00:00,2026-06-18T14:36:08.317450+00:00,,795.1,8199.5,
LOG-01791,2026-06-18T14:36:00.118931+00:00,2026-06-18T14:36:00.920000+00:00,2026-06-18T14:36:08.317848+00:00,,801.1,8198.9,
LOG-01792,2026-06-18T14:36:00.119931+00:00,2026-06-18T14:36:00.922000+00:00,2026-06-18T14:36:08.318147+00:00,,802.1,8198.2,
LOG-01793,2026-06-18T14:36:00.120931+00:00,2026-06-18T14:36:00.924000+00:00,2026-06-18T14:36:08.318774+00:00,,803.1,8197.8,
LOG-01794,2026-06-18T14:36:00.121931+00:00,2026-06-18T14:36:00.926000+00:00,2026-06-18T14:36:08.319292+00:00,,804.1,8197.4,
LOG-01795,2026-06-18T14:36:00.122931+00:00,2026-06-18T14:36:00.929000+00:00,2026-06-18T14:36:08.319668+00:00,,806.1,8196.7,
LOG-01796,2026-06-18T14:36:00.123931+00:00,2026-06-18T14:36:00.930000+00:00,2026-06-18T14:36:08.320411+00:00,,806.1,8196.5,
LOG-01797,2026-06-18T14:36:00.124931+00:00,2026-06-18T14:36:00.932000+00:00,2026-06-18T14:36:08.321104+00:00,,807.1,8196.2,
LOG-01798,2026-06-18T14:36:00.125931+00:00,2026-06-18T14:36:00.934000+00:00,2026-06-18T14:36:08.321619+00:00,,808.1,8195.7,
LOG-01799,2026-06-18T14:36:00.126931+00:00,2026-06-18T14:36:00.938000+00:00,2026-06-18T14:36:08.322016+00:00,,811.1,8195.1,
LOG-01800,2026-06-18T14:36:00.127931+00:00,2026-06-18T14:36:00.939000+00:00,2026-06-18T14:36:08.322817+00:00,,811.1,8194.9,
LOG-01801,2026-06-18T14:36:00.128931+00:00,2026-06-18T14:36:00.941000+00:00,2026-06-18T14:36:08.323428+00:00,,812.1,8194.5,
LOG-01802,2026-06-18T14:36:00.129931+00:00,2026-06-18T14:36:00.943000+00:00,2026-06-18T14:36:08.323831+00:00,,813.1,8193.9,
LOG-01803,2026-06-18T14:36:00.130931+00:00,2026-06-18T14:36:00.946000+00:00,2026-06-18T14:36:08.324211+00:00,,815.1,8193.3,
LOG-01804,2026-06-18T14:36:00.131931+00:00,2026-06-18T14:36:00.947000+00:00,2026-06-18T14:36:08.324862+00:00,,815.1,8192.9,
LOG-01805,2026-06-18T14:36:00.132931+00:00,2026-06-18T14:36:00.949000+00:00,2026-06-18T14:36:08.325275+00:00,,816.1,8192.3,
LOG-01806,2026-06-18T14:36:00.133931+00:00,2026-06-18T14:36:00.951000+00:00,2026-06-18T14:36:08.325567+00:00,,817.1,8191.6,
LOG-01807,2026-06-18T14:36:00.134931+00:00,2026-06-18T14:36:00.954000+00:00,2026-06-18T14:36:08.326024+00:00,,819.1,8191.1,
LOG-01808,2026-06-18T14:36:00.135931+00:00,2026-06-18T14:36:00.955000+00:00,2026-06-18T14:36:08.326306+00:00,,819.1,8190.4,
LOG-01809,2026-06-18T14:36:00.136931+00:00,2026-06-18T14:36:00.957000+00:00,2026-06-18T14:36:08.326709+00:00,,820.1,8189.8,
LOG-01810,2026-06-18T14:36:00.137931+00:00,2026-06-18T14:36:00.959000+00:00,2026-06-18T14:36:08.326974+00:00,,821.1,8189.0,
LOG-01811,2026-06-18T14:36:00.138931+00:00,2026-06-18T14:36:00.962000+00:00,2026-06-18T14:36:08.327357+00:00,,823.1,8188.4,
LOG-01812,2026-06-18T14:36:00.139931+00:00,2026-06-18T14:36:00.964000+00:00,2026-06-18T14:36:08.327631+00:00,,824.1,8187.7,
LOG-01813,2026-06-18T14:36:00.140931+00:00,2026-06-18T14:36:00.965000+00:00,2026-06-18T14:36:08.328245+00:00,,824.1,8187.3,
LOG-01814,2026-06-18T14:36:00.141931+00:00,2026-06-18T14:36:00.967000+00:00,2026-06-18T14:36:08.328705+00:00,,825.1,8186.8,
LOG-01815,2026-06-18T14:36:00.142931+00:00,2026-06-18T14:36:00.972000+00:00,2026-06-18T14:36:08.329054+00:00,,829.1,8186.1,
LOG-01816,2026-06-18T14:36:00.143931+00:00,2026-06-18T14:36:00.973000+00:00,2026-06-18T14:36:08.329905+00:00,,829.1,8186.0,
LOG-01817,2026-06-18T14:36:00.144931+00:00,2026-06-18T14:36:00.975000+00:00,2026-06-18T14:36:08.330726+00:00,,830.1,8185.8,
LOG-01818,2026-06-18T14:36:00.145931+00:00,2026-06-18T14:36:00.979000+00:00,2026-06-18T14:36:08.331394+00:00,,833.1,8185.5,
LOG-01819,2026-06-18T14:36:00.146931+00:00,2026-06-18T14:36:00.980000+00:00,2026-06-18T14:36:08.331841+00:00,,833.1,8184.9,
LOG-01820,2026-06-18T14:36:00.147931+00:00,2026-06-18T14:36:00.982000+00:00,2026-06-18T14:36:08.332119+00:00,,834.1,8184.2,
LOG-01821,2026-06-18T14:36:00.148931+00:00,2026-06-18T14:36:00.984000+00:00,2026-06-18T14:36:08.332718+00:00,,835.1,8183.8,
LOG-01822,2026-06-18T14:36:00.149931+00:00,2026-06-18T14:36:00.986000+00:00,2026-06-18T14:36:08.333215+00:00,,836.1,8183.3,
LOG-01823,2026-06-18T14:36:00.150931+00:00,2026-06-18T14:36:00.988000+00:00,2026-06-18T14:36:08.333492+00:00,,837.1,8182.6,
LOG-01824,2026-06-18T14:36:00.151931+00:00,2026-06-18T14:36:00.992000+00:00,2026-06-18T14:36:08.334138+00:00,,840.1,8182.2,
LOG-01825,2026-06-18T14:36:00.152931+00:00,2026-06-18T14:36:00.992000+00:00,2026-06-18T14:36:08.334571+00:00,,839.1,8181.6,
LOG-01826,2026-06-18T14:36:00.153931+00:00,2026-06-18T14:36:00.993000+00:00,2026-06-18T14:36:08.334935+00:00,,839.1,8181.0,
LOG-01827,2026-06-18T14:36:00.154931+00:00,2026-06-18T14:36:01.002000+00:00,2026-06-18T14:36:08.335383+00:00,,847.1,8180.5,
LOG-01828,2026-06-18T14:36:00.155931+00:00,2026-06-18T14:36:01.003000+00:00,2026-06-18T14:36:08.335681+00:00,,847.1,8179.7,
LOG-01829,2026-06-18T14:36:00.156931+00:00,2026-06-18T14:36:01.005000+00:00,2026-06-18T14:36:08.336162+00:00,,848.1,8179.2,
LOG-01830,2026-06-18T14:36:00.157931+00:00,2026-06-18T14:36:01.006000+00:00,2026-06-18T14:36:08.336542+00:00,,848.1,8178.6,
LOG-01831,2026-06-18T14:36:00.158931+00:00,2026-06-18T14:36:01.009000+00:00,2026-06-18T14:36:08.336989+00:00,,850.1,8178.1,
LOG-01832,2026-06-18T14:36:00.159931+00:00,2026-06-18T14:36:01.010000+00:00,2026-06-18T14:36:08.337372+00:00,,850.1,8177.4,
LOG-01833,2026-06-18T14:36:00.160931+00:00,2026-06-18T14:36:01.012000+00:00,2026-06-18T14:36:08.337868+00:00,,851.1,8176.9,
LOG-01834,2026-06-18T14:36:00.161931+00:00,2026-06-18T14:36:01.014000+00:00,2026-06-18T14:36:08.338218+00:00,,852.1,8176.3,
LOG-01835,2026-06-18T14:36:00.162931+00:00,2026-06-18T14:36:01.016000+00:00,2026-06-18T14:36:08.338783+00:00,,853.1,8175.9,
LOG-01836,2026-06-18T14:36:00.163931+00:00,2026-06-18T14:36:01.018000+00:00,2026-06-18T14:36:08.339133+00:00,,854.1,8175.2,
LOG-01837,2026-06-18T14:36:00.164931+00:00,2026-06-18T14:36:01.020000+00:00,2026-06-18T14:36:08.339553+00:00,,855.1,8174.6,
LOG-01838,2026-06-18T14:36:00.165931+00:00,2026-06-18T14:36:01.022000+00:00,2026-06-18T14:36:08.339842+00:00,,856.1,8173.9,
LOG-01839,2026-06-18T14:36:00.166931+00:00,2026-06-18T14:36:01.024000+00:00,2026-06-18T14:36:08.340285+00:00,,857.1,8173.4,
LOG-01840,2026-06-18T14:36:00.167931+00:00,2026-06-18T14:36:01.026000+00:00,2026-06-18T14:36:08.340559+00:00,,858.1,8172.6,
LOG-01841,2026-06-18T14:36:00.168931+00:00,2026-06-18T14:36:01.028000+00:00,2026-06-18T14:36:08.341023+00:00,,859.1,8172.1,
LOG-01842,2026-06-18T14:36:00.169931+00:00,2026-06-18T14:36:01.030000+00:00,2026-06-18T14:36:08.341297+00:00,,860.1,8171.4,
LOG-01843,2026-06-18T14:36:00.170931+00:00,2026-06-18T14:36:01.033000+00:00,2026-06-18T14:36:08.341720+00:00,,862.1,8170.8,
LOG-01844,2026-06-18T14:36:00.171931+00:00,2026-06-18T14:36:01.035000+00:00,2026-06-18T14:36:08.341973+00:00,,863.1,8170.0,
LOG-01845,2026-06-18T14:36:00.172931+00:00,2026-06-18T14:36:01.036000+00:00,2026-06-18T14:36:08.342546+00:00,,863.1,8169.6,
LOG-01846,2026-06-18T14:36:00.173931+00:00,2026-06-18T14:36:01.038000+00:00,2026-06-18T14:36:08.342910+00:00,,864.1,8169.0,
LOG-01847,2026-06-18T14:36:00.174931+00:00,2026-06-18T14:36:01.040000+00:00,2026-06-18T14:36:08.343228+00:00,,865.1,8168.3,
LOG-01848,2026-06-18T14:36:00.175931+00:00,2026-06-18T14:36:01.042000+00:00,2026-06-18T14:36:08.343822+00:00,,866.1,8167.9,
LOG-01849,2026-06-18T14:36:00.176931+00:00,2026-06-18T14:36:01.044000+00:00,2026-06-18T14:36:08.344570+00:00,,867.1,8167.6,
LOG-01850,2026-06-18T14:36:00.177931+00:00,2026-06-18T14:36:01.046000+00:00,2026-06-18T14:36:08.345103+00:00,,868.1,8167.2,
LOG-01851,2026-06-18T14:36:00.178931+00:00,2026-06-18T14:36:01.048000+00:00,2026-06-18T14:36:08.345448+00:00,,869.1,8166.5,
LOG-01852,2026-06-18T14:36:00.179931+00:00,2026-06-18T14:36:01.050000+00:00,2026-06-18T14:36:08.346217+00:00,,870.1,8166.3,
LOG-01853,2026-06-18T14:36:00.180931+00:00,2026-06-18T14:36:01.054000+00:00,2026-06-18T14:36:08.347022+00:00,,873.1,8166.1,
LOG-01854,2026-06-18T14:36:00.181931+00:00,2026-06-18T14:36:01.055000+00:00,2026-06-18T14:36:08.347568+00:00,,873.1,8165.6,
LOG-01855,2026-06-18T14:36:00.182931+00:00,2026-06-18T14:36:01.057000+00:00,2026-06-18T14:36:08.347895+00:00,,874.1,8165.0,
LOG-01856,2026-06-18T14:36:00.183931+00:00,2026-06-18T14:36:01.059000+00:00,2026-06-18T14:36:08.348367+00:00,,875.1,8164.4,
LOG-01857,2026-06-18T14:36:00.184931+00:00,2026-06-18T14:36:01.061000+00:00,2026-06-18T14:36:08.348681+00:00,,876.1,8163.7,
LOG-01858,2026-06-18T14:36:00.185931+00:00,2026-06-18T14:36:01.063000+00:00,2026-06-18T14:36:08.349365+00:00,,877.1,8163.4,
LOG-01859,2026-06-18T14:36:00.186931+00:00,2026-06-18T14:36:01.066000+00:00,2026-06-18T14:36:08.350020+00:00,,879.1,8163.1,
LOG-01860,2026-06-18T14:36:00.187931+00:00,2026-06-18T14:36:01.068000+00:00,2026-06-18T14:36:08.350662+00:00,,880.1,8162.7,
LOG-01861,2026-06-18T14:36:00.188931+00:00,2026-06-18T14:36:01.069000+00:00,2026-06-18T14:36:08.351092+00:00,,880.1,8162.2,
LOG-01862,2026-06-18T14:36:00.189931+00:00,2026-06-18T14:36:01.072000+00:00,2026-06-18T14:36:08.351371+00:00,,882.1,8161.4,
LOG-01863,2026-06-18T14:36:00.190931+00:00,2026-06-18T14:36:01.073000+00:00,2026-06-18T14:36:08.351962+00:00,,882.1,8161.0,
LOG-01864,2026-06-18T14:36:00.191931+00:00,2026-06-18T14:36:01.075000+00:00,2026-06-18T14:36:08.352523+00:00,,883.1,8160.6,
LOG-01865,2026-06-18T14:36:00.192931+00:00,2026-06-18T14:36:01.077000+00:00,2026-06-18T14:36:08.352917+00:00,,884.1,8160.0,
LOG-01866,2026-06-18T14:36:00.193931+00:00,2026-06-18T14:36:01.079000+00:00,2026-06-18T14:36:08.353216+00:00,,885.1,8159.3,
LOG-01867,2026-06-18T14:36:00.194931+00:00,2026-06-18T14:36:01.081000+00:00,2026-06-18T14:36:08.353808+00:00,,886.1,8158.9,
LOG-01868,2026-06-18T14:36:00.195931+00:00,2026-06-18T14:36:01.083000+00:00,2026-06-18T14:36:08.354719+00:00,,887.1,8158.8,
LOG-01869,2026-06-18T14:36:00.196931+00:00,2026-06-18T14:36:01.088000+00:00,2026-06-18T14:36:08.355256+00:00,,891.1,8158.3,
LOG-01870,2026-06-18T14:36:00.197931+00:00,2026-06-18T14:36:01.090000+00:00,2026-06-18T14:36:08.355627+00:00,,892.1,8157.7,
LOG-01871,2026-06-18T14:36:00.198931+00:00,2026-06-18T14:36:01.092000+00:00,2026-06-18T14:36:08.356350+00:00,,893.1,8157.4,
LOG-01872,2026-06-18T14:36:00.199931+00:00,2026-06-18T14:36:01.097000+00:00,2026-06-18T14:36:08.356775+00:00,,897.1,8156.8,
LOG-01873,2026-06-18T14:36:00.200931+00:00,2026-06-18T14:36:01.098000+00:00,2026-06-18T14:36:08.357079+00:00,,897.1,8156.1,
LOG-01874,2026-06-18T14:36:00.201931+00:00,2026-06-18T14:36:01.100000+00:00,2026-06-18T14:36:08.357506+00:00,,898.1,8155.6,
LOG-01875,2026-06-18T14:36:00.202931+00:00,2026-06-18T14:36:01.102000+00:00,2026-06-18T14:36:08.357766+00:00,,899.1,8154.8,
LOG-01876,2026-06-18T14:36:00.203931+00:00,2026-06-18T14:36:01.104000+00:00,2026-06-18T14:36:08.358186+00:00,,900.1,8154.3,
LOG-01877,2026-06-18T14:36:00.204931+00:00,2026-06-18T14:36:01.106000+00:00,2026-06-18T14:36:08.358469+00:00,,901.1,8153.5,
LOG-01878,2026-06-18T14:36:00.205931+00:00,2026-06-18T14:36:01.108000+00:00,2026-06-18T14:36:08.358874+00:00,,902.1,8152.9,
LOG-01879,2026-06-18T14:36:00.206931+00:00,2026-06-18T14:36:01.116000+00:00,2026-06-18T14:36:08.359170+00:00,,909.1,8152.2,
LOG-01880,2026-06-18T14:36:00.207931+00:00,2026-06-18T14:36:01.116000+00:00,2026-06-18T14:36:08.359798+00:00,,908.1,8151.9,
LOG-01881,2026-06-18T14:36:00.208931+00:00,2026-06-18T14:36:01.118000+00:00,2026-06-18T14:36:08.360229+00:00,,909.1,8151.3,
LOG-01882,2026-06-18T14:36:00.209931+00:00,2026-06-18T14:36:01.121000+00:00,2026-06-18T14:36:08.360481+00:00,,911.1,8150.5,
LOG-01883,2026-06-18T14:36:00.210931+00:00,2026-06-18T14:36:01.122000+00:00,2026-06-18T14:36:08.361018+00:00,,911.1,8150.1,
LOG-01884,2026-06-18T14:36:00.211931+00:00,2026-06-18T14:36:01.124000+00:00,2026-06-18T14:36:08.361399+00:00,,912.1,8149.5,
LOG-01885,2026-06-18T14:36:00.212931+00:00,2026-06-18T14:36:01.126000+00:00,2026-06-18T14:36:08.361689+00:00,,913.1,8148.8,
LOG-01886,2026-06-18T14:36:00.213931+00:00,2026-06-18T14:36:01.132000+00:00,2026-06-18T14:36:08.362305+00:00,,918.1,8148.4,
LOG-01887,2026-06-18T14:36:00.214931+00:00,2026-06-18T14:36:01.133000+00:00,2026-06-18T14:36:08.362706+00:00,,918.1,8147.8,
LOG-01888,2026-06-18T14:36:00.215931+00:00,2026-06-18T14:36:01.138000+00:00,2026-06-18T14:36:08.363028+00:00,,922.1,8147.1,
LOG-01889,2026-06-18T14:36:00.216931+00:00,2026-06-18T14:36:01.139000+00:00,2026-06-18T14:36:08.363588+00:00,,922.1,8146.7,
LOG-01890,2026-06-18T14:36:00.217931+00:00,2026-06-18T14:36:01.141000+00:00,2026-06-18T14:36:08.363951+00:00,,923.1,8146.0,
LOG-01891,2026-06-18T14:36:00.218931+00:00,2026-06-18T14:36:01.143000+00:00,2026-06-18T14:36:08.364440+00:00,,924.1,8145.5,
LOG-01892,2026-06-18T14:36:00.219931+00:00,2026-06-18T14:36:01.145000+00:00,2026-06-18T14:36:08.364758+00:00,,925.1,8144.8,
LOG-01893,2026-06-18T14:36:00.220931+00:00,2026-06-18T14:36:01.147000+00:00,2026-06-18T14:36:08.365278+00:00,,926.1,8144.3,
LOG-01894,2026-06-18T14:36:00.221931+00:00,2026-06-18T14:36:01.149000+00:00,2026-06-18T14:36:08.365541+00:00,,927.1,8143.6,
LOG-01895,2026-06-18T14:36:00.222931+00:00,2026-06-18T14:36:01.151000+00:00,2026-06-18T14:36:08.365969+00:00,,928.1,8143.0,
LOG-01896,2026-06-18T14:36:00.223931+00:00,2026-06-18T14:36:01.153000+00:00,2026-06-18T14:36:08.366235+00:00,,929.1,8142.3,
LOG-01897,2026-06-18T14:36:00.224931+00:00,2026-06-18T14:36:01.155000+00:00,2026-06-18T14:36:08.366644+00:00,,930.1,8141.7,
LOG-01898,2026-06-18T14:36:00.225931+00:00,2026-06-18T14:36:01.158000+00:00,2026-06-18T14:36:08.366960+00:00,,932.1,8141.0,
LOG-01899,2026-06-18T14:36:00.226931+00:00,2026-06-18T14:36:01.159000+00:00,2026-06-18T14:36:08.367376+00:00,,932.1,8140.4,
LOG-01900,2026-06-18T14:36:00.227931+00:00,2026-06-18T14:36:01.161000+00:00,2026-06-18T14:36:08.367619+00:00,,933.1,8139.7,
LOG-01901,2026-06-18T14:36:00.228931+00:00,2026-06-18T14:36:01.164000+00:00,2026-06-18T14:36:08.368007+00:00,,935.1,8139.1,
LOG-01902,2026-06-18T14:36:00.229931+00:00,2026-06-18T14:36:01.166000+00:00,2026-06-18T14:36:08.368365+00:00,,936.1,8138.4,
LOG-01903,2026-06-18T14:36:00.230931+00:00,2026-06-18T14:36:01.168000+00:00,2026-06-18T14:36:08.369055+00:00,,937.1,8138.1,
LOG-01904,2026-06-18T14:36:00.231931+00:00,2026-06-18T14:36:01.172000+00:00,2026-06-18T14:36:08.369811+00:00,,940.1,8137.9,
LOG-01905,2026-06-18T14:36:00.232931+00:00,2026-06-18T14:36:01.173000+00:00,2026-06-18T14:36:08.370485+00:00,,940.1,8137.6,
LOG-01906,2026-06-18T14:36:00.233931+00:00,2026-06-18T14:36:01.175000+00:00,2026-06-18T14:36:08.371102+00:00,,941.1,8137.2,
LOG-01907,2026-06-18T14:36:00.234931+00:00,2026-06-18T14:36:01.177000+00:00,2026-06-18T14:36:08.371929+00:00,,942.1,8137.0,
LOG-01908,2026-06-18T14:36:00.235931+00:00,2026-06-18T14:36:01.179000+00:00,2026-06-18T14:36:08.372751+00:00,,943.1,8136.8,
LOG-01909,2026-06-18T14:36:00.236931+00:00,2026-06-18T14:36:01.181000+00:00,2026-06-18T14:36:08.373327+00:00,,944.1,8136.4,
LOG-01910,2026-06-18T14:36:00.237931+00:00,2026-06-18T14:36:01.183000+00:00,2026-06-18T14:36:08.373657+00:00,,945.1,8135.7,
LOG-01911,2026-06-18T14:36:00.238931+00:00,2026-06-18T14:36:01.185000+00:00,2026-06-18T14:36:08.374094+00:00,,946.1,8135.2,
LOG-01912,2026-06-18T14:36:00.239931+00:00,2026-06-18T14:36:01.187000+00:00,2026-06-18T14:36:08.374441+00:00,,947.1,8134.5,
LOG-01913,2026-06-18T14:36:00.240931+00:00,2026-06-18T14:36:01.189000+00:00,2026-06-18T14:36:08.375102+00:00,,948.1,8134.2,
LOG-01914,2026-06-18T14:36:00.241931+00:00,2026-06-18T14:36:01.192000+00:00,2026-06-18T14:36:08.375718+00:00,,950.1,8133.8,
LOG-01915,2026-06-18T14:36:00.242931+00:00,2026-06-18T14:36:01.193000+00:00,2026-06-18T14:36:08.376326+00:00,,950.1,8133.4,
LOG-01916,2026-06-18T14:36:00.243931+00:00,2026-06-18T14:36:01.195000+00:00,2026-06-18T14:36:08.376652+00:00,,951.1,8132.7,
LOG-01917,2026-06-18T14:36:00.244931+00:00,2026-06-18T14:36:01.197000+00:00,2026-06-18T14:36:08.377323+00:00,,952.1,8132.4,
LOG-01918,2026-06-18T14:36:00.245931+00:00,2026-06-18T14:36:01.199000+00:00,2026-06-18T14:36:08.377779+00:00,,953.1,8131.8,
LOG-01919,2026-06-18T14:36:00.246931+00:00,2026-06-18T14:36:01.201000+00:00,2026-06-18T14:36:08.378073+00:00,,954.1,8131.1,
LOG-01920,2026-06-18T14:36:00.247931+00:00,2026-06-18T14:36:01.205000+00:00,2026-06-18T14:36:08.379414+00:00,,957.1,8131.5,
LOG-01921,2026-06-18T14:36:00.248931+00:00,2026-06-18T14:36:01.207000+00:00,2026-06-18T14:36:08.380273+00:00,,958.1,8131.3,
LOG-01922,2026-06-18T14:36:00.249931+00:00,2026-06-18T14:36:01.209000+00:00,2026-06-18T14:36:08.381175+00:00,,959.1,8131.2,
LOG-01923,2026-06-18T14:36:00.250931+00:00,2026-06-18T14:36:01.213000+00:00,2026-06-18T14:36:08.381747+00:00,,962.1,8130.8,
LOG-01924,2026-06-18T14:36:00.251931+00:00,2026-06-18T14:36:01.215000+00:00,2026-06-18T14:36:08.382130+00:00,,963.1,8130.2,
LOG-01925,2026-06-18T14:36:00.252931+00:00,2026-06-18T14:36:01.217000+00:00,2026-06-18T14:36:08.382924+00:00,,964.1,8130.0,
LOG-01926,2026-06-18T14:36:00.253931+00:00,2026-06-18T14:36:01.221000+00:00,2026-06-18T14:36:08.383593+00:00,,967.1,8129.7,
LOG-01927,2026-06-18T14:36:00.254931+00:00,2026-06-18T14:36:01.222000+00:00,2026-06-18T14:36:08.384391+00:00,,967.1,8129.5,
LOG-01928,2026-06-18T14:36:00.255931+00:00,2026-06-18T14:36:01.224000+00:00,2026-06-18T14:36:08.384945+00:00,,968.1,8129.0,
LOG-01929,2026-06-18T14:36:00.256931+00:00,2026-06-18T14:36:01.226000+00:00,2026-06-18T14:36:08.385639+00:00,,969.1,8128.7,
LOG-01930,2026-06-18T14:36:00.257931+00:00,2026-06-18T14:36:01.228000+00:00,2026-06-18T14:36:08.386120+00:00,,970.1,8128.2,
LOG-01931,2026-06-18T14:36:00.258931+00:00,2026-06-18T14:36:01.230000+00:00,2026-06-18T14:36:08.386679+00:00,,971.1,8127.7,
LOG-01932,2026-06-18T14:36:00.259931+00:00,2026-06-18T14:36:01.232000+00:00,2026-06-18T14:36:08.387071+00:00,,972.1,8127.1,
LOG-01933,2026-06-18T14:36:00.260931+00:00,2026-06-18T14:36:01.234000+00:00,2026-06-18T14:36:08.387986+00:00,,973.1,8127.1,
LOG-01934,2026-06-18T14:36:00.261931+00:00,2026-06-18T14:36:01.237000+00:00,2026-06-18T14:36:08.388916+00:00,,975.1,8127.0,
LOG-01935,2026-06-18T14:36:00.262931+00:00,2026-06-18T14:36:01.238000+00:00,2026-06-18T14:36:08.389805+00:00,,975.1,8126.9,
LOG-01936,2026-06-18T14:36:00.263931+00:00,2026-06-18T14:36:01.240000+00:00,2026-06-18T14:36:08.391103+00:00,,976.1,8127.2,
LOG-01937,2026-06-18T14:36:00.264931+00:00,2026-06-18T14:36:01.242000+00:00,2026-06-18T14:36:08.391476+00:00,,977.1,8126.5,
LOG-01938,2026-06-18T14:36:00.265931+00:00,2026-06-18T14:36:01.245000+00:00,2026-06-18T14:36:08.391924+00:00,,979.1,8126.0,
LOG-01939,2026-06-18T14:36:00.266931+00:00,2026-06-18T14:36:01.246000+00:00,2026-06-18T14:36:08.392297+00:00,,979.1,8125.4,
LOG-01940,2026-06-18T14:36:00.267931+00:00,2026-06-18T14:36:01.248000+00:00,2026-06-18T14:36:08.392934+00:00,,980.1,8125.0,
LOG-01941,2026-06-18T14:36:00.268931+00:00,2026-06-18T14:36:01.250000+00:00,2026-06-18T14:36:08.393642+00:00,,981.1,8124.7,
LOG-01942,2026-06-18T14:36:00.269931+00:00,2026-06-18T14:36:01.252000+00:00,2026-06-18T14:36:08.394121+00:00,,982.1,8124.2,
LOG-01943,2026-06-18T14:36:00.270931+00:00,2026-06-18T14:36:01.256000+00:00,2026-06-18T14:36:08.394421+00:00,,985.1,8123.5,
LOG-01944,2026-06-18T14:36:00.271931+00:00,2026-06-18T14:36:01.257000+00:00,2026-06-18T14:36:08.394902+00:00,,985.1,8123.0,
LOG-01945,2026-06-18T14:36:00.272931+00:00,2026-06-18T14:36:01.259000+00:00,2026-06-18T14:36:08.395255+00:00,,986.1,8122.3,
LOG-01946,2026-06-18T14:36:00.273931+00:00,2026-06-18T14:36:01.263000+00:00,2026-06-18T14:36:08.396031+00:00,,989.1,8122.1,
LOG-01947,2026-06-18T14:36:00.274931+00:00,2026-06-18T14:36:01.264000+00:00,2026-06-18T14:36:08.396648+00:00,,989.1,8121.7,
LOG-01948,2026-06-18T14:36:00.275931+00:00,2026-06-18T14:36:01.266000+00:00,2026-06-18T14:36:08.397126+00:00,,990.1,8121.2,
LOG-01949,2026-06-18T14:36:00.276931+00:00,2026-06-18T14:36:01.268000+00:00,2026-06-18T14:36:08.397722+00:00,,991.1,8120.8,
LOG-01950,2026-06-18T14:36:00.277931+00:00,2026-06-18T14:36:01.271000+00:00,2026-06-18T14:36:08.397985+00:00,,993.1,8120.1,
LOG-01951,2026-06-18T14:36:00.278931+00:00,2026-06-18T14:36:01.272000+00:00,2026-06-18T14:36:08.398577+00:00,,993.1,8119.6,
LOG-01952,2026-06-18T14:36:00.279931+00:00,2026-06-18T14:36:01.274000+00:00,2026-06-18T14:36:08.399004+00:00,,994.1,8119.1,
LOG-01953,2026-06-18T14:36:00.280931+00:00,2026-06-18T14:36:01.276000+00:00,2026-06-18T14:36:08.399321+00:00,,995.1,8118.4,
LOG-01954,2026-06-18T14:36:00.281931+00:00,2026-06-18T14:36:01.278000+00:00,2026-06-18T14:36:08.399993+00:00,,996.1,8118.1,
LOG-01955,2026-06-18T14:36:00.282931+00:00,2026-06-18T14:36:01.280000+00:00,2026-06-18T14:36:08.400448+00:00,,997.1,8117.5,
LOG-01956,2026-06-18T14:36:00.283931+00:00,2026-06-18T14:36:01.283000+00:00,2026-06-18T14:36:08.400752+00:00,,999.1,8116.8,
LOG-01957,2026-06-18T14:36:00.284931+00:00,2026-06-18T14:36:01.284000+00:00,2026-06-18T14:36:08.401133+00:00,,999.1,8116.2,
LOG-01958,2026-06-18T14:36:00.285931+00:00,2026-06-18T14:36:01.287000+00:00,2026-06-18T14:36:08.401416+00:00,,1001.1,8115.5,
LOG-01959,2026-06-18T14:36:00.286931+00:00,2026-06-18T14:36:01.288000+00:00,2026-06-18T14:36:08.402022+00:00,,1001.1,8115.1,
LOG-01960,2026-06-18T14:36:00.287931+00:00,2026-06-18T14:36:01.290000+00:00,2026-06-18T14:36:08.402624+00:00,,1002.1,8114.7,
LOG-01961,2026-06-18T14:36:00.288931+00:00,2026-06-18T14:36:01.292000+00:00,2026-06-18T14:36:08.403226+00:00,,1003.1,8114.3,
LOG-01962,2026-06-18T14:36:00.289931+00:00,2026-06-18T14:36:01.297000+00:00,2026-06-18T14:36:08.403595+00:00,,1007.1,8113.7,
LOG-01963,2026-06-18T14:36:00.290931+00:00,2026-06-18T14:36:01.298000+00:00,2026-06-18T14:36:08.403895+00:00,,1007.1,8113.0,
LOG-01964,2026-06-18T14:36:00.291931+00:00,2026-06-18T14:36:01.300000+00:00,2026-06-18T14:36:08.404364+00:00,,1008.1,8112.4,
LOG-01965,2026-06-18T14:36:00.292931+00:00,2026-06-18T14:36:01.305000+00:00,2026-06-18T14:36:08.404698+00:00,,1012.1,8111.8,
LOG-01966,2026-06-18T14:36:00.293931+00:00,2026-06-18T14:36:01.306000+00:00,2026-06-18T14:36:08.405235+00:00,,1012.1,8111.3,
LOG-01967,2026-06-18T14:36:00.294931+00:00,2026-06-18T14:36:01.309000+00:00,2026-06-18T14:36:08.405664+00:00,,1014.1,8110.7,
LOG-01968,2026-06-18T14:36:00.295931+00:00,2026-06-18T14:36:01.310000+00:00,2026-06-18T14:36:08.406197+00:00,,1014.1,8110.3,
LOG-01969,2026-06-18T14:36:00.296931+00:00,2026-06-18T14:36:01.312000+00:00,2026-06-18T14:36:08.406550+00:00,,1015.1,8109.6,
LOG-01970,2026-06-18T14:36:00.297931+00:00,2026-06-18T14:36:01.314000+00:00,2026-06-18T14:36:08.407231+00:00,,1016.1,8109.3,
LOG-01971,2026-06-18T14:36:00.298931+00:00,2026-06-18T14:36:01.317000+00:00,2026-06-18T14:36:08.407646+00:00,,1018.1,8108.7,
LOG-01972,2026-06-18T14:36:00.299931+00:00,2026-06-18T14:36:01.318000+00:00,2026-06-18T14:36:08.407915+00:00,,1018.1,8108.0,
LOG-01973,2026-06-18T14:36:00.300931+00:00,2026-06-18T14:36:01.321000+00:00,2026-06-18T14:36:08.408549+00:00,,1020.1,8107.6,
LOG-01974,2026-06-18T14:36:00.301931+00:00,2026-06-18T14:36:01.322000+00:00,2026-06-18T14:36:08.408971+00:00,,1020.1,8107.0,
LOG-01975,2026-06-18T14:36:00.302931+00:00,2026-06-18T14:36:01.324000+00:00,2026-06-18T14:36:08.409240+00:00,,1021.1,8106.3,
LOG-01976,2026-06-18T14:36:00.303931+00:00,2026-06-18T14:36:01.326000+00:00,2026-06-18T14:36:08.409657+00:00,,1022.1,8105.7,
LOG-01977,2026-06-18T14:36:00.304931+00:00,2026-06-18T14:36:01.328000+00:00,2026-06-18T14:36:08.409958+00:00,,1023.1,8105.0,
LOG-01978,2026-06-18T14:36:00.305931+00:00,2026-06-18T14:36:01.330000+00:00,2026-06-18T14:36:08.410395+00:00,,1024.1,8104.5,
LOG-01979,2026-06-18T14:36:00.306931+00:00,2026-06-18T14:36:01.332000+00:00,2026-06-18T14:36:08.410726+00:00,,1025.1,8103.8,
LOG-01980,2026-06-18T14:36:00.307931+00:00,2026-06-18T14:36:01.334000+00:00,2026-06-18T14:36:08.411165+00:00,,1026.1,8103.2,
LOG-01981,2026-06-18T14:36:00.308931+00:00,2026-06-18T14:36:01.338000+00:00,2026-06-18T14:36:08.411455+00:00,,1029.1,8102.5,
LOG-01982,2026-06-18T14:36:00.309931+00:00,2026-06-18T14:36:01.339000+00:00,2026-06-18T14:36:08.412115+00:00,,1029.1,8102.2,
LOG-01983,2026-06-18T14:36:00.310931+00:00,2026-06-18T14:36:01.341000+00:00,2026-06-18T14:36:08.412807+00:00,,1030.1,8101.9,
LOG-01984,2026-06-18T14:36:00.311931+00:00,2026-06-18T14:36:01.343000+00:00,2026-06-18T14:36:08.413385+00:00,,1031.1,8101.5,
LOG-01985,2026-06-18T14:36:00.312931+00:00,2026-06-18T14:36:01.346000+00:00,2026-06-18T14:36:08.413747+00:00,,1033.1,8100.8,
LOG-01986,2026-06-18T14:36:00.313931+00:00,2026-06-18T14:36:01.347000+00:00,2026-06-18T14:36:08.414535+00:00,,1033.1,8100.6,
LOG-01987,2026-06-18T14:36:00.314931+00:00,2026-06-18T14:36:01.349000+00:00,2026-06-18T14:36:08.415001+00:00,,1034.1,8100.1,
LOG-01988,2026-06-18T14:36:00.315931+00:00,2026-06-18T14:36:01.351000+00:00,2026-06-18T14:36:08.415311+00:00,,1035.1,8099.4,
LOG-01989,2026-06-18T14:36:00.316931+00:00,2026-06-18T14:36:01.354000+00:00,2026-06-18T14:36:08.415911+00:00,,1037.1,8099.0,
LOG-01990,2026-06-18T14:36:00.317931+00:00,2026-06-18T14:36:01.355000+00:00,2026-06-18T14:36:08.416309+00:00,,1037.1,8098.4,
LOG-01991,2026-06-18T14:36:00.318931+00:00,2026-06-18T14:36:01.357000+00:00,2026-06-18T14:36:08.416642+00:00,,1038.1,8097.7,
LOG-01992,2026-06-18T14:36:00.319931+00:00,2026-06-18T14:36:01.359000+00:00,2026-06-18T14:36:08.417211+00:00,,1039.1,8097.3,
LOG-01993,2026-06-18T14:36:00.320931+00:00,2026-06-18T14:36:01.361000+00:00,2026-06-18T14:36:08.417612+00:00,,1040.1,8096.7,
LOG-01994,2026-06-18T14:36:00.321931+00:00,2026-06-18T14:36:01.363000+00:00,2026-06-18T14:36:08.417888+00:00,,1041.1,8096.0,
LOG-01995,2026-06-18T14:36:00.322931+00:00,2026-06-18T14:36:01.364000+00:00,2026-06-18T14:36:08.418315+00:00,,1041.1,8095.4,
LOG-01996,2026-06-18T14:36:00.323931+00:00,2026-06-18T14:36:01.366000+00:00,2026-06-18T14:36:08.418592+00:00,,1042.1,8094.7,
LOG-01997,2026-06-18T14:36:00.324931+00:00,2026-06-18T14:36:01.368000+00:00,2026-06-18T14:36:08.419148+00:00,,1043.1,8094.2,
LOG-01998,2026-06-18T14:36:00.325931+00:00,2026-06-18T14:36:01.371000+00:00,2026-06-18T14:36:08.419696+00:00,,1045.1,8093.8,
LOG-01999,2026-06-18T14:36:00.326931+00:00,2026-06-18T14:36:01.372000+00:00,2026-06-18T14:36:08.420089+00:00,,1045.1,8093.2,
LOG-02000,2026-06-18T14:36:00.327931+00:00,2026-06-18T14:36:01.374000+00:00,2026-06-18T14:36:08.420560+00:00,,1046.1,8092.6,
LOG-02001,2026-06-18T14:36:00.328931+00:00,2026-06-18T14:36:01.376000+00:00,2026-06-18T14:36:08.421363+00:00,,1047.1,8092.4,
LOG-02002,2026-06-18T14:36:00.329931+00:00,2026-06-18T14:36:01.380000+00:00,2026-06-18T14:36:08.422125+00:00,,1050.1,8092.2,
LOG-02003,2026-06-18T14:36:00.330931+00:00,2026-06-18T14:36:01.381000+00:00,2026-06-18T14:36:08.422633+00:00,,1050.1,8091.7,
LOG-02004,2026-06-18T14:36:00.331931+00:00,2026-06-18T14:36:01.383000+00:00,2026-06-18T14:36:08.422947+00:00,,1051.1,8091.0,
LOG-02005,2026-06-18T14:36:00.332931+00:00,2026-06-18T14:36:01.385000+00:00,2026-06-18T14:36:08.423313+00:00,,1052.1,8090.4,
LOG-02006,2026-06-18T14:36:00.333931+00:00,2026-06-18T14:36:01.389000+00:00,2026-06-18T14:36:08.423598+00:00,,1055.1,8089.7,
LOG-02007,2026-06-18T14:36:00.334931+00:00,2026-06-18T14:36:01.390000+00:00,2026-06-18T14:36:08.424004+00:00,,1055.1,8089.1,
LOG-02008,2026-06-18T14:36:00.335931+00:00,2026-06-18T14:36:01.392000+00:00,2026-06-18T14:36:08.424327+00:00,,1056.1,8088.4,
LOG-02009,2026-06-18T14:36:00.336931+00:00,2026-06-18T14:36:01.394000+00:00,2026-06-18T14:36:08.424725+00:00,,1057.1,8087.8,
LOG-02010,2026-06-18T14:36:00.337931+00:00,2026-06-18T14:36:01.396000+00:00,2026-06-18T14:36:08.425051+00:00,,1058.1,8087.1,
LOG-02011,2026-06-18T14:36:00.338931+00:00,2026-06-18T14:36:01.399000+00:00,2026-06-18T14:36:08.425494+00:00,,1060.1,8086.6,
LOG-02012,2026-06-18T14:36:00.339931+00:00,2026-06-18T14:36:01.401000+00:00,2026-06-18T14:36:08.425779+00:00,,1061.1,8085.8,
LOG-02013,2026-06-18T14:36:00.340931+00:00,2026-06-18T14:36:01.404000+00:00,2026-06-18T14:36:08.426172+00:00,,1063.1,8085.2,
LOG-02014,2026-06-18T14:36:00.341931+00:00,2026-06-18T14:36:01.405000+00:00,2026-06-18T14:36:08.426537+00:00,,1063.1,8084.6,
LOG-02015,2026-06-18T14:36:00.342931+00:00,2026-06-18T14:36:01.407000+00:00,2026-06-18T14:36:08.427144+00:00,,1064.1,8084.2,
LOG-02016,2026-06-18T14:36:00.343931+00:00,2026-06-18T14:36:01.409000+00:00,2026-06-18T14:36:08.427754+00:00,,1065.1,8083.8,
LOG-02017,2026-06-18T14:36:00.344931+00:00,2026-06-18T14:36:01.412000+00:00,2026-06-18T14:36:08.428122+00:00,,1067.1,8083.2,
LOG-02018,2026-06-18T14:36:00.345931+00:00,2026-06-18T14:36:01.413000+00:00,2026-06-18T14:36:08.428489+00:00,,1067.1,8082.6,
LOG-02019,2026-06-18T14:36:00.346931+00:00,2026-06-18T14:36:01.415000+00:00,2026-06-18T14:36:08.429083+00:00,,1068.1,8082.2,
LOG-02020,2026-06-18T14:36:00.347931+00:00,2026-06-18T14:36:01.417000+00:00,2026-06-18T14:36:08.429639+00:00,,1069.1,8081.7,
LOG-02021,2026-06-18T14:36:00.348931+00:00,2026-06-18T14:36:01.419000+00:00,2026-06-18T14:36:08.429997+00:00,,1070.1,8081.1,
LOG-02022,2026-06-18T14:36:00.349931+00:00,2026-06-18T14:36:01.421000+00:00,2026-06-18T14:36:08.430745+00:00,,1071.1,8080.8,
LOG-02023,2026-06-18T14:36:00.350931+00:00,2026-06-18T14:36:01.423000+00:00,2026-06-18T14:36:08.431270+00:00,,1072.1,8080.3,
LOG-02024,2026-06-18T14:36:00.351931+00:00,2026-06-18T14:36:01.425000+00:00,2026-06-18T14:36:08.431589+00:00,,1073.1,8079.7,
LOG-02025,2026-06-18T14:36:00.352931+00:00,2026-06-18T14:36:01.427000+00:00,2026-06-18T14:36:08.432004+00:00,,1074.1,8079.1,
LOG-02026,2026-06-18T14:36:00.353931+00:00,2026-06-18T14:36:01.429000+00:00,2026-06-18T14:36:08.432373+00:00,,1075.1,8078.4,
LOG-02027,2026-06-18T14:36:00.354931+00:00,2026-06-18T14:36:01.431000+00:00,2026-06-18T14:36:08.433002+00:00,,1076.1,8078.1,
LOG-02028,2026-06-18T14:36:00.355931+00:00,2026-06-18T14:36:01.433000+00:00,2026-06-18T14:36:08.433567+00:00,,1077.1,8077.6,
LOG-02029,2026-06-18T14:36:00.356931+00:00,2026-06-18T14:36:01.435000+00:00,2026-06-18T14:36:08.434007+00:00,,1078.1,8077.1,
LOG-02030,2026-06-18T14:36:00.357931+00:00,2026-06-18T14:36:01.437000+00:00,2026-06-18T14:36:08.434304+00:00,2026-06-18T14:36:44.750488+00:00,1079.1,8076.4,44392.6
LOG-02031,2026-06-18T14:36:00.358931+00:00,2026-06-18T14:36:01.439000+00:00,2026-06-18T14:36:08.434867+00:00,,1080.1,8075.9,
LOG-02032,2026-06-18T14:36:00.359931+00:00,2026-06-18T14:36:01.441000+00:00,2026-06-18T14:36:08.435260+00:00,,1081.1,8075.3,
LOG-02033,2026-06-18T14:36:00.360931+00:00,2026-06-18T14:36:01.443000+00:00,2026-06-18T14:36:08.435519+00:00,,1082.1,8074.6,
LOG-02034,2026-06-18T14:36:00.361931+00:00,2026-06-18T14:36:01.445000+00:00,2026-06-18T14:36:08.436236+00:00,,1083.1,8074.3,
LOG-02035,2026-06-18T14:36:00.362931+00:00,2026-06-18T14:36:01.447000+00:00,2026-06-18T14:36:08.436715+00:00,,1084.1,8073.8,
LOG-02036,2026-06-18T14:36:00.363931+00:00,2026-06-18T14:36:01.449000+00:00,2026-06-18T14:36:08.437475+00:00,,1085.1,8073.5,
LOG-02037,2026-06-18T14:36:00.364931+00:00,2026-06-18T14:36:01.451000+00:00,2026-06-18T14:36:08.438239+00:00,,1086.1,8073.3,
LOG-02038,2026-06-18T14:36:00.365931+00:00,2026-06-18T14:36:01.455000+00:00,2026-06-18T14:36:08.438700+00:00,,1089.1,8072.8,
LOG-02039,2026-06-18T14:36:00.366931+00:00,2026-06-18T14:36:01.456000+00:00,2026-06-18T14:36:08.439380+00:00,,1089.1,8072.4,
LOG-02040,2026-06-18T14:36:00.367931+00:00,2026-06-18T14:36:01.457000+00:00,2026-06-18T14:36:08.439902+00:00,,1089.1,8072.0,
LOG-02041,2026-06-18T14:36:00.368931+00:00,2026-06-18T14:36:01.459000+00:00,2026-06-18T14:36:08.440201+00:00,,1090.1,8071.3,
LOG-02042,2026-06-18T14:36:00.369931+00:00,2026-06-18T14:36:01.461000+00:00,2026-06-18T14:36:08.440629+00:00,,1091.1,8070.7,
LOG-02043,2026-06-18T14:36:00.370931+00:00,2026-06-18T14:36:01.463000+00:00,2026-06-18T14:36:08.440893+00:00,,1092.1,8070.0,
LOG-02044,2026-06-18T14:36:00.371931+00:00,2026-06-18T14:36:01.465000+00:00,2026-06-18T14:36:08.441522+00:00,,1093.1,8069.6,
LOG-02045,2026-06-18T14:36:00.372931+00:00,2026-06-18T14:36:01.467000+00:00,2026-06-18T14:36:08.442163+00:00,,1094.1,8069.2,
LOG-02046,2026-06-18T14:36:00.373931+00:00,2026-06-18T14:36:01.469000+00:00,2026-06-18T14:36:08.442552+00:00,,1095.1,8068.6,
LOG-02047,2026-06-18T14:36:00.374931+00:00,2026-06-18T14:36:01.471000+00:00,2026-06-18T14:36:08.442920+00:00,,1096.1,8068.0,
LOG-02048,2026-06-18T14:36:00.375931+00:00,2026-06-18T14:36:01.473000+00:00,2026-06-18T14:36:08.443503+00:00,,1097.1,8067.6,
LOG-02049,2026-06-18T14:36:00.376931+00:00,2026-06-18T14:36:01.475000+00:00,2026-06-18T14:36:08.444112+00:00,,1098.1,8067.2,
LOG-02050,2026-06-18T14:36:00.377931+00:00,2026-06-18T14:36:01.477000+00:00,2026-06-18T14:36:08.444561+00:00,,1099.1,8066.6,
LOG-02051,2026-06-18T14:36:00.378931+00:00,2026-06-18T14:36:01.479000+00:00,2026-06-18T14:36:08.444870+00:00,,1100.1,8065.9,
LOG-02052,2026-06-18T14:36:00.379931+00:00,2026-06-18T14:36:01.481000+00:00,2026-06-18T14:36:08.445677+00:00,,1101.1,8065.7,
LOG-02053,2026-06-18T14:36:00.380931+00:00,2026-06-18T14:36:01.483000+00:00,2026-06-18T14:36:08.446401+00:00,,1102.1,8065.5,
LOG-02054,2026-06-18T14:36:00.381931+00:00,2026-06-18T14:36:01.486000+00:00,2026-06-18T14:36:08.447047+00:00,,1104.1,8065.1,
LOG-02055,2026-06-18T14:36:00.382931+00:00,2026-06-18T14:36:01.488000+00:00,2026-06-18T14:36:08.447437+00:00,,1105.1,8064.5,
LOG-02056,2026-06-18T14:36:00.383931+00:00,2026-06-18T14:36:01.490000+00:00,2026-06-18T14:36:08.447861+00:00,,1106.1,8063.9,
LOG-02057,2026-06-18T14:36:00.384931+00:00,2026-06-18T14:36:01.492000+00:00,2026-06-18T14:36:08.448160+00:00,,1107.1,8063.2,
LOG-02058,2026-06-18T14:36:00.385931+00:00,2026-06-18T14:36:01.494000+00:00,2026-06-18T14:36:08.448247+00:00,,1108.1,8062.3,
LOG-02059,2026-06-18T14:36:00.386931+00:00,2026-06-18T14:36:01.496000+00:00,2026-06-18T14:36:08.448655+00:00,,1109.1,8061.7,
LOG-02060,2026-06-18T14:36:00.387931+00:00,2026-06-18T14:36:01.498000+00:00,2026-06-18T14:36:08.448924+00:00,,1110.1,8061.0,
LOG-02061,2026-06-18T14:36:00.388931+00:00,2026-06-18T14:36:01.500000+00:00,2026-06-18T14:36:08.449588+00:00,,1111.1,8060.7,
LOG-02062,2026-06-18T14:36:00.389931+00:00,2026-06-18T14:36:01.502000+00:00,2026-06-18T14:36:08.449986+00:00,,1112.1,8060.1,
LOG-02063,2026-06-18T14:36:00.390931+00:00,2026-06-18T14:36:01.504000+00:00,2026-06-18T14:36:08.450329+00:00,,1113.1,8059.4,
LOG-02064,2026-06-18T14:36:00.391931+00:00,2026-06-18T14:36:01.506000+00:00,2026-06-18T14:36:08.450789+00:00,,1114.1,8058.9,
LOG-02065,2026-06-18T14:36:00.392931+00:00,2026-06-18T14:36:01.508000+00:00,2026-06-18T14:36:08.451042+00:00,,1115.1,8058.1,
LOG-02066,2026-06-18T14:36:00.393931+00:00,2026-06-18T14:36:01.510000+00:00,2026-06-18T14:36:08.451484+00:00,,1116.1,8057.6,
LOG-02067,2026-06-18T14:36:00.394931+00:00,2026-06-18T14:36:01.512000+00:00,2026-06-18T14:36:08.451770+00:00,,1117.1,8056.8,
LOG-02068,2026-06-18T14:36:00.395931+00:00,2026-06-18T14:36:01.514000+00:00,2026-06-18T14:36:08.452201+00:00,,1118.1,8056.3,
LOG-02069,2026-06-18T14:36:00.396931+00:00,2026-06-18T14:36:01.516000+00:00,2026-06-18T14:36:08.452524+00:00,,1119.1,8055.6,
LOG-02070,2026-06-18T14:36:00.397931+00:00,2026-06-18T14:36:01.518000+00:00,2026-06-18T14:36:08.452986+00:00,,1120.1,8055.1,
LOG-02071,2026-06-18T14:36:00.398931+00:00,2026-06-18T14:36:01.519000+00:00,2026-06-18T14:36:08.453331+00:00,,1120.1,8054.4,
LOG-02072,2026-06-18T14:36:00.399931+00:00,2026-06-18T14:36:01.521000+00:00,2026-06-18T14:36:08.453926+00:00,,1121.1,8054.0,
LOG-02073,2026-06-18T14:36:00.400931+00:00,2026-06-18T14:36:01.523000+00:00,2026-06-18T14:36:08.454637+00:00,,1122.1,8053.7,
LOG-02074,2026-06-18T14:36:00.401931+00:00,2026-06-18T14:36:01.525000+00:00,2026-06-18T14:36:08.455188+00:00,,1123.1,8053.3,
LOG-02075,2026-06-18T14:36:00.402931+00:00,2026-06-18T14:36:01.527000+00:00,2026-06-18T14:36:08.455528+00:00,,1124.1,8052.6,
LOG-02076,2026-06-18T14:36:00.403931+00:00,2026-06-18T14:36:01.529000+00:00,2026-06-18T14:36:08.456066+00:00,,1125.1,8052.1,
LOG-02077,2026-06-18T14:36:00.404931+00:00,2026-06-18T14:36:01.531000+00:00,2026-06-18T14:36:08.456408+00:00,,1126.1,8051.5,
LOG-02078,2026-06-18T14:36:00.405931+00:00,2026-06-18T14:36:01.533000+00:00,2026-06-18T14:36:08.456887+00:00,,1127.1,8051.0,
LOG-02079,2026-06-18T14:36:00.406931+00:00,2026-06-18T14:36:01.535000+00:00,2026-06-18T14:36:08.457251+00:00,,1128.1,8050.3,
LOG-02080,2026-06-18T14:36:00.407931+00:00,2026-06-18T14:36:01.537000+00:00,2026-06-18T14:36:08.458008+00:00,,1129.1,8050.1,
LOG-02081,2026-06-18T14:36:00.408931+00:00,2026-06-18T14:36:01.539000+00:00,2026-06-18T14:36:08.458860+00:00,,1130.1,8049.9,
LOG-02082,2026-06-18T14:36:00.409931+00:00,2026-06-18T14:36:01.541000+00:00,2026-06-18T14:36:08.459318+00:00,,1131.1,8049.4,
LOG-02083,2026-06-18T14:36:00.410931+00:00,2026-06-18T14:36:01.543000+00:00,2026-06-18T14:36:08.459579+00:00,,1132.1,8048.6,
LOG-02084,2026-06-18T14:36:00.411931+00:00,2026-06-18T14:36:01.545000+00:00,2026-06-18T14:36:08.460148+00:00,,1133.1,8048.2,
LOG-02085,2026-06-18T14:36:00.412931+00:00,2026-06-18T14:36:01.547000+00:00,2026-06-18T14:36:08.460864+00:00,,1134.1,8047.9,
LOG-02086,2026-06-18T14:36:00.413931+00:00,2026-06-18T14:36:01.549000+00:00,2026-06-18T14:36:08.461434+00:00,,1135.1,8047.5,
LOG-02087,2026-06-18T14:36:00.414931+00:00,2026-06-18T14:36:01.551000+00:00,2026-06-18T14:36:08.461698+00:00,,1136.1,8046.8,
LOG-02088,2026-06-18T14:36:00.415931+00:00,2026-06-18T14:36:01.553000+00:00,2026-06-18T14:36:08.462439+00:00,,1137.1,8046.5,
LOG-02089,2026-06-18T14:36:00.416931+00:00,2026-06-18T14:36:01.555000+00:00,2026-06-18T14:36:08.463152+00:00,,1138.1,8046.2,
LOG-02090,2026-06-18T14:36:00.417931+00:00,2026-06-18T14:36:01.557000+00:00,2026-06-18T14:36:08.463917+00:00,,1139.1,8046.0,
LOG-02091,2026-06-18T14:36:00.418931+00:00,2026-06-18T14:36:01.559000+00:00,2026-06-18T14:36:08.464684+00:00,,1140.1,8045.8,
LOG-02092,2026-06-18T14:36:00.419931+00:00,2026-06-18T14:36:01.561000+00:00,2026-06-18T14:36:08.465160+00:00,,1141.1,8045.2,
LOG-02093,2026-06-18T14:36:00.420931+00:00,2026-06-18T14:36:01.563000+00:00,2026-06-18T14:36:08.465454+00:00,,1142.1,8044.5,
LOG-02094,2026-06-18T14:36:00.421931+00:00,2026-06-18T14:36:01.565000+00:00,2026-06-18T14:36:08.465861+00:00,,1143.1,8043.9,
LOG-02095,2026-06-18T14:36:00.422931+00:00,2026-06-18T14:36:01.567000+00:00,2026-06-18T14:36:08.466112+00:00,,1144.1,8043.2,
LOG-02096,2026-06-18T14:36:00.423931+00:00,2026-06-18T14:36:01.569000+00:00,2026-06-18T14:36:08.466490+00:00,,1145.1,8042.6,
LOG-02097,2026-06-18T14:36:00.424931+00:00,2026-06-18T14:36:01.571000+00:00,2026-06-18T14:36:08.466799+00:00,,1146.1,8041.9,
LOG-02098,2026-06-18T14:36:00.425931+00:00,2026-06-18T14:36:01.573000+00:00,2026-06-18T14:36:08.467309+00:00,,1147.1,8041.4,
LOG-02099,2026-06-18T14:36:00.426931+00:00,2026-06-18T14:36:01.575000+00:00,2026-06-18T14:36:08.467740+00:00,,1148.1,8040.8,
LOG-02100,2026-06-18T14:36:00.427931+00:00,2026-06-18T14:36:01.577000+00:00,2026-06-18T14:36:08.468292+00:00,,1149.1,8040.4,
LOG-02101,2026-06-18T14:36:00.428931+00:00,2026-06-18T14:36:01.579000+00:00,2026-06-18T14:36:08.468729+00:00,,1150.1,8039.8,
LOG-02102,2026-06-18T14:36:00.429931+00:00,2026-06-18T14:36:01.581000+00:00,2026-06-18T14:36:08.469201+00:00,,1151.1,8039.3,
LOG-02103,2026-06-18T14:36:00.430931+00:00,2026-06-18T14:36:01.583000+00:00,2026-06-18T14:36:08.469521+00:00,,1152.1,8038.6,
LOG-02104,2026-06-18T14:36:00.431931+00:00,2026-06-18T14:36:01.585000+00:00,2026-06-18T14:36:08.470018+00:00,,1153.1,8038.1,
LOG-02105,2026-06-18T14:36:00.432931+00:00,2026-06-18T14:36:01.587000+00:00,2026-06-18T14:36:08.470289+00:00,,1154.1,8037.4,
LOG-02106,2026-06-18T14:36:00.433931+00:00,2026-06-18T14:36:01.589000+00:00,2026-06-18T14:36:08.471037+00:00,,1155.1,8037.1,
LOG-02107,2026-06-18T14:36:00.434931+00:00,2026-06-18T14:36:01.591000+00:00,2026-06-18T14:36:08.471931+00:00,,1156.1,8037.0,
LOG-02108,2026-06-18T14:36:00.435931+00:00,2026-06-18T14:36:01.593000+00:00,2026-06-18T14:36:08.472426+00:00,,1157.1,8036.5,
LOG-02109,2026-06-18T14:36:00.436931+00:00,2026-06-18T14:36:01.595000+00:00,2026-06-18T14:36:08.472758+00:00,,1158.1,8035.8,
LOG-02110,2026-06-18T14:36:01.616144+00:00,2026-06-18T14:36:01.695000+00:00,2026-06-18T14:36:08.473273+00:00,,78.9,6857.1,
LOG-02111,2026-06-18T14:36:01.617144+00:00,2026-06-18T14:36:01.697000+00:00,2026-06-18T14:36:08.473572+00:00,,79.9,6856.4,
LOG-02112,2026-06-18T14:36:01.618144+00:00,2026-06-18T14:36:01.699000+00:00,2026-06-18T14:36:08.474265+00:00,,80.9,6856.1,
LOG-02113,2026-06-18T14:36:01.619144+00:00,2026-06-18T14:36:01.701000+00:00,2026-06-18T14:36:08.474735+00:00,,81.9,6855.6,
LOG-02114,2026-06-18T14:36:01.620144+00:00,2026-06-18T14:36:01.703000+00:00,2026-06-18T14:36:08.474981+00:00,,82.9,6854.8,
LOG-02115,2026-06-18T14:36:01.621144+00:00,2026-06-18T14:36:01.705000+00:00,2026-06-18T14:36:08.475380+00:00,,83.9,6854.2,
LOG-02116,2026-06-18T14:36:01.622144+00:00,2026-06-18T14:36:01.707000+00:00,2026-06-18T14:36:08.475660+00:00,,84.9,6853.5,
LOG-02117,2026-06-18T14:36:01.623144+00:00,2026-06-18T14:36:01.709000+00:00,2026-06-18T14:36:08.476271+00:00,,85.9,6853.1,
LOG-02118,2026-06-18T14:36:01.624144+00:00,2026-06-18T14:36:01.711000+00:00,2026-06-18T14:36:08.476668+00:00,,86.9,6852.5,
LOG-02119,2026-06-18T14:36:01.625144+00:00,2026-06-18T14:36:01.713000+00:00,2026-06-18T14:36:08.476921+00:00,,87.9,6851.8,
LOG-02120,2026-06-18T14:36:01.626144+00:00,2026-06-18T14:36:01.715000+00:00,2026-06-18T14:36:08.477358+00:00,,88.9,6851.2,
LOG-02121,2026-06-18T14:36:01.627144+00:00,2026-06-18T14:36:01.717000+00:00,2026-06-18T14:36:08.477666+00:00,,89.9,6850.5,
LOG-02122,2026-06-18T14:36:01.628144+00:00,2026-06-18T14:36:01.719000+00:00,2026-06-18T14:36:08.478308+00:00,,90.9,6850.2,
LOG-02123,2026-06-18T14:36:01.629144+00:00,2026-06-18T14:36:01.721000+00:00,2026-06-18T14:36:08.478992+00:00,,91.9,6849.8,
LOG-02124,2026-06-18T14:36:01.630144+00:00,2026-06-18T14:36:01.723000+00:00,2026-06-18T14:36:08.479398+00:00,,92.9,6849.3,
LOG-02125,2026-06-18T14:36:01.631144+00:00,2026-06-18T14:36:01.725000+00:00,2026-06-18T14:36:08.479836+00:00,,93.9,6848.7,
LOG-02126,2026-06-18T14:36:01.632144+00:00,2026-06-18T14:36:01.727000+00:00,2026-06-18T14:36:08.480434+00:00,,94.9,6848.3,
LOG-02127,2026-06-18T14:36:01.633144+00:00,2026-06-18T14:36:01.729000+00:00,2026-06-18T14:36:08.480794+00:00,,95.9,6847.7,
LOG-02128,2026-06-18T14:36:01.634144+00:00,2026-06-18T14:36:01.731000+00:00,2026-06-18T14:36:08.481569+00:00,,96.9,6847.4,
LOG-02129,2026-06-18T14:36:01.635144+00:00,2026-06-18T14:36:01.733000+00:00,2026-06-18T14:36:08.482005+00:00,,97.9,6846.9,
LOG-02130,2026-06-18T14:36:01.636144+00:00,2026-06-18T14:36:01.735000+00:00,2026-06-18T14:36:08.482365+00:00,,98.9,6846.2,
LOG-02131,2026-06-18T14:36:01.637144+00:00,2026-06-18T14:36:01.737000+00:00,2026-06-18T14:36:08.483020+00:00,,99.9,6845.9,
LOG-02132,2026-06-18T14:36:01.638144+00:00,2026-06-18T14:36:01.739000+00:00,2026-06-18T14:36:08.483613+00:00,,100.9,6845.5,
LOG-02133,2026-06-18T14:36:01.639144+00:00,2026-06-18T14:36:01.741000+00:00,2026-06-18T14:36:08.484054+00:00,,101.9,6844.9,
LOG-02134,2026-06-18T14:36:01.640144+00:00,2026-06-18T14:36:01.743000+00:00,2026-06-18T14:36:08.484396+00:00,,102.9,6844.3,
LOG-02135,2026-06-18T14:36:01.641144+00:00,2026-06-18T14:36:01.745000+00:00,2026-06-18T14:36:08.485007+00:00,,103.9,6843.9,
LOG-02136,2026-06-18T14:36:01.642144+00:00,2026-06-18T14:36:01.747000+00:00,2026-06-18T14:36:08.485415+00:00,,104.9,6843.3,
LOG-02137,2026-06-18T14:36:01.643144+00:00,2026-06-18T14:36:01.749000+00:00,2026-06-18T14:36:08.485710+00:00,,105.9,6842.6,
LOG-02138,2026-06-18T14:36:01.644144+00:00,2026-06-18T14:36:01.751000+00:00,2026-06-18T14:36:08.486305+00:00,,106.9,6842.2,
LOG-02139,2026-06-18T14:36:01.645144+00:00,2026-06-18T14:36:01.753000+00:00,2026-06-18T14:36:08.486895+00:00,,107.9,6841.8,
LOG-02140,2026-06-18T14:36:01.646144+00:00,2026-06-18T14:36:01.755000+00:00,2026-06-18T14:36:08.487622+00:00,,108.9,6841.5,
LOG-02141,2026-06-18T14:36:01.647144+00:00,2026-06-18T14:36:01.757000+00:00,2026-06-18T14:36:08.488469+00:00,,109.9,6841.3,
LOG-02142,2026-06-18T14:36:01.648144+00:00,2026-06-18T14:36:01.759000+00:00,2026-06-18T14:36:08.489213+00:00,,110.9,6841.1,
LOG-02143,2026-06-18T14:36:01.649144+00:00,2026-06-18T14:36:01.761000+00:00,2026-06-18T14:36:08.489621+00:00,,111.9,6840.5,
LOG-02144,2026-06-18T14:36:01.650144+00:00,2026-06-18T14:36:01.763000+00:00,2026-06-18T14:36:08.489890+00:00,,112.9,6839.7,
LOG-02145,2026-06-18T14:36:01.651144+00:00,2026-06-18T14:36:01.765000+00:00,2026-06-18T14:36:08.490363+00:00,,113.9,6839.2,
LOG-02146,2026-06-18T14:36:01.652144+00:00,2026-06-18T14:36:01.767000+00:00,2026-06-18T14:36:08.490697+00:00,,114.9,6838.6,
LOG-02147,2026-06-18T14:36:01.653144+00:00,2026-06-18T14:36:01.769000+00:00,2026-06-18T14:36:08.491155+00:00,,115.9,6838.0,
LOG-02148,2026-06-18T14:36:01.654144+00:00,2026-06-18T14:36:01.771000+00:00,2026-06-18T14:36:08.491444+00:00,,116.9,6837.3,
LOG-02149,2026-06-18T14:36:01.655144+00:00,2026-06-18T14:36:01.773000+00:00,2026-06-18T14:36:08.491891+00:00,,117.9,6836.7,
LOG-02150,2026-06-18T14:36:01.656144+00:00,2026-06-18T14:36:01.775000+00:00,2026-06-18T14:36:08.492212+00:00,,118.9,6836.1,
LOG-02151,2026-06-18T14:36:01.657144+00:00,2026-06-18T14:36:01.777000+00:00,2026-06-18T14:36:08.492876+00:00,,119.9,6835.7,
LOG-02152,2026-06-18T14:36:01.658144+00:00,2026-06-18T14:36:01.779000+00:00,2026-06-18T14:36:08.493428+00:00,,120.9,6835.3,
LOG-02153,2026-06-18T14:36:01.659144+00:00,2026-06-18T14:36:01.781000+00:00,2026-06-18T14:36:08.493704+00:00,,121.9,6834.6,
LOG-02154,2026-06-18T14:36:01.660144+00:00,2026-06-18T14:36:01.783000+00:00,2026-06-18T14:36:08.494308+00:00,,122.9,6834.2,
LOG-02155,2026-06-18T14:36:01.661144+00:00,2026-06-18T14:36:01.785000+00:00,2026-06-18T14:36:08.494941+00:00,,123.9,6833.8,
LOG-02156,2026-06-18T14:36:01.662144+00:00,2026-06-18T14:36:01.787000+00:00,2026-06-18T14:36:08.495643+00:00,,124.9,6833.5,
LOG-02157,2026-06-18T14:36:01.663144+00:00,2026-06-18T14:36:01.789000+00:00,2026-06-18T14:36:08.496172+00:00,,125.9,6833.0,
LOG-02158,2026-06-18T14:36:01.664144+00:00,2026-06-18T14:36:01.791000+00:00,2026-06-18T14:36:08.496560+00:00,,126.9,6832.4,
LOG-02159,2026-06-18T14:36:01.665144+00:00,2026-06-18T14:36:01.793000+00:00,2026-06-18T14:36:08.497147+00:00,,127.9,6832.0,
LOG-02160,2026-06-18T14:36:01.666144+00:00,2026-06-18T14:36:01.795000+00:00,2026-06-18T14:36:08.497503+00:00,,128.9,6831.4,
LOG-02161,2026-06-18T14:36:01.667144+00:00,2026-06-18T14:36:01.797000+00:00,2026-06-18T14:36:08.497993+00:00,,129.9,6830.8,
LOG-02162,2026-06-18T14:36:01.668144+00:00,2026-06-18T14:36:01.799000+00:00,2026-06-18T14:36:08.498295+00:00,,130.9,6830.2,
LOG-02163,2026-06-18T14:36:01.669144+00:00,2026-06-18T14:36:01.801000+00:00,2026-06-18T14:36:08.498942+00:00,,131.9,6829.8,
LOG-02164,2026-06-18T14:36:01.670144+00:00,2026-06-18T14:36:01.803000+00:00,2026-06-18T14:36:08.499333+00:00,,132.9,6829.2,
LOG-02165,2026-06-18T14:36:01.671144+00:00,2026-06-18T14:36:01.805000+00:00,2026-06-18T14:36:08.499586+00:00,,133.9,6828.4,
LOG-02166,2026-06-18T14:36:01.672144+00:00,2026-06-18T14:36:01.807000+00:00,2026-06-18T14:36:08.499946+00:00,,134.9,6827.8,
LOG-02167,2026-06-18T14:36:01.673144+00:00,2026-06-18T14:36:01.809000+00:00,2026-06-18T14:36:08.500298+00:00,,135.9,6827.2,
LOG-02168,2026-06-18T14:36:01.674144+00:00,2026-06-18T14:36:01.811000+00:00,2026-06-18T14:36:08.500698+00:00,,136.9,6826.6,
LOG-02169,2026-06-18T14:36:01.675144+00:00,2026-06-18T14:36:01.813000+00:00,2026-06-18T14:36:08.501009+00:00,,137.9,6825.9,
LOG-02170,2026-06-18T14:36:01.676144+00:00,2026-06-18T14:36:01.815000+00:00,2026-06-18T14:36:08.501445+00:00,,138.9,6825.3,
LOG-02171,2026-06-18T14:36:01.677144+00:00,2026-06-18T14:36:01.817000+00:00,2026-06-18T14:36:08.501712+00:00,,139.9,6824.6,
LOG-02172,2026-06-18T14:36:01.678144+00:00,2026-06-18T14:36:01.819000+00:00,2026-06-18T14:36:08.502162+00:00,,140.9,6824.0,
LOG-02173,2026-06-18T14:36:01.679144+00:00,2026-06-18T14:36:01.821000+00:00,2026-06-18T14:36:08.502575+00:00,,141.9,6823.4,
LOG-02174,2026-06-18T14:36:01.680144+00:00,2026-06-18T14:36:01.823000+00:00,2026-06-18T14:36:08.503049+00:00,,142.9,6822.9,
LOG-02175,2026-06-18T14:36:01.681144+00:00,2026-06-18T14:36:01.825000+00:00,2026-06-18T14:36:08.503356+00:00,,143.9,6822.2,
LOG-02176,2026-06-18T14:36:01.682144+00:00,2026-06-18T14:36:01.827000+00:00,2026-06-18T14:36:08.504167+00:00,,144.9,6822.0,
LOG-02177,2026-06-18T14:36:01.683144+00:00,2026-06-18T14:36:01.829000+00:00,2026-06-18T14:36:08.504771+00:00,,145.9,6821.6,
LOG-02178,2026-06-18T14:36:01.684144+00:00,2026-06-18T14:36:01.831000+00:00,2026-06-18T14:36:08.505089+00:00,,146.9,6820.9,
LOG-02179,2026-06-18T14:36:01.685144+00:00,2026-06-18T14:36:01.833000+00:00,2026-06-18T14:36:08.505664+00:00,,147.9,6820.5,
LOG-02180,2026-06-18T14:36:01.686144+00:00,2026-06-18T14:36:01.835000+00:00,2026-06-18T14:36:08.506231+00:00,,148.9,6820.1,
LOG-02181,2026-06-18T14:36:01.687144+00:00,2026-06-18T14:36:01.837000+00:00,2026-06-18T14:36:08.506566+00:00,,149.9,6819.4,
LOG-02182,2026-06-18T14:36:01.688144+00:00,2026-06-18T14:36:01.839000+00:00,2026-06-18T14:36:08.507039+00:00,,150.9,6818.9,
LOG-02183,2026-06-18T14:36:01.689144+00:00,2026-06-18T14:36:01.841000+00:00,2026-06-18T14:36:08.507349+00:00,,151.9,6818.2,
LOG-02184,2026-06-18T14:36:01.690144+00:00,2026-06-18T14:36:01.843000+00:00,2026-06-18T14:36:08.507759+00:00,,152.9,6817.6,
LOG-02185,2026-06-18T14:36:01.691144+00:00,2026-06-18T14:36:01.845000+00:00,2026-06-18T14:36:08.508036+00:00,,153.9,6816.9,
LOG-02186,2026-06-18T14:36:01.692144+00:00,2026-06-18T14:36:01.847000+00:00,2026-06-18T14:36:08.508116+00:00,,154.9,6816.0,
LOG-02187,2026-06-18T14:36:01.693144+00:00,2026-06-18T14:36:01.849000+00:00,2026-06-18T14:36:08.508852+00:00,,155.9,6815.7,
LOG-02188,2026-06-18T14:36:01.694144+00:00,2026-06-18T14:36:01.851000+00:00,2026-06-18T14:36:08.509453+00:00,,156.9,6815.3,
LOG-02189,2026-06-18T14:36:01.695144+00:00,2026-06-18T14:36:01.853000+00:00,2026-06-18T14:36:08.509768+00:00,,157.9,6814.6,
LOG-02190,2026-06-18T14:36:01.696144+00:00,2026-06-18T14:36:01.855000+00:00,2026-06-18T14:36:08.510357+00:00,,158.9,6814.2,
LOG-02191,2026-06-18T14:36:01.697144+00:00,2026-06-18T14:36:01.857000+00:00,2026-06-18T14:36:08.510723+00:00,,159.9,6813.6,
LOG-02192,2026-06-18T14:36:01.698144+00:00,2026-06-18T14:36:01.859000+00:00,2026-06-18T14:36:08.511053+00:00,,160.9,6812.9,
LOG-02193,2026-06-18T14:36:01.699144+00:00,2026-06-18T14:36:01.861000+00:00,2026-06-18T14:36:08.511623+00:00,,161.9,6812.5,
LOG-02194,2026-06-18T14:36:01.700144+00:00,2026-06-18T14:36:01.863000+00:00,2026-06-18T14:36:08.512294+00:00,,162.9,6812.1,
LOG-02195,2026-06-18T14:36:01.701144+00:00,2026-06-18T14:36:01.865000+00:00,2026-06-18T14:36:08.512834+00:00,,163.9,6811.7,
LOG-02196,2026-06-18T14:36:01.702144+00:00,2026-06-18T14:36:01.867000+00:00,2026-06-18T14:36:08.513739+00:00,,164.9,6811.6,
LOG-02197,2026-06-18T14:36:01.703144+00:00,2026-06-18T14:36:01.869000+00:00,2026-06-18T14:36:08.514182+00:00,,165.9,6811.0,
LOG-02198,2026-06-18T14:36:01.704144+00:00,2026-06-18T14:36:01.871000+00:00,2026-06-18T14:36:08.514743+00:00,,166.9,6810.6,
LOG-02199,2026-06-18T14:36:01.705144+00:00,2026-06-18T14:36:01.873000+00:00,2026-06-18T14:36:08.515116+00:00,,167.9,6810.0,
LOG-02200,2026-06-18T14:36:01.706144+00:00,2026-06-18T14:36:01.875000+00:00,2026-06-18T14:36:08.515815+00:00,,168.9,6809.7,
LOG-02201,2026-06-18T14:36:01.707144+00:00,2026-06-18T14:36:01.877000+00:00,2026-06-18T14:36:08.516283+00:00,,169.9,6809.1,
LOG-02202,2026-06-18T14:36:01.708144+00:00,2026-06-18T14:36:01.879000+00:00,2026-06-18T14:36:08.516574+00:00,,170.9,6808.4,
LOG-02203,2026-06-18T14:36:01.709144+00:00,2026-06-18T14:36:01.881000+00:00,2026-06-18T14:36:08.517160+00:00,,171.9,6808.0,
LOG-02204,2026-06-18T14:36:01.710144+00:00,2026-06-18T14:36:01.883000+00:00,2026-06-18T14:36:08.517616+00:00,,172.9,6807.5,
LOG-02205,2026-06-18T14:36:01.711144+00:00,2026-06-18T14:36:01.885000+00:00,2026-06-18T14:36:08.517895+00:00,,173.9,6806.8,
LOG-02206,2026-06-18T14:36:01.712144+00:00,2026-06-18T14:36:01.887000+00:00,2026-06-18T14:36:08.518528+00:00,,174.9,6806.4,
LOG-02207,2026-06-18T14:36:01.713144+00:00,2026-06-18T14:36:01.889000+00:00,2026-06-18T14:36:08.519139+00:00,,175.9,6806.0,
LOG-02208,2026-06-18T14:36:01.714144+00:00,2026-06-18T14:36:01.891000+00:00,2026-06-18T14:36:08.519521+00:00,,176.9,6805.4,
LOG-02209,2026-06-18T14:36:01.715144+00:00,2026-06-18T14:36:01.893000+00:00,2026-06-18T14:36:08.519809+00:00,,177.9,6804.7,
LOG-02210,2026-06-18T14:36:01.716144+00:00,2026-06-18T14:36:01.895000+00:00,2026-06-18T14:36:08.520224+00:00,,178.9,6804.1,
LOG-02211,2026-06-18T14:36:01.717144+00:00,2026-06-18T14:36:01.897000+00:00,2026-06-18T14:36:08.520527+00:00,,179.9,6803.4,
LOG-02212,2026-06-18T14:36:01.718144+00:00,2026-06-18T14:36:01.899000+00:00,2026-06-18T14:36:08.521258+00:00,,180.9,6803.1,
LOG-02213,2026-06-18T14:36:01.719144+00:00,2026-06-18T14:36:01.901000+00:00,2026-06-18T14:36:08.521892+00:00,,181.9,6802.7,
LOG-02214,2026-06-18T14:36:01.720144+00:00,2026-06-18T14:36:01.903000+00:00,2026-06-18T14:36:08.522301+00:00,,182.9,6802.2,
LOG-02215,2026-06-18T14:36:01.721144+00:00,2026-06-18T14:36:01.905000+00:00,2026-06-18T14:36:08.523058+00:00,,183.9,6801.9,
LOG-02216,2026-06-18T14:36:01.722144+00:00,2026-06-18T14:36:01.907000+00:00,2026-06-18T14:36:08.523486+00:00,,184.9,6801.3,
LOG-02217,2026-06-18T14:36:01.723144+00:00,2026-06-18T14:36:01.909000+00:00,2026-06-18T14:36:08.523794+00:00,,185.9,6800.6,
LOG-02218,2026-06-18T14:36:01.724144+00:00,2026-06-18T14:36:01.911000+00:00,2026-06-18T14:36:08.524436+00:00,,186.9,6800.3,
LOG-02219,2026-06-18T14:36:01.725144+00:00,2026-06-18T14:36:01.913000+00:00,2026-06-18T14:36:08.524907+00:00,,187.9,6799.8,
LOG-02220,2026-06-18T14:36:01.726144+00:00,2026-06-18T14:36:01.915000+00:00,2026-06-18T14:36:08.525166+00:00,,188.9,6799.0,
LOG-02221,2026-06-18T14:36:01.727144+00:00,2026-06-18T14:36:01.917000+00:00,2026-06-18T14:36:08.525554+00:00,,189.9,6798.4,
LOG-02222,2026-06-18T14:36:01.728144+00:00,2026-06-18T14:36:01.919000+00:00,2026-06-18T14:36:08.525857+00:00,,190.9,6797.7,
LOG-02223,2026-06-18T14:36:01.729144+00:00,2026-06-18T14:36:01.921000+00:00,2026-06-18T14:36:08.525977+00:00,,191.9,6796.8,
LOG-02224,2026-06-18T14:36:01.730144+00:00,2026-06-18T14:36:01.923000+00:00,2026-06-18T14:36:08.526582+00:00,,192.9,6796.4,
LOG-02225,2026-06-18T14:36:01.731144+00:00,2026-06-18T14:36:01.925000+00:00,2026-06-18T14:36:08.526980+00:00,,193.9,6795.8,
LOG-02226,2026-06-18T14:36:01.732144+00:00,2026-06-18T14:36:01.927000+00:00,2026-06-18T14:36:08.527312+00:00,,194.9,6795.2,
LOG-02227,2026-06-18T14:36:01.733144+00:00,2026-06-18T14:36:01.929000+00:00,2026-06-18T14:36:08.528007+00:00,,195.9,6794.9,
LOG-02228,2026-06-18T14:36:01.734144+00:00,2026-06-18T14:36:01.931000+00:00,2026-06-18T14:36:08.528653+00:00,,196.9,6794.5,
LOG-02229,2026-06-18T14:36:01.735144+00:00,2026-06-18T14:36:01.933000+00:00,2026-06-18T14:36:08.529113+00:00,,197.9,6794.0,
LOG-02230,2026-06-18T14:36:01.736144+00:00,2026-06-18T14:36:01.935000+00:00,2026-06-18T14:36:08.529421+00:00,,198.9,6793.3,
LOG-02231,2026-06-18T14:36:01.737144+00:00,2026-06-18T14:36:01.937000+00:00,2026-06-18T14:36:08.529929+00:00,,199.9,6792.8,
LOG-02232,2026-06-18T14:36:01.738144+00:00,2026-06-18T14:36:01.939000+00:00,2026-06-18T14:36:08.530340+00:00,,200.9,6792.2,
LOG-02233,2026-06-18T14:36:01.739144+00:00,2026-06-18T14:36:01.941000+00:00,2026-06-18T14:36:08.531109+00:00,,201.9,6792.0,
LOG-02234,2026-06-18T14:36:01.740144+00:00,2026-06-18T14:36:01.943000+00:00,2026-06-18T14:36:08.531707+00:00,,202.9,6791.6,
LOG-02235,2026-06-18T14:36:01.741144+00:00,2026-06-18T14:36:01.945000+00:00,2026-06-18T14:36:08.532160+00:00,,203.9,6791.0,
LOG-02236,2026-06-18T14:36:01.742144+00:00,2026-06-18T14:36:01.947000+00:00,2026-06-18T14:36:08.532596+00:00,,204.9,6790.5,
LOG-02237,2026-06-18T14:36:01.743144+00:00,2026-06-18T14:36:01.949000+00:00,2026-06-18T14:36:08.533041+00:00,,205.9,6789.9,
LOG-02238,2026-06-18T14:36:01.744144+00:00,2026-06-18T14:36:01.951000+00:00,2026-06-18T14:36:08.533364+00:00,,206.9,6789.2,
LOG-02239,2026-06-18T14:36:01.745144+00:00,2026-06-18T14:36:01.953000+00:00,2026-06-18T14:36:08.533757+00:00,,207.9,6788.6,
LOG-02240,2026-06-18T14:36:01.746144+00:00,2026-06-18T14:36:01.955000+00:00,2026-06-18T14:36:08.534063+00:00,,208.9,6787.9,
LOG-02241,2026-06-18T14:36:01.747144+00:00,2026-06-18T14:36:01.957000+00:00,2026-06-18T14:36:08.535394+00:00,,209.9,6788.2,
LOG-02242,2026-06-18T14:36:01.748144+00:00,2026-06-18T14:36:01.959000+00:00,2026-06-18T14:36:08.542169+00:00,,210.9,6794.0,
LOG-02243,2026-06-18T14:36:01.749144+00:00,2026-06-18T14:36:01.961000+00:00,2026-06-18T14:36:08.542867+00:00,,211.9,6793.7,
LOG-02244,2026-06-18T14:36:01.750144+00:00,2026-06-18T14:36:01.963000+00:00,2026-06-18T14:36:08.543255+00:00,,212.9,6793.1,
LOG-02245,2026-06-18T14:36:01.751144+00:00,2026-06-18T14:36:01.965000+00:00,2026-06-18T14:36:08.543550+00:00,,213.9,6792.4,
LOG-02246,2026-06-18T14:36:01.752144+00:00,2026-06-18T14:36:01.967000+00:00,2026-06-18T14:36:08.544182+00:00,,214.9,6792.0,
LOG-02247,2026-06-18T14:36:01.753144+00:00,2026-06-18T14:36:01.969000+00:00,2026-06-18T14:36:08.544609+00:00,,215.9,6791.5,
LOG-02248,2026-06-18T14:36:01.754144+00:00,2026-06-18T14:36:01.971000+00:00,2026-06-18T14:36:08.544890+00:00,,216.9,6790.7,
LOG-02249,2026-06-18T14:36:01.755144+00:00,2026-06-18T14:36:01.972000+00:00,2026-06-18T14:36:08.545294+00:00,,216.9,6790.2,
LOG-02250,2026-06-18T14:36:01.756144+00:00,2026-06-18T14:36:01.974000+00:00,2026-06-18T14:36:08.545610+00:00,,217.9,6789.5,
LOG-02251,2026-06-18T14:36:01.757144+00:00,2026-06-18T14:36:01.976000+00:00,2026-06-18T14:36:08.546430+00:00,,218.9,6789.3,
LOG-02252,2026-06-18T14:36:01.758144+00:00,2026-06-18T14:36:01.978000+00:00,2026-06-18T14:36:08.546962+00:00,,219.9,6788.8,
LOG-02253,2026-06-18T14:36:01.759144+00:00,2026-06-18T14:36:01.980000+00:00,2026-06-18T14:36:08.547365+00:00,,220.9,6788.2,
LOG-02254,2026-06-18T14:36:01.760144+00:00,2026-06-18T14:36:01.982000+00:00,2026-06-18T14:36:08.547901+00:00,,221.9,6787.8,
LOG-02255,2026-06-18T14:36:01.761144+00:00,2026-06-18T14:36:01.984000+00:00,2026-06-18T14:36:08.548174+00:00,,222.9,6787.0,
LOG-02256,2026-06-18T14:36:01.762144+00:00,2026-06-18T14:36:01.986000+00:00,2026-06-18T14:36:08.548800+00:00,,223.9,6786.7,
LOG-02257,2026-06-18T14:36:01.763144+00:00,2026-06-18T14:36:01.988000+00:00,2026-06-18T14:36:08.549235+00:00,,224.9,6786.1,
LOG-02258,2026-06-18T14:36:01.764144+00:00,2026-06-18T14:36:01.990000+00:00,2026-06-18T14:36:08.549508+00:00,,225.9,6785.4,
LOG-02259,2026-06-18T14:36:01.765144+00:00,2026-06-18T14:36:01.992000+00:00,2026-06-18T14:36:08.550049+00:00,,226.9,6784.9,
LOG-02260,2026-06-18T14:36:01.766144+00:00,2026-06-18T14:36:01.994000+00:00,2026-06-18T14:36:08.550586+00:00,,227.9,6784.4,
LOG-02261,2026-06-18T14:36:01.767144+00:00,2026-06-18T14:36:01.996000+00:00,2026-06-18T14:36:08.551209+00:00,,228.9,6784.1,
LOG-02262,2026-06-18T14:36:01.768144+00:00,2026-06-18T14:36:01.998000+00:00,2026-06-18T14:36:08.551619+00:00,,229.9,6783.5,
LOG-02263,2026-06-18T14:36:01.769144+00:00,2026-06-18T14:36:02+00:00,2026-06-18T14:36:08.551886+00:00,,230.9,6782.7,
LOG-02264,2026-06-18T14:36:01.770144+00:00,2026-06-18T14:36:02.002000+00:00,2026-06-18T14:36:08.552466+00:00,,231.9,6782.3,
LOG-02265,2026-06-18T14:36:01.771144+00:00,2026-06-18T14:36:02.004000+00:00,2026-06-18T14:36:08.552893+00:00,,232.9,6781.7,
LOG-02266,2026-06-18T14:36:01.772144+00:00,2026-06-18T14:36:02.006000+00:00,2026-06-18T14:36:08.553221+00:00,,233.9,6781.1,
LOG-02267,2026-06-18T14:36:01.773144+00:00,2026-06-18T14:36:02.008000+00:00,2026-06-18T14:36:08.553674+00:00,,234.9,6780.5,
LOG-02268,2026-06-18T14:36:01.774144+00:00,2026-06-18T14:36:02.010000+00:00,2026-06-18T14:36:08.554055+00:00,,235.9,6779.9,
LOG-02269,2026-06-18T14:36:01.775144+00:00,2026-06-18T14:36:02.012000+00:00,2026-06-18T14:36:08.554808+00:00,,236.9,6779.7,
LOG-02270,2026-06-18T14:36:01.776144+00:00,2026-06-18T14:36:02.014000+00:00,2026-06-18T14:36:08.555352+00:00,,237.9,6779.2,
LOG-02271,2026-06-18T14:36:01.777144+00:00,2026-06-18T14:36:02.016000+00:00,2026-06-18T14:36:08.555747+00:00,,238.9,6778.6,
LOG-02272,2026-06-18T14:36:01.778144+00:00,2026-06-18T14:36:02.018000+00:00,2026-06-18T14:36:08.556303+00:00,,239.9,6778.2,
LOG-02273,2026-06-18T14:36:01.779144+00:00,2026-06-18T14:36:02.020000+00:00,2026-06-18T14:36:08.556570+00:00,,240.9,6777.4,
LOG-02274,2026-06-18T14:36:01.780144+00:00,2026-06-18T14:36:02.022000+00:00,2026-06-18T14:36:08.557072+00:00,,241.9,6776.9,
LOG-02275,2026-06-18T14:36:01.781144+00:00,2026-06-18T14:36:02.024000+00:00,2026-06-18T14:36:08.557394+00:00,,242.9,6776.3,
LOG-02276,2026-06-18T14:36:01.782144+00:00,2026-06-18T14:36:02.026000+00:00,2026-06-18T14:36:08.558007+00:00,,243.9,6775.9,
LOG-02277,2026-06-18T14:36:01.783144+00:00,2026-06-18T14:36:02.028000+00:00,2026-06-18T14:36:08.558579+00:00,,244.9,6775.4,
LOG-02278,2026-06-18T14:36:01.784144+00:00,2026-06-18T14:36:02.030000+00:00,2026-06-18T14:36:08.559159+00:00,,245.9,6775.0,
LOG-02279,2026-06-18T14:36:01.785144+00:00,2026-06-18T14:36:02.032000+00:00,2026-06-18T14:36:08.559610+00:00,,246.9,6774.5,
LOG-02280,2026-06-18T14:36:01.786144+00:00,2026-06-18T14:36:02.034000+00:00,2026-06-18T14:36:08.559911+00:00,,247.9,6773.8,
LOG-02281,2026-06-18T14:36:01.787144+00:00,2026-06-18T14:36:02.036000+00:00,2026-06-18T14:36:08.560600+00:00,,248.9,6773.5,
LOG-02282,2026-06-18T14:36:01.788144+00:00,2026-06-18T14:36:02.038000+00:00,2026-06-18T14:36:08.561186+00:00,,249.9,6773.0,
LOG-02283,2026-06-18T14:36:01.789144+00:00,2026-06-18T14:36:02.040000+00:00,2026-06-18T14:36:08.561613+00:00,,250.9,6772.5,
LOG-02284,2026-06-18T14:36:01.790144+00:00,2026-06-18T14:36:02.042000+00:00,2026-06-18T14:36:08.561901+00:00,,251.9,6771.8,
LOG-02285,2026-06-18T14:36:01.791144+00:00,2026-06-18T14:36:02.044000+00:00,2026-06-18T14:36:08.562640+00:00,,252.9,6771.5,
LOG-02286,2026-06-18T14:36:01.792144+00:00,2026-06-18T14:36:02.046000+00:00,2026-06-18T14:36:08.563188+00:00,2026-06-18T14:36:47.275087+00:00,253.9,6771.0,45482.9
LOG-02287,2026-06-18T14:36:01.793144+00:00,2026-06-18T14:36:02.048000+00:00,2026-06-18T14:36:08.563991+00:00,,254.9,6770.8,
LOG-02288,2026-06-18T14:36:01.794144+00:00,2026-06-18T14:36:02.050000+00:00,2026-06-18T14:36:08.564337+00:00,,255.9,6770.2,
LOG-02289,2026-06-18T14:36:01.795144+00:00,2026-06-18T14:36:02.052000+00:00,2026-06-18T14:36:08.564763+00:00,,256.9,6769.6,
LOG-02290,2026-06-18T14:36:01.796144+00:00,2026-06-18T14:36:02.054000+00:00,2026-06-18T14:36:08.565059+00:00,,257.9,6768.9,
LOG-02291,2026-06-18T14:36:01.797144+00:00,2026-06-18T14:36:02.056000+00:00,2026-06-18T14:36:08.565488+00:00,,258.9,6768.3,
LOG-02292,2026-06-18T14:36:01.798144+00:00,2026-06-18T14:36:02.058000+00:00,2026-06-18T14:36:08.565832+00:00,,259.9,6767.7,
LOG-02293,2026-06-18T14:36:01.799144+00:00,2026-06-18T14:36:02.060000+00:00,2026-06-18T14:36:08.566411+00:00,,260.9,6767.3,
LOG-02294,2026-06-18T14:36:01.800144+00:00,2026-06-18T14:36:02.062000+00:00,2026-06-18T14:36:08.567042+00:00,,261.9,6766.9,
LOG-02295,2026-06-18T14:36:01.801144+00:00,2026-06-18T14:36:02.064000+00:00,2026-06-18T14:36:08.567548+00:00,,262.9,6766.4,
LOG-02296,2026-06-18T14:36:01.802144+00:00,2026-06-18T14:36:02.066000+00:00,2026-06-18T14:36:08.567860+00:00,,263.9,6765.7,
LOG-02297,2026-06-18T14:36:01.803144+00:00,2026-06-18T14:36:02.068000+00:00,2026-06-18T14:36:08.568541+00:00,,264.9,6765.4,
LOG-02298,2026-06-18T14:36:01.804144+00:00,2026-06-18T14:36:02.070000+00:00,2026-06-18T14:36:08.568947+00:00,,265.9,6764.8,
LOG-02299,2026-06-18T14:36:01.805144+00:00,2026-06-18T14:36:02.072000+00:00,2026-06-18T14:36:08.569231+00:00,,266.9,6764.1,
LOG-02300,2026-06-18T14:36:01.806144+00:00,2026-06-18T14:36:02.074000+00:00,2026-06-18T14:36:08.569621+00:00,,267.9,6763.5,
LOG-02301,2026-06-18T14:36:01.807144+00:00,2026-06-18T14:36:02.076000+00:00,2026-06-18T14:36:08.569902+00:00,,268.9,6762.8,
LOG-02302,2026-06-18T14:36:01.808144+00:00,2026-06-18T14:36:02.078000+00:00,2026-06-18T14:36:08.570514+00:00,,269.9,6762.4,
LOG-02303,2026-06-18T14:36:01.809144+00:00,2026-06-18T14:36:02.080000+00:00,2026-06-18T14:36:08.570970+00:00,,270.9,6761.8,
LOG-02304,2026-06-18T14:36:01.810144+00:00,2026-06-18T14:36:02.082000+00:00,2026-06-18T14:36:08.571343+00:00,,271.9,6761.2,
LOG-02305,2026-06-18T14:36:01.811144+00:00,2026-06-18T14:36:02.084000+00:00,2026-06-18T14:36:08.572176+00:00,,272.9,6761.0,
LOG-02306,2026-06-18T14:36:01.812144+00:00,2026-06-18T14:36:02.086000+00:00,2026-06-18T14:36:08.572787+00:00,,273.9,6760.6,
LOG-02307,2026-06-18T14:36:01.813144+00:00,2026-06-18T14:36:02.088000+00:00,2026-06-18T14:36:08.573135+00:00,,274.9,6760.0,
LOG-02308,2026-06-18T14:36:01.814144+00:00,2026-06-18T14:36:02.090000+00:00,2026-06-18T14:36:08.573555+00:00,,275.9,6759.4,
LOG-02309,2026-06-18T14:36:01.815144+00:00,2026-06-18T14:36:02.092000+00:00,2026-06-18T14:36:08.573846+00:00,,276.9,6758.7,
LOG-02310,2026-06-18T14:36:01.816144+00:00,2026-06-18T14:36:02.094000+00:00,2026-06-18T14:36:08.574249+00:00,,277.9,6758.1,
LOG-02311,2026-06-18T14:36:01.817144+00:00,2026-06-18T14:36:02.096000+00:00,2026-06-18T14:36:08.574512+00:00,,278.9,6757.4,
LOG-02312,2026-06-18T14:36:01.818144+00:00,2026-06-18T14:36:02.098000+00:00,2026-06-18T14:36:08.574918+00:00,,279.9,6756.8,
LOG-02313,2026-06-18T14:36:01.819144+00:00,2026-06-18T14:36:02.100000+00:00,2026-06-18T14:36:08.575175+00:00,,280.9,6756.0,
LOG-02314,2026-06-18T14:36:01.820144+00:00,2026-06-18T14:36:02.102000+00:00,2026-06-18T14:36:08.575764+00:00,,281.9,6755.6,
LOG-02315,2026-06-18T14:36:01.821144+00:00,2026-06-18T14:36:02.104000+00:00,2026-06-18T14:36:08.576129+00:00,,282.9,6755.0,
LOG-02316,2026-06-18T14:36:01.822144+00:00,2026-06-18T14:36:02.106000+00:00,2026-06-18T14:36:08.576400+00:00,,283.9,6754.3,
LOG-02317,2026-06-18T14:36:01.823144+00:00,2026-06-18T14:36:02.108000+00:00,2026-06-18T14:36:08.576922+00:00,,284.9,6753.8,
LOG-02318,2026-06-18T14:36:01.824144+00:00,2026-06-18T14:36:02.110000+00:00,2026-06-18T14:36:08.577245+00:00,,285.9,6753.1,
LOG-02319,2026-06-18T14:36:01.825144+00:00,2026-06-18T14:36:02.112000+00:00,2026-06-18T14:36:08.577855+00:00,,286.9,6752.7,
LOG-02320,2026-06-18T14:36:01.826144+00:00,2026-06-18T14:36:02.114000+00:00,2026-06-18T14:36:08.578427+00:00,,287.9,6752.3,
LOG-02321,2026-06-18T14:36:01.827144+00:00,2026-06-18T14:36:02.116000+00:00,2026-06-18T14:36:08.578935+00:00,,288.9,6751.8,
LOG-02322,2026-06-18T14:36:01.828144+00:00,2026-06-18T14:36:02.118000+00:00,2026-06-18T14:36:08.579282+00:00,,289.9,6751.1,
LOG-02323,2026-06-18T14:36:01.829144+00:00,2026-06-18T14:36:02.120000+00:00,2026-06-18T14:36:08.579763+00:00,,290.9,6750.6,
LOG-02324,2026-06-18T14:36:01.830144+00:00,2026-06-18T14:36:02.122000+00:00,2026-06-18T14:36:08.580155+00:00,,291.9,6750.0,
LOG-02325,2026-06-18T14:36:01.831144+00:00,2026-06-18T14:36:02.124000+00:00,2026-06-18T14:36:08.580975+00:00,,292.9,6749.8,
LOG-02326,2026-06-18T14:36:01.832144+00:00,2026-06-18T14:36:02.126000+00:00,2026-06-18T14:36:08.581364+00:00,,293.9,6749.2,
LOG-02327,2026-06-18T14:36:01.833144+00:00,2026-06-18T14:36:02.128000+00:00,2026-06-18T14:36:08.581722+00:00,,294.9,6748.6,
LOG-02328,2026-06-18T14:36:01.834144+00:00,2026-06-18T14:36:02.130000+00:00,2026-06-18T14:36:08.582352+00:00,,295.9,6748.2,
LOG-02329,2026-06-18T14:36:01.835144+00:00,2026-06-18T14:36:02.132000+00:00,2026-06-18T14:36:08.582867+00:00,,296.9,6747.7,
LOG-02330,2026-06-18T14:36:01.836144+00:00,2026-06-18T14:36:02.134000+00:00,2026-06-18T14:36:08.583178+00:00,,297.9,6747.0,
LOG-02331,2026-06-18T14:36:01.837144+00:00,2026-06-18T14:36:02.136000+00:00,2026-06-18T14:36:08.583765+00:00,,298.9,6746.6,
LOG-02332,2026-06-18T14:36:01.838144+00:00,2026-06-18T14:36:02.138000+00:00,2026-06-18T14:36:08.584172+00:00,,299.9,6746.0,
LOG-02333,2026-06-18T14:36:01.839144+00:00,2026-06-18T14:36:02.140000+00:00,2026-06-18T14:36:08.584461+00:00,,300.9,6745.3,
LOG-02334,2026-06-18T14:36:01.840144+00:00,2026-06-18T14:36:02.142000+00:00,2026-06-18T14:36:08.585156+00:00,,301.9,6745.0,
LOG-02335,2026-06-18T14:36:01.841144+00:00,2026-06-18T14:36:02.144000+00:00,2026-06-18T14:36:08.585605+00:00,,302.9,6744.5,
LOG-02336,2026-06-18T14:36:01.842144+00:00,2026-06-18T14:36:02.146000+00:00,2026-06-18T14:36:08.585931+00:00,,303.9,6743.8,
LOG-02337,2026-06-18T14:36:01.843144+00:00,2026-06-18T14:36:02.148000+00:00,2026-06-18T14:36:08.586567+00:00,,304.9,6743.4,
LOG-02338,2026-06-18T14:36:01.844144+00:00,2026-06-18T14:36:02.150000+00:00,2026-06-18T14:36:08.586971+00:00,,305.9,6742.8,
LOG-02339,2026-06-18T14:36:01.845144+00:00,2026-06-18T14:36:02.152000+00:00,2026-06-18T14:36:08.587348+00:00,,306.9,6742.2,
LOG-02340,2026-06-18T14:36:01.846144+00:00,2026-06-18T14:36:02.154000+00:00,2026-06-18T14:36:08.588082+00:00,,307.9,6741.9,
LOG-02341,2026-06-18T14:36:01.847144+00:00,2026-06-18T14:36:02.156000+00:00,2026-06-18T14:36:08.588886+00:00,,308.9,6741.7,
LOG-02342,2026-06-18T14:36:01.848144+00:00,2026-06-18T14:36:02.158000+00:00,2026-06-18T14:36:08.589395+00:00,,309.9,6741.3,
LOG-02343,2026-06-18T14:36:01.849144+00:00,2026-06-18T14:36:02.160000+00:00,2026-06-18T14:36:08.589685+00:00,,310.9,6740.5,
LOG-02344,2026-06-18T14:36:01.850144+00:00,2026-06-18T14:36:02.162000+00:00,2026-06-18T14:36:08.590120+00:00,,311.9,6740.0,
LOG-02345,2026-06-18T14:36:01.851144+00:00,2026-06-18T14:36:02.164000+00:00,2026-06-18T14:36:08.590382+00:00,,312.9,6739.2,
LOG-02346,2026-06-18T14:36:01.852144+00:00,2026-06-18T14:36:02.166000+00:00,2026-06-18T14:36:08.590846+00:00,,313.9,6738.7,
LOG-02347,2026-06-18T14:36:01.853144+00:00,2026-06-18T14:36:02.168000+00:00,2026-06-18T14:36:08.591157+00:00,,314.9,6738.0,
LOG-02348,2026-06-18T14:36:01.854144+00:00,2026-06-18T14:36:02.170000+00:00,2026-06-18T14:36:08.591567+00:00,,315.9,6737.4,
LOG-02349,2026-06-18T14:36:01.855144+00:00,2026-06-18T14:36:02.172000+00:00,2026-06-18T14:36:08.591843+00:00,,316.9,6736.7,
LOG-02350,2026-06-18T14:36:01.856144+00:00,2026-06-18T14:36:02.174000+00:00,2026-06-18T14:36:08.592326+00:00,,317.9,6736.2,
LOG-02351,2026-06-18T14:36:01.857144+00:00,2026-06-18T14:36:02.176000+00:00,2026-06-18T14:36:08.592665+00:00,,318.9,6735.5,
LOG-02352,2026-06-18T14:36:01.858144+00:00,2026-06-18T14:36:02.178000+00:00,2026-06-18T14:36:08.593187+00:00,,319.9,6735.0,
LOG-02353,2026-06-18T14:36:01.859144+00:00,2026-06-18T14:36:02.180000+00:00,2026-06-18T14:36:08.593510+00:00,,320.9,6734.4,
LOG-02354,2026-06-18T14:36:01.860144+00:00,2026-06-18T14:36:02.182000+00:00,2026-06-18T14:36:08.594214+00:00,,321.9,6734.1,
LOG-02355,2026-06-18T14:36:01.861144+00:00,2026-06-18T14:36:02.184000+00:00,2026-06-18T14:36:08.594667+00:00,,322.9,6733.5,
LOG-02356,2026-06-18T14:36:01.862144+00:00,2026-06-18T14:36:02.186000+00:00,2026-06-18T14:36:08.594951+00:00,,323.9,6732.8,
LOG-02357,2026-06-18T14:36:01.863144+00:00,2026-06-18T14:36:02.188000+00:00,2026-06-18T14:36:08.595347+00:00,,324.9,6732.2,
LOG-02358,2026-06-18T14:36:01.864144+00:00,2026-06-18T14:36:02.190000+00:00,2026-06-18T14:36:08.595668+00:00,,325.9,6731.5,
LOG-02359,2026-06-18T14:36:01.865144+00:00,2026-06-18T14:36:02.192000+00:00,2026-06-18T14:36:08.596145+00:00,,326.9,6731.0,
LOG-02360,2026-06-18T14:36:01.866144+00:00,2026-06-18T14:36:02.194000+00:00,2026-06-18T14:36:08.596916+00:00,,327.9,6730.8,
LOG-02361,2026-06-18T14:36:01.867144+00:00,2026-06-18T14:36:02.196000+00:00,2026-06-18T14:36:08.597386+00:00,,328.9,6730.2,
LOG-02362,2026-06-18T14:36:01.868144+00:00,2026-06-18T14:36:02.197000+00:00,2026-06-18T14:36:08.597911+00:00,,328.9,6729.8,
LOG-02363,2026-06-18T14:36:01.869144+00:00,2026-06-18T14:36:02.199000+00:00,2026-06-18T14:36:08.598210+00:00,,329.9,6729.1,
LOG-02364,2026-06-18T14:36:01.870144+00:00,2026-06-18T14:36:02.201000+00:00,2026-06-18T14:36:08.598664+00:00,,330.9,6728.5,
LOG-02365,2026-06-18T14:36:01.871144+00:00,2026-06-18T14:36:02.203000+00:00,2026-06-18T14:36:08.598936+00:00,,331.9,6727.8,
LOG-02366,2026-06-18T14:36:01.872144+00:00,2026-06-18T14:36:02.205000+00:00,2026-06-18T14:36:08.599345+00:00,,332.9,6727.2,
LOG-02367,2026-06-18T14:36:01.873144+00:00,2026-06-18T14:36:02.207000+00:00,2026-06-18T14:36:08.599607+00:00,,333.9,6726.5,
LOG-02368,2026-06-18T14:36:01.874144+00:00,2026-06-18T14:36:02.209000+00:00,2026-06-18T14:36:08.600188+00:00,,334.9,6726.0,
LOG-02369,2026-06-18T14:36:01.875144+00:00,2026-06-18T14:36:02.211000+00:00,2026-06-18T14:36:08.600793+00:00,,335.9,6725.6,
LOG-02370,2026-06-18T14:36:01.876144+00:00,2026-06-18T14:36:02.213000+00:00,2026-06-18T14:36:08.601199+00:00,,336.9,6725.1,
LOG-02371,2026-06-18T14:36:01.877144+00:00,2026-06-18T14:36:02.215000+00:00,2026-06-18T14:36:08.601495+00:00,,337.9,6724.4,
LOG-02372,2026-06-18T14:36:01.878144+00:00,2026-06-18T14:36:02.217000+00:00,2026-06-18T14:36:08.602135+00:00,,338.9,6724.0,
LOG-02373,2026-06-18T14:36:01.879144+00:00,2026-06-18T14:36:02.219000+00:00,2026-06-18T14:36:08.602762+00:00,,339.9,6723.6,
LOG-02374,2026-06-18T14:36:01.880144+00:00,2026-06-18T14:36:02.221000+00:00,2026-06-18T14:36:08.603247+00:00,,340.9,6723.1,
LOG-02375,2026-06-18T14:36:01.881144+00:00,2026-06-18T14:36:02.223000+00:00,2026-06-18T14:36:08.603598+00:00,,341.9,6722.5,
LOG-02376,2026-06-18T14:36:01.882144+00:00,2026-06-18T14:36:02.225000+00:00,2026-06-18T14:36:08.604425+00:00,,342.9,6722.3,
LOG-02377,2026-06-18T14:36:01.883144+00:00,2026-06-18T14:36:02.227000+00:00,2026-06-18T14:36:08.605216+00:00,,343.9,6722.1,
LOG-02378,2026-06-18T14:36:01.884144+00:00,2026-06-18T14:36:02.229000+00:00,2026-06-18T14:36:08.605977+00:00,,344.9,6721.8,
LOG-02379,2026-06-18T14:36:01.885144+00:00,2026-06-18T14:36:02.231000+00:00,2026-06-18T14:36:08.606717+00:00,,345.9,6721.6,
LOG-02380,2026-06-18T14:36:01.886144+00:00,2026-06-18T14:36:02.233000+00:00,2026-06-18T14:36:08.607195+00:00,,346.9,6721.1,
LOG-02381,2026-06-18T14:36:01.887144+00:00,2026-06-18T14:36:02.235000+00:00,2026-06-18T14:36:08.607524+00:00,,347.9,6720.4,
LOG-02382,2026-06-18T14:36:01.888144+00:00,2026-06-18T14:36:02.237000+00:00,2026-06-18T14:36:08.608214+00:00,,348.9,6720.1,
LOG-02383,2026-06-18T14:36:01.889144+00:00,2026-06-18T14:36:02.239000+00:00,2026-06-18T14:36:08.608621+00:00,,349.9,6719.5,
LOG-02384,2026-06-18T14:36:01.890144+00:00,2026-06-18T14:36:02.241000+00:00,2026-06-18T14:36:08.608907+00:00,,350.9,6718.8,
LOG-02385,2026-06-18T14:36:01.891144+00:00,2026-06-18T14:36:02.243000+00:00,2026-06-18T14:36:08.609314+00:00,,351.9,6718.2,
LOG-02386,2026-06-18T14:36:01.892144+00:00,2026-06-18T14:36:02.245000+00:00,2026-06-18T14:36:08.609625+00:00,,352.9,6717.5,
LOG-02387,2026-06-18T14:36:01.893144+00:00,2026-06-18T14:36:02.247000+00:00,2026-06-18T14:36:08.610011+00:00,,353.9,6716.9,
LOG-02388,2026-06-18T14:36:01.894144+00:00,2026-06-18T14:36:02.249000+00:00,2026-06-18T14:36:08.610264+00:00,,354.9,6716.1,
LOG-02389,2026-06-18T14:36:01.895144+00:00,2026-06-18T14:36:02.251000+00:00,2026-06-18T14:36:08.610615+00:00,,355.9,6715.5,
LOG-02390,2026-06-18T14:36:01.896144+00:00,2026-06-18T14:36:02.253000+00:00,2026-06-18T14:36:08.610878+00:00,,356.9,6714.7,
LOG-02391,2026-06-18T14:36:01.897144+00:00,2026-06-18T14:36:02.255000+00:00,2026-06-18T14:36:08.611486+00:00,,357.9,6714.3,
LOG-02392,2026-06-18T14:36:01.898144+00:00,2026-06-18T14:36:02.257000+00:00,2026-06-18T14:36:08.611887+00:00,,358.9,6713.7,
LOG-02393,2026-06-18T14:36:01.899144+00:00,2026-06-18T14:36:02.259000+00:00,2026-06-18T14:36:08.612630+00:00,,359.9,6713.5,
LOG-02394,2026-06-18T14:36:01.900144+00:00,2026-06-18T14:36:02.261000+00:00,2026-06-18T14:36:08.613380+00:00,,360.9,6713.2,
LOG-02395,2026-06-18T14:36:01.901144+00:00,2026-06-18T14:36:02.263000+00:00,2026-06-18T14:36:08.613884+00:00,,361.9,6712.7,
LOG-02396,2026-06-18T14:36:01.902144+00:00,2026-06-18T14:36:02.265000+00:00,2026-06-18T14:36:08.614455+00:00,,362.9,6712.3,
LOG-02397,2026-06-18T14:36:01.903144+00:00,2026-06-18T14:36:02.267000+00:00,2026-06-18T14:36:08.614741+00:00,,363.9,6711.6,
LOG-02398,2026-06-18T14:36:01.904144+00:00,2026-06-18T14:36:02.269000+00:00,2026-06-18T14:36:08.615206+00:00,,364.9,6711.1,
LOG-02399,2026-06-18T14:36:01.905144+00:00,2026-06-18T14:36:02.271000+00:00,2026-06-18T14:36:08.615477+00:00,,365.9,6710.3,
LOG-02400,2026-06-18T14:36:01.906144+00:00,2026-06-18T14:36:02.273000+00:00,2026-06-18T14:36:08.615846+00:00,,366.9,6709.7,
LOG-02401,2026-06-18T14:36:01.907144+00:00,2026-06-18T14:36:02.275000+00:00,2026-06-18T14:36:08.616190+00:00,,367.9,6709.0,
LOG-02402,2026-06-18T14:36:01.908144+00:00,2026-06-18T14:36:02.277000+00:00,2026-06-18T14:36:08.616810+00:00,,368.9,6708.7,
LOG-02403,2026-06-18T14:36:01.909144+00:00,2026-06-18T14:36:02.279000+00:00,2026-06-18T14:36:08.617258+00:00,,369.9,6708.1,
LOG-02404,2026-06-18T14:36:01.910144+00:00,2026-06-18T14:36:02.281000+00:00,2026-06-18T14:36:08.617613+00:00,,370.9,6707.5,
LOG-02405,2026-06-18T14:36:01.911144+00:00,2026-06-18T14:36:02.283000+00:00,2026-06-18T14:36:08.618122+00:00,,371.9,6707.0,
LOG-02406,2026-06-18T14:36:01.912144+00:00,2026-06-18T14:36:02.285000+00:00,2026-06-18T14:36:08.618419+00:00,,372.9,6706.3,
LOG-02407,2026-06-18T14:36:01.913144+00:00,2026-06-18T14:36:02.288000+00:00,2026-06-18T14:36:08.618833+00:00,,374.9,6705.7,
LOG-02408,2026-06-18T14:36:01.914144+00:00,2026-06-18T14:36:02.289000+00:00,2026-06-18T14:36:08.619128+00:00,,374.9,6705.0,
LOG-02409,2026-06-18T14:36:01.915144+00:00,2026-06-18T14:36:02.291000+00:00,2026-06-18T14:36:08.619552+00:00,,375.9,6704.4,
LOG-02410,2026-06-18T14:36:01.916144+00:00,2026-06-18T14:36:02.293000+00:00,2026-06-18T14:36:08.619856+00:00,,376.9,6703.7,
LOG-02411,2026-06-18T14:36:01.917144+00:00,2026-06-18T14:36:02.295000+00:00,2026-06-18T14:36:08.620538+00:00,,377.9,6703.4,
LOG-02412,2026-06-18T14:36:01.918144+00:00,2026-06-18T14:36:02.297000+00:00,2026-06-18T14:36:08.621073+00:00,,378.9,6702.9,
LOG-02413,2026-06-18T14:36:01.919144+00:00,2026-06-18T14:36:02.299000+00:00,2026-06-18T14:36:08.621537+00:00,,379.9,6702.4,
LOG-02414,2026-06-18T14:36:01.920144+00:00,2026-06-18T14:36:02.301000+00:00,2026-06-18T14:36:08.622157+00:00,,380.9,6702.0,
LOG-02415,2026-06-18T14:36:01.921144+00:00,2026-06-18T14:36:02.303000+00:00,2026-06-18T14:36:08.622601+00:00,,381.9,6701.5,
LOG-02416,2026-06-18T14:36:01.922144+00:00,2026-06-18T14:36:02.305000+00:00,2026-06-18T14:36:08.623277+00:00,,382.9,6701.1,
LOG-02417,2026-06-18T14:36:01.923144+00:00,2026-06-18T14:36:02.308000+00:00,2026-06-18T14:36:08.623613+00:00,,384.9,6700.5,
LOG-02418,2026-06-18T14:36:01.924144+00:00,2026-06-18T14:36:02.309000+00:00,2026-06-18T14:36:08.624073+00:00,,384.9,6699.9,
LOG-02419,2026-06-18T14:36:01.925144+00:00,2026-06-18T14:36:02.311000+00:00,2026-06-18T14:36:08.624405+00:00,,385.9,6699.3,
LOG-02420,2026-06-18T14:36:01.926144+00:00,2026-06-18T14:36:02.314000+00:00,2026-06-18T14:36:08.624843+00:00,,387.9,6698.7,
LOG-02421,2026-06-18T14:36:01.927144+00:00,2026-06-18T14:36:02.315000+00:00,2026-06-18T14:36:08.625112+00:00,,387.9,6698.0,
LOG-02422,2026-06-18T14:36:01.928144+00:00,2026-06-18T14:36:02.317000+00:00,2026-06-18T14:36:08.625501+00:00,,388.9,6697.4,
LOG-02423,2026-06-18T14:36:01.929144+00:00,2026-06-18T14:36:02.319000+00:00,2026-06-18T14:36:08.625826+00:00,,389.9,6696.7,
LOG-02424,2026-06-18T14:36:01.930144+00:00,2026-06-18T14:36:02.321000+00:00,2026-06-18T14:36:08.626427+00:00,,390.9,6696.3,
LOG-02425,2026-06-18T14:36:01.931144+00:00,2026-06-18T14:36:02.323000+00:00,2026-06-18T14:36:08.626767+00:00,,391.9,6695.6,
LOG-02426,2026-06-18T14:36:01.932144+00:00,2026-06-18T14:36:02.325000+00:00,2026-06-18T14:36:08.627544+00:00,,392.9,6695.4,
LOG-02427,2026-06-18T14:36:01.933144+00:00,2026-06-18T14:36:02.327000+00:00,2026-06-18T14:36:08.628184+00:00,,393.9,6695.0,
LOG-02428,2026-06-18T14:36:01.934144+00:00,2026-06-18T14:36:02.329000+00:00,2026-06-18T14:36:08.628943+00:00,,394.9,6694.8,
LOG-02429,2026-06-18T14:36:01.935144+00:00,2026-06-18T14:36:02.331000+00:00,2026-06-18T14:36:08.629507+00:00,,395.9,6694.4,
LOG-02430,2026-06-18T14:36:01.936144+00:00,2026-06-18T14:36:02.333000+00:00,2026-06-18T14:36:08.629957+00:00,,396.9,6693.8,
LOG-02431,2026-06-18T14:36:01.937144+00:00,2026-06-18T14:36:02.335000+00:00,2026-06-18T14:36:08.630495+00:00,,397.9,6693.4,
LOG-02432,2026-06-18T14:36:01.938144+00:00,2026-06-18T14:36:02.337000+00:00,2026-06-18T14:36:08.630856+00:00,,398.9,6692.7,
LOG-02433,2026-06-18T14:36:01.939144+00:00,2026-06-18T14:36:02.339000+00:00,2026-06-18T14:36:08.631345+00:00,,399.9,6692.2,
LOG-02434,2026-06-18T14:36:01.940144+00:00,2026-06-18T14:36:02.341000+00:00,2026-06-18T14:36:08.631640+00:00,,400.9,6691.5,
LOG-02435,2026-06-18T14:36:01.941144+00:00,2026-06-18T14:36:02.343000+00:00,2026-06-18T14:36:08.632077+00:00,,401.9,6690.9,
LOG-02436,2026-06-18T14:36:01.942144+00:00,2026-06-18T14:36:02.345000+00:00,2026-06-18T14:36:08.632465+00:00,,402.9,6690.3,
LOG-02437,2026-06-18T14:36:01.943144+00:00,2026-06-18T14:36:02.347000+00:00,2026-06-18T14:36:08.632973+00:00,,403.9,6689.8,
LOG-02438,2026-06-18T14:36:01.944144+00:00,2026-06-18T14:36:02.349000+00:00,2026-06-18T14:36:08.633299+00:00,,404.9,6689.2,
LOG-02439,2026-06-18T14:36:01.945144+00:00,2026-06-18T14:36:02.351000+00:00,2026-06-18T14:36:08.633731+00:00,,405.9,6688.6,
LOG-02440,2026-06-18T14:36:01.946144+00:00,2026-06-18T14:36:02.353000+00:00,2026-06-18T14:36:08.634047+00:00,,406.9,6687.9,
LOG-02441,2026-06-18T14:36:01.947144+00:00,2026-06-18T14:36:02.355000+00:00,2026-06-18T14:36:08.634718+00:00,,407.9,6687.6,
LOG-02442,2026-06-18T14:36:01.948144+00:00,2026-06-18T14:36:02.357000+00:00,2026-06-18T14:36:08.635332+00:00,,408.9,6687.2,
LOG-02443,2026-06-18T14:36:01.949144+00:00,2026-06-18T14:36:02.360000+00:00,2026-06-18T14:36:08.635848+00:00,,410.9,6686.7,
LOG-02444,2026-06-18T14:36:01.950144+00:00,2026-06-18T14:36:02.361000+00:00,2026-06-18T14:36:08.636110+00:00,,410.9,6686.0,
LOG-02445,2026-06-18T14:36:01.951144+00:00,2026-06-18T14:36:02.363000+00:00,2026-06-18T14:36:08.636554+00:00,,411.9,6685.4,
LOG-02446,2026-06-18T14:36:01.952144+00:00,2026-06-18T14:36:02.365000+00:00,2026-06-18T14:36:08.636865+00:00,,412.9,6684.7,
LOG-02447,2026-06-18T14:36:01.953144+00:00,2026-06-18T14:36:02.367000+00:00,2026-06-18T14:36:08.637683+00:00,,413.9,6684.5,
LOG-02448,2026-06-18T14:36:01.954144+00:00,2026-06-18T14:36:02.369000+00:00,2026-06-18T14:36:08.638529+00:00,,414.9,6684.4,
LOG-02449,2026-06-18T14:36:01.955144+00:00,2026-06-18T14:36:02.371000+00:00,2026-06-18T14:36:08.639252+00:00,,415.9,6684.1,
LOG-02450,2026-06-18T14:36:01.956144+00:00,2026-06-18T14:36:02.373000+00:00,2026-06-18T14:36:08.639659+00:00,,416.9,6683.5,
LOG-02451,2026-06-18T14:36:01.957144+00:00,2026-06-18T14:36:02.375000+00:00,2026-06-18T14:36:08.640186+00:00,,417.9,6683.0,
LOG-02452,2026-06-18T14:36:01.958144+00:00,2026-06-18T14:36:02.377000+00:00,2026-06-18T14:36:08.640492+00:00,,418.9,6682.3,
LOG-02453,2026-06-18T14:36:01.959144+00:00,2026-06-18T14:36:02.379000+00:00,2026-06-18T14:36:08.641074+00:00,,419.9,6681.9,
LOG-02454,2026-06-18T14:36:01.960144+00:00,2026-06-18T14:36:02.381000+00:00,2026-06-18T14:36:08.641598+00:00,,420.9,6681.5,
LOG-02455,2026-06-18T14:36:01.961144+00:00,2026-06-18T14:36:02.383000+00:00,2026-06-18T14:36:08.641912+00:00,,421.9,6680.8,
LOG-02456,2026-06-18T14:36:01.962144+00:00,2026-06-18T14:36:02.385000+00:00,2026-06-18T14:36:08.642639+00:00,,422.9,6680.5,
LOG-02457,2026-06-18T14:36:01.963144+00:00,2026-06-18T14:36:02.387000+00:00,2026-06-18T14:36:08.643124+00:00,,423.9,6680.0,
LOG-02458,2026-06-18T14:36:01.964144+00:00,2026-06-18T14:36:02.389000+00:00,2026-06-18T14:36:08.643414+00:00,,424.9,6679.3,
LOG-02459,2026-06-18T14:36:01.965144+00:00,2026-06-18T14:36:02.391000+00:00,2026-06-18T14:36:08.643846+00:00,,425.9,6678.7,
LOG-02460,2026-06-18T14:36:01.966144+00:00,2026-06-18T14:36:02.394000+00:00,2026-06-18T14:36:08.644101+00:00,,427.9,6678.0,
LOG-02461,2026-06-18T14:36:01.967144+00:00,2026-06-18T14:36:02.396000+00:00,2026-06-18T14:36:08.644502+00:00,,428.9,6677.4,
LOG-02462,2026-06-18T14:36:01.968144+00:00,2026-06-18T14:36:02.398000+00:00,2026-06-18T14:36:08.644754+00:00,,429.9,6676.6,
LOG-02463,2026-06-18T14:36:01.969144+00:00,2026-06-18T14:36:02.400000+00:00,2026-06-18T14:36:08.645381+00:00,,430.9,6676.2,
LOG-02464,2026-06-18T14:36:01.970144+00:00,2026-06-18T14:36:02.402000+00:00,2026-06-18T14:36:08.646137+00:00,,431.9,6676.0,
LOG-02465,2026-06-18T14:36:01.971144+00:00,2026-06-18T14:36:02.404000+00:00,2026-06-18T14:36:08.647016+00:00,,432.9,6675.9,
LOG-02466,2026-06-18T14:36:01.972144+00:00,2026-06-18T14:36:02.406000+00:00,2026-06-18T14:36:08.647934+00:00,,433.9,6675.8,
LOG-02467,2026-06-18T14:36:01.973144+00:00,2026-06-18T14:36:02.408000+00:00,2026-06-18T14:36:08.648461+00:00,,434.9,6675.3,
LOG-02468,2026-06-18T14:36:01.974144+00:00,2026-06-18T14:36:02.410000+00:00,2026-06-18T14:36:08.648791+00:00,,435.9,6674.6,
LOG-02469,2026-06-18T14:36:01.975144+00:00,2026-06-18T14:36:02.412000+00:00,2026-06-18T14:36:08.649224+00:00,,436.9,6674.1,
LOG-02470,2026-06-18T14:36:01.976144+00:00,2026-06-18T14:36:02.414000+00:00,2026-06-18T14:36:08.649520+00:00,,437.9,6673.4,
LOG-02471,2026-06-18T14:36:01.977144+00:00,2026-06-18T14:36:02.416000+00:00,2026-06-18T14:36:08.649946+00:00,,438.9,6672.8,
LOG-02472,2026-06-18T14:36:01.978144+00:00,2026-06-18T14:36:02.419000+00:00,2026-06-18T14:36:08.650191+00:00,,440.9,6672.0,
LOG-02473,2026-06-18T14:36:01.979144+00:00,2026-06-18T14:36:02.421000+00:00,2026-06-18T14:36:08.650812+00:00,,441.9,6671.7,
LOG-02474,2026-06-18T14:36:01.980144+00:00,2026-06-18T14:36:02.422000+00:00,2026-06-18T14:36:08.651280+00:00,,441.9,6671.1,
LOG-02475,2026-06-18T14:36:01.981144+00:00,2026-06-18T14:36:02.424000+00:00,2026-06-18T14:36:08.651550+00:00,,442.9,6670.4,
LOG-02476,2026-06-18T14:36:01.982144+00:00,2026-06-18T14:36:02.427000+00:00,2026-06-18T14:36:08.651980+00:00,,444.9,6669.8,
LOG-02477,2026-06-18T14:36:01.983144+00:00,2026-06-18T14:36:02.428000+00:00,2026-06-18T14:36:08.652268+00:00,,444.9,6669.1,
LOG-02478,2026-06-18T14:36:01.984144+00:00,2026-06-18T14:36:02.430000+00:00,2026-06-18T14:36:08.652943+00:00,,445.9,6668.8,
LOG-02479,2026-06-18T14:36:01.985144+00:00,2026-06-18T14:36:02.437000+00:00,2026-06-18T14:36:08.653363+00:00,,451.9,6668.2,
LOG-02480,2026-06-18T14:36:01.986144+00:00,2026-06-18T14:36:02.439000+00:00,2026-06-18T14:36:08.653605+00:00,,452.9,6667.5,
LOG-02481,2026-06-18T14:36:01.987144+00:00,2026-06-18T14:36:02.441000+00:00,2026-06-18T14:36:08.654036+00:00,,453.9,6666.9,
LOG-02482,2026-06-18T14:36:01.988144+00:00,2026-06-18T14:36:02.443000+00:00,2026-06-18T14:36:08.654294+00:00,,454.9,6666.2,
LOG-02483,2026-06-18T14:36:01.989144+00:00,2026-06-18T14:36:02.445000+00:00,2026-06-18T14:36:08.654969+00:00,,455.9,6665.8,
LOG-02484,2026-06-18T14:36:01.990144+00:00,2026-06-18T14:36:02.447000+00:00,2026-06-18T14:36:08.655909+00:00,,456.9,6665.8,
LOG-02485,2026-06-18T14:36:01.991144+00:00,2026-06-18T14:36:02.450000+00:00,2026-06-18T14:36:08.656635+00:00,,458.9,6665.5,
LOG-02486,2026-06-18T14:36:01.992144+00:00,2026-06-18T14:36:02.451000+00:00,2026-06-18T14:36:08.657109+00:00,,458.9,6665.0,
LOG-02487,2026-06-18T14:36:01.993144+00:00,2026-06-18T14:36:02.453000+00:00,2026-06-18T14:36:08.657448+00:00,,459.9,6664.3,
LOG-02488,2026-06-18T14:36:01.994144+00:00,2026-06-18T14:36:02.455000+00:00,2026-06-18T14:36:08.658125+00:00,,460.9,6664.0,
LOG-02489,2026-06-18T14:36:01.995144+00:00,2026-06-18T14:36:02.464000+00:00,2026-06-18T14:36:08.658214+00:00,,468.9,6663.1,
LOG-02490,2026-06-18T14:36:01.996144+00:00,2026-06-18T14:36:02.465000+00:00,2026-06-18T14:36:08.658796+00:00,,468.9,6662.7,
LOG-02491,2026-06-18T14:36:01.997144+00:00,2026-06-18T14:36:02.467000+00:00,2026-06-18T14:36:08.659153+00:00,,469.9,6662.0,
LOG-02492,2026-06-18T14:36:01.998144+00:00,2026-06-18T14:36:02.469000+00:00,2026-06-18T14:36:08.659417+00:00,,470.9,6661.3,
LOG-02493,2026-06-18T14:36:01.999144+00:00,2026-06-18T14:36:02.471000+00:00,2026-06-18T14:36:08.659968+00:00,,471.9,6660.8,
LOG-02494,2026-06-18T14:36:02.000144+00:00,2026-06-18T14:36:02.473000+00:00,2026-06-18T14:36:08.660405+00:00,,472.9,6660.3,
LOG-02495,2026-06-18T14:36:02.001144+00:00,2026-06-18T14:36:02.475000+00:00,2026-06-18T14:36:08.660706+00:00,,473.9,6659.6,
LOG-02496,2026-06-18T14:36:02.002144+00:00,2026-06-18T14:36:02.477000+00:00,2026-06-18T14:36:08.661274+00:00,,474.9,6659.1,
LOG-02497,2026-06-18T14:36:02.003144+00:00,2026-06-18T14:36:02.479000+00:00,2026-06-18T14:36:08.661681+00:00,,475.9,6658.5,
LOG-02498,2026-06-18T14:36:02.004144+00:00,2026-06-18T14:36:02.481000+00:00,2026-06-18T14:36:08.661932+00:00,,476.9,6657.8,
LOG-02499,2026-06-18T14:36:02.005144+00:00,2026-06-18T14:36:02.483000+00:00,2026-06-18T14:36:08.662681+00:00,,477.9,6657.5,
LOG-02500,2026-06-18T14:36:02.006144+00:00,2026-06-18T14:36:02.485000+00:00,2026-06-18T14:36:08.663464+00:00,,478.9,6657.3,
LOG-02501,2026-06-18T14:36:02.007144+00:00,2026-06-18T14:36:02.487000+00:00,2026-06-18T14:36:08.664081+00:00,,479.9,6656.9,
LOG-02502,2026-06-18T14:36:02.008144+00:00,2026-06-18T14:36:02.489000+00:00,2026-06-18T14:36:08.664499+00:00,,480.9,6656.4,
LOG-02503,2026-06-18T14:36:02.009144+00:00,2026-06-18T14:36:02.491000+00:00,2026-06-18T14:36:08.665270+00:00,,481.9,6656.1,
LOG-02504,2026-06-18T14:36:02.010144+00:00,2026-06-18T14:36:02.493000+00:00,2026-06-18T14:36:08.665741+00:00,,482.9,6655.6,
LOG-02505,2026-06-18T14:36:02.011144+00:00,2026-06-18T14:36:02.495000+00:00,2026-06-18T14:36:08.666029+00:00,,483.9,6654.9,
LOG-02506,2026-06-18T14:36:02.012144+00:00,2026-06-18T14:36:02.497000+00:00,2026-06-18T14:36:08.666588+00:00,,484.9,6654.4,
LOG-02507,2026-06-18T14:36:02.013144+00:00,2026-06-18T14:36:02.499000+00:00,2026-06-18T14:36:08.667007+00:00,,485.9,6653.9,
LOG-02508,2026-06-18T14:36:02.014144+00:00,2026-06-18T14:36:02.501000+00:00,2026-06-18T14:36:08.667398+00:00,,486.9,6653.3,
LOG-02509,2026-06-18T14:36:02.015144+00:00,2026-06-18T14:36:02.503000+00:00,2026-06-18T14:36:08.667866+00:00,,487.9,6652.7,
LOG-02510,2026-06-18T14:36:02.016144+00:00,2026-06-18T14:36:02.505000+00:00,2026-06-18T14:36:08.668228+00:00,,488.9,6652.1,
LOG-02511,2026-06-18T14:36:02.017144+00:00,2026-06-18T14:36:02.507000+00:00,2026-06-18T14:36:08.668925+00:00,,489.9,6651.8,
LOG-02512,2026-06-18T14:36:02.018144+00:00,2026-06-18T14:36:02.509000+00:00,2026-06-18T14:36:08.669545+00:00,,490.9,6651.4,
LOG-02513,2026-06-18T14:36:02.019144+00:00,2026-06-18T14:36:02.511000+00:00,2026-06-18T14:36:08.670251+00:00,,491.9,6651.1,
LOG-02514,2026-06-18T14:36:02.020144+00:00,2026-06-18T14:36:02.513000+00:00,2026-06-18T14:36:08.671119+00:00,,492.9,6651.0,
LOG-02515,2026-06-18T14:36:02.021144+00:00,2026-06-18T14:36:02.515000+00:00,2026-06-18T14:36:08.671907+00:00,,493.9,6650.8,
LOG-02516,2026-06-18T14:36:02.022144+00:00,2026-06-18T14:36:02.517000+00:00,2026-06-18T14:36:08.672446+00:00,,494.9,6650.3,
LOG-02517,2026-06-18T14:36:02.023144+00:00,2026-06-18T14:36:02.519000+00:00,2026-06-18T14:36:08.672814+00:00,,495.9,6649.7,
LOG-02518,2026-06-18T14:36:02.024144+00:00,2026-06-18T14:36:02.521000+00:00,2026-06-18T14:36:08.673320+00:00,,496.9,6649.2,
LOG-02519,2026-06-18T14:36:02.025144+00:00,2026-06-18T14:36:02.523000+00:00,2026-06-18T14:36:08.673640+00:00,,497.9,6648.5,
LOG-02520,2026-06-18T14:36:02.026144+00:00,2026-06-18T14:36:02.525000+00:00,2026-06-18T14:36:08.674025+00:00,,498.9,6647.9,
LOG-02521,2026-06-18T14:36:02.027144+00:00,2026-06-18T14:36:02.527000+00:00,2026-06-18T14:36:08.674324+00:00,,499.9,6647.2,
LOG-02522,2026-06-18T14:36:02.028144+00:00,2026-06-18T14:36:02.529000+00:00,2026-06-18T14:36:08.674744+00:00,,500.9,6646.6,
LOG-02523,2026-06-18T14:36:02.029144+00:00,2026-06-18T14:36:02.531000+00:00,2026-06-18T14:36:08.675044+00:00,,501.9,6645.9,
LOG-02524,2026-06-18T14:36:02.030144+00:00,2026-06-18T14:36:02.533000+00:00,2026-06-18T14:36:08.675657+00:00,,502.9,6645.5,
LOG-02525,2026-06-18T14:36:02.031144+00:00,2026-06-18T14:36:02.535000+00:00,2026-06-18T14:36:08.676033+00:00,,503.9,6644.9,
LOG-02526,2026-06-18T14:36:02.032144+00:00,2026-06-18T14:36:02.537000+00:00,2026-06-18T14:36:08.676307+00:00,,504.9,6644.2,
LOG-02527,2026-06-18T14:36:02.033144+00:00,2026-06-18T14:36:02.539000+00:00,2026-06-18T14:36:08.676695+00:00,,505.9,6643.6,
LOG-02528,2026-06-18T14:36:02.034144+00:00,2026-06-18T14:36:02.541000+00:00,2026-06-18T14:36:08.676997+00:00,,506.9,6642.9,
LOG-02529,2026-06-18T14:36:02.035144+00:00,2026-06-18T14:36:02.543000+00:00,2026-06-18T14:36:08.677407+00:00,,507.9,6642.3,
LOG-02530,2026-06-18T14:36:02.036144+00:00,2026-06-18T14:36:02.545000+00:00,2026-06-18T14:36:08.677762+00:00,,508.9,6641.6,
LOG-02531,2026-06-18T14:36:02.037144+00:00,2026-06-18T14:36:02.547000+00:00,2026-06-18T14:36:08.678229+00:00,,509.9,6641.1,
LOG-02532,2026-06-18T14:36:02.038144+00:00,2026-06-18T14:36:02.549000+00:00,2026-06-18T14:36:08.678552+00:00,,510.9,6640.4,
LOG-02533,2026-06-18T14:36:02.039144+00:00,2026-06-18T14:36:02.551000+00:00,2026-06-18T14:36:08.679134+00:00,,511.9,6640.0,
LOG-02534,2026-06-18T14:36:02.040144+00:00,2026-06-18T14:36:02.553000+00:00,2026-06-18T14:36:08.679549+00:00,,512.9,6639.4,
LOG-02535,2026-06-18T14:36:02.041144+00:00,2026-06-18T14:36:02.555000+00:00,2026-06-18T14:36:08.679942+00:00,,513.9,6638.8,
LOG-02536,2026-06-18T14:36:02.042144+00:00,2026-06-18T14:36:02.557000+00:00,2026-06-18T14:36:08.680773+00:00,,514.9,6638.6,
LOG-02537,2026-06-18T14:36:02.043144+00:00,2026-06-18T14:36:02.559000+00:00,2026-06-18T14:36:08.681312+00:00,,515.9,6638.2,
LOG-02538,2026-06-18T14:36:02.044144+00:00,2026-06-18T14:36:02.561000+00:00,2026-06-18T14:36:08.681633+00:00,,516.9,6637.5,
LOG-02539,2026-06-18T14:36:02.045144+00:00,2026-06-18T14:36:02.563000+00:00,2026-06-18T14:36:08.681996+00:00,,517.9,6636.9,
LOG-02540,2026-06-18T14:36:02.046144+00:00,2026-06-18T14:36:02.565000+00:00,2026-06-18T14:36:08.682287+00:00,,518.9,6636.1,
LOG-02541,2026-06-18T14:36:02.047144+00:00,2026-06-18T14:36:02.568000+00:00,2026-06-18T14:36:08.682842+00:00,,520.9,6635.7,
LOG-02542,2026-06-18T14:36:02.048144+00:00,2026-06-18T14:36:02.569000+00:00,2026-06-18T14:36:08.683274+00:00,2026-06-18T14:36:50.465011+00:00,520.9,6635.1,48416.9
LOG-02543,2026-06-18T14:36:02.049144+00:00,2026-06-18T14:36:02.571000+00:00,2026-06-18T14:36:08.683573+00:00,,521.9,6634.4,
LOG-02544,2026-06-18T14:36:02.050144+00:00,2026-06-18T14:36:02.573000+00:00,2026-06-18T14:36:08.683930+00:00,,522.9,6633.8,
LOG-02545,2026-06-18T14:36:02.051144+00:00,2026-06-18T14:36:02.575000+00:00,2026-06-18T14:36:08.684190+00:00,,523.9,6633.0,
LOG-02546,2026-06-18T14:36:02.052144+00:00,2026-06-18T14:36:02.577000+00:00,2026-06-18T14:36:08.684594+00:00,,524.9,6632.4,
LOG-02547,2026-06-18T14:36:02.053144+00:00,2026-06-18T14:36:02.579000+00:00,2026-06-18T14:36:08.684939+00:00,,525.9,6631.8,
LOG-02548,2026-06-18T14:36:02.054144+00:00,2026-06-18T14:36:02.581000+00:00,2026-06-18T14:36:08.685424+00:00,,526.9,6631.3,
LOG-02549,2026-06-18T14:36:02.055144+00:00,2026-06-18T14:36:02.583000+00:00,2026-06-18T14:36:08.685697+00:00,,527.9,6630.6,
LOG-02550,2026-06-18T14:36:02.056144+00:00,2026-06-18T14:36:02.585000+00:00,2026-06-18T14:36:08.686117+00:00,,528.9,6630.0,
LOG-02551,2026-06-18T14:36:02.057144+00:00,2026-06-18T14:36:02.587000+00:00,2026-06-18T14:36:08.686877+00:00,,529.9,6629.7,
LOG-02552,2026-06-18T14:36:02.058144+00:00,2026-06-18T14:36:02.589000+00:00,2026-06-18T14:36:08.687262+00:00,,530.9,6629.1,
LOG-02553,2026-06-18T14:36:02.059144+00:00,2026-06-18T14:36:02.591000+00:00,2026-06-18T14:36:08.688130+00:00,,531.9,6629.0,
LOG-02554,2026-06-18T14:36:02.060144+00:00,2026-06-18T14:36:02.593000+00:00,2026-06-18T14:36:08.689102+00:00,,532.9,6629.0,
LOG-02555,2026-06-18T14:36:02.061144+00:00,2026-06-18T14:36:02.595000+00:00,2026-06-18T14:36:08.689749+00:00,,533.9,6628.6,
LOG-02556,2026-06-18T14:36:02.062144+00:00,2026-06-18T14:36:02.597000+00:00,2026-06-18T14:36:08.690015+00:00,,534.9,6627.9,
LOG-02557,2026-06-18T14:36:02.063144+00:00,2026-06-18T14:36:02.599000+00:00,2026-06-18T14:36:08.690749+00:00,,535.9,6627.6,
LOG-02558,2026-06-18T14:36:02.064144+00:00,2026-06-18T14:36:02.601000+00:00,2026-06-18T14:36:08.691465+00:00,,536.9,6627.3,
LOG-02559,2026-06-18T14:36:02.065144+00:00,2026-06-18T14:36:02.603000+00:00,2026-06-18T14:36:08.691964+00:00,,537.9,6626.8,
LOG-02560,2026-06-18T14:36:02.066144+00:00,2026-06-18T14:36:02.605000+00:00,2026-06-18T14:36:08.692355+00:00,,538.9,6626.2,
LOG-02561,2026-06-18T14:36:02.067144+00:00,2026-06-18T14:36:02.607000+00:00,2026-06-18T14:36:08.692823+00:00,,539.9,6625.7,
LOG-02562,2026-06-18T14:36:02.068144+00:00,2026-06-18T14:36:02.609000+00:00,2026-06-18T14:36:08.693109+00:00,,540.9,6625.0,
LOG-02563,2026-06-18T14:36:02.069144+00:00,2026-06-18T14:36:02.611000+00:00,2026-06-18T14:36:08.693765+00:00,,541.9,6624.6,
LOG-02564,2026-06-18T14:36:02.070144+00:00,2026-06-18T14:36:02.613000+00:00,2026-06-18T14:36:08.694364+00:00,,542.9,6624.2,
LOG-02565,2026-06-18T14:36:02.071144+00:00,2026-06-18T14:36:02.615000+00:00,2026-06-18T14:36:08.695063+00:00,,543.9,6623.9,
LOG-02566,2026-06-18T14:36:02.072144+00:00,2026-06-18T14:36:02.617000+00:00,2026-06-18T14:36:08.695503+00:00,,544.9,6623.4,
LOG-02567,2026-06-18T14:36:02.073144+00:00,2026-06-18T14:36:02.619000+00:00,2026-06-18T14:36:08.695834+00:00,,545.9,6622.7,
LOG-02568,2026-06-18T14:36:02.074144+00:00,2026-06-18T14:36:02.621000+00:00,2026-06-18T14:36:08.696256+00:00,,546.9,6622.1,
LOG-02569,2026-06-18T14:36:02.075144+00:00,2026-06-18T14:36:02.623000+00:00,2026-06-18T14:36:08.696629+00:00,,547.9,6621.5,
LOG-02570,2026-06-18T14:36:02.076144+00:00,2026-06-18T14:36:02.625000+00:00,2026-06-18T14:36:08.697213+00:00,,548.9,6621.1,
LOG-02571,2026-06-18T14:36:02.077144+00:00,2026-06-18T14:36:02.627000+00:00,2026-06-18T14:36:08.697673+00:00,,549.9,6620.5,
LOG-02572,2026-06-18T14:36:02.078144+00:00,2026-06-18T14:36:02.629000+00:00,2026-06-18T14:36:08.698219+00:00,,550.9,6620.1,
LOG-02573,2026-06-18T14:36:02.079144+00:00,2026-06-18T14:36:02.631000+00:00,2026-06-18T14:36:08.698556+00:00,,551.9,6619.4,
LOG-02574,2026-06-18T14:36:02.080144+00:00,2026-06-18T14:36:02.633000+00:00,2026-06-18T14:36:08.698972+00:00,,552.9,6618.8,
LOG-02575,2026-06-18T14:36:02.081144+00:00,2026-06-18T14:36:02.635000+00:00,2026-06-18T14:36:08.699267+00:00,,553.9,6618.1,
LOG-02576,2026-06-18T14:36:02.082144+00:00,2026-06-18T14:36:02.637000+00:00,2026-06-18T14:36:08.699687+00:00,,554.9,6617.5,
LOG-02577,2026-06-18T14:36:02.083144+00:00,2026-06-18T14:36:02.639000+00:00,2026-06-18T14:36:08.699965+00:00,,555.9,6616.8,
LOG-02578,2026-06-18T14:36:02.084144+00:00,2026-06-18T14:36:02.641000+00:00,2026-06-18T14:36:08.700583+00:00,,556.9,6616.4,
LOG-02579,2026-06-18T14:36:02.085144+00:00,2026-06-18T14:36:02.643000+00:00,2026-06-18T14:36:08.700932+00:00,,557.9,6615.8,
LOG-02580,2026-06-18T14:36:02.086144+00:00,2026-06-18T14:36:02.645000+00:00,2026-06-18T14:36:08.701206+00:00,,558.9,6615.1,
LOG-02581,2026-06-18T14:36:02.087144+00:00,2026-06-18T14:36:02.647000+00:00,2026-06-18T14:36:08.701798+00:00,,559.9,6614.7,
LOG-02582,2026-06-18T14:36:02.088144+00:00,2026-06-18T14:36:02.649000+00:00,2026-06-18T14:36:08.702456+00:00,,560.9,6614.3,
LOG-02583,2026-06-18T14:36:02.089144+00:00,2026-06-18T14:36:02.651000+00:00,2026-06-18T14:36:08.702879+00:00,,561.9,6613.7,
LOG-02584,2026-06-18T14:36:02.090144+00:00,2026-06-18T14:36:02.653000+00:00,2026-06-18T14:36:08.703136+00:00,,562.9,6613.0,
LOG-02585,2026-06-18T14:36:02.091144+00:00,2026-06-18T14:36:02.655000+00:00,2026-06-18T14:36:08.703515+00:00,,563.9,6612.4,
LOG-02586,2026-06-18T14:36:02.092144+00:00,2026-06-18T14:36:02.657000+00:00,2026-06-18T14:36:08.703834+00:00,,564.9,6611.7,
LOG-02587,2026-06-18T14:36:02.093144+00:00,2026-06-18T14:36:02.659000+00:00,2026-06-18T14:36:08.704521+00:00,,565.9,6611.4,
LOG-02588,2026-06-18T14:36:02.094144+00:00,2026-06-18T14:36:02.661000+00:00,2026-06-18T14:36:08.705276+00:00,,566.9,6611.1,
LOG-02589,2026-06-18T14:36:02.095144+00:00,2026-06-18T14:36:02.663000+00:00,2026-06-18T14:36:08.705796+00:00,,567.9,6610.7,
LOG-02590,2026-06-18T14:36:02.096144+00:00,2026-06-18T14:36:02.667000+00:00,2026-06-18T14:36:08.706130+00:00,,570.9,6610.0,
LOG-02591,2026-06-18T14:36:02.097144+00:00,2026-06-18T14:36:02.668000+00:00,2026-06-18T14:36:08.706538+00:00,,570.9,6609.4,
LOG-02592,2026-06-18T14:36:02.098144+00:00,2026-06-18T14:36:02.670000+00:00,2026-06-18T14:36:08.708103+00:00,,571.9,6610.0,
LOG-02593,2026-06-18T14:36:02.099144+00:00,2026-06-18T14:36:02.672000+00:00,2026-06-18T14:36:08.708514+00:00,,572.9,6609.4,
LOG-02594,2026-06-18T14:36:02.100144+00:00,2026-06-18T14:36:02.674000+00:00,2026-06-18T14:36:08.709058+00:00,,573.9,6608.9,
LOG-02595,2026-06-18T14:36:02.101144+00:00,2026-06-18T14:36:02.676000+00:00,2026-06-18T14:36:08.709358+00:00,,574.9,6608.2,
LOG-02596,2026-06-18T14:36:02.102144+00:00,2026-06-18T14:36:02.678000+00:00,2026-06-18T14:36:08.710000+00:00,,575.9,6607.9,
LOG-02597,2026-06-18T14:36:02.103144+00:00,2026-06-18T14:36:02.680000+00:00,2026-06-18T14:36:08.710493+00:00,,576.9,6607.3,
LOG-02598,2026-06-18T14:36:02.104144+00:00,2026-06-18T14:36:02.682000+00:00,2026-06-18T14:36:08.710794+00:00,,577.9,6606.7,
LOG-02599,2026-06-18T14:36:02.105144+00:00,2026-06-18T14:36:02.685000+00:00,2026-06-18T14:36:08.711256+00:00,,579.9,6606.1,
LOG-02600,2026-06-18T14:36:02.106144+00:00,2026-06-18T14:36:02.686000+00:00,2026-06-18T14:36:08.711563+00:00,,579.9,6605.4,
LOG-02601,2026-06-18T14:36:02.107144+00:00,2026-06-18T14:36:02.689000+00:00,2026-06-18T14:36:08.712029+00:00,,581.9,6604.9,
LOG-02602,2026-06-18T14:36:02.108144+00:00,2026-06-18T14:36:02.690000+00:00,2026-06-18T14:36:08.712355+00:00,,581.9,6604.2,
LOG-02603,2026-06-18T14:36:02.109144+00:00,2026-06-18T14:36:02.692000+00:00,2026-06-18T14:36:08.712771+00:00,,582.9,6603.6,
LOG-02604,2026-06-18T14:36:02.110144+00:00,2026-06-18T14:36:02.694000+00:00,2026-06-18T14:36:08.713791+00:00,,583.9,6603.6,
LOG-02605,2026-06-18T14:36:02.111144+00:00,2026-06-18T14:36:02.696000+00:00,2026-06-18T14:36:08.714294+00:00,,584.9,6603.2,
LOG-02606,2026-06-18T14:36:02.112144+00:00,2026-06-18T14:36:02.698000+00:00,2026-06-18T14:36:08.714864+00:00,,585.9,6602.7,
LOG-02607,2026-06-18T14:36:02.113144+00:00,2026-06-18T14:36:02.700000+00:00,2026-06-18T14:36:08.715176+00:00,,586.9,6602.0,
LOG-02608,2026-06-18T14:36:02.114144+00:00,2026-06-18T14:36:02.702000+00:00,2026-06-18T14:36:08.715604+00:00,,587.9,6601.5,
LOG-02609,2026-06-18T14:36:02.115144+00:00,2026-06-18T14:36:02.704000+00:00,2026-06-18T14:36:08.715903+00:00,,588.9,6600.8,
LOG-02610,2026-06-18T14:36:02.116144+00:00,2026-06-18T14:36:02.706000+00:00,2026-06-18T14:36:08.716574+00:00,,589.9,6600.4,
LOG-02611,2026-06-18T14:36:02.117144+00:00,2026-06-18T14:36:02.708000+00:00,2026-06-18T14:36:08.717213+00:00,,590.9,6600.1,
LOG-02612,2026-06-18T14:36:02.118144+00:00,2026-06-18T14:36:02.710000+00:00,2026-06-18T14:36:08.717670+00:00,,591.9,6599.5,
LOG-02613,2026-06-18T14:36:02.119144+00:00,2026-06-18T14:36:02.712000+00:00,2026-06-18T14:36:08.717957+00:00,,592.9,6598.8,
LOG-02614,2026-06-18T14:36:02.120144+00:00,2026-06-18T14:36:02.714000+00:00,2026-06-18T14:36:08.718628+00:00,,593.9,6598.5,
LOG-02615,2026-06-18T14:36:02.121144+00:00,2026-06-18T14:36:02.716000+00:00,2026-06-18T14:36:08.719218+00:00,,594.9,6598.1,
LOG-02616,2026-06-18T14:36:02.122144+00:00,2026-06-18T14:36:02.719000+00:00,2026-06-18T14:36:08.719633+00:00,,596.9,6597.5,
LOG-02617,2026-06-18T14:36:02.123144+00:00,2026-06-18T14:36:02.720000+00:00,2026-06-18T14:36:08.719932+00:00,,596.9,6596.8,
LOG-02618,2026-06-18T14:36:02.124144+00:00,2026-06-18T14:36:02.722000+00:00,2026-06-18T14:36:08.720311+00:00,,597.9,6596.2,
LOG-02619,2026-06-18T14:36:02.125144+00:00,2026-06-18T14:36:02.724000+00:00,2026-06-18T14:36:08.720631+00:00,,598.9,6595.5,
LOG-02620,2026-06-18T14:36:02.126144+00:00,2026-06-18T14:36:02.726000+00:00,2026-06-18T14:36:08.721297+00:00,,599.9,6595.2,
LOG-02621,2026-06-18T14:36:02.127144+00:00,2026-06-18T14:36:02.728000+00:00,2026-06-18T14:36:08.721954+00:00,,600.9,6594.8,
LOG-02622,2026-06-18T14:36:02.128144+00:00,2026-06-18T14:36:02.731000+00:00,2026-06-18T14:36:08.722325+00:00,,602.9,6594.2,
LOG-02623,2026-06-18T14:36:02.129144+00:00,2026-06-18T14:36:02.732000+00:00,2026-06-18T14:36:08.723118+00:00,,602.9,6594.0,
LOG-02624,2026-06-18T14:36:02.130144+00:00,2026-06-18T14:36:02.734000+00:00,2026-06-18T14:36:08.723783+00:00,,603.9,6593.6,
LOG-02625,2026-06-18T14:36:02.131144+00:00,2026-06-18T14:36:02.736000+00:00,2026-06-18T14:36:08.724213+00:00,,604.9,6593.1,
LOG-02626,2026-06-18T14:36:02.132144+00:00,2026-06-18T14:36:02.738000+00:00,2026-06-18T14:36:08.724490+00:00,,605.9,6592.3,
LOG-02627,2026-06-18T14:36:02.133144+00:00,2026-06-18T14:36:02.740000+00:00,2026-06-18T14:36:08.724911+00:00,,606.9,6591.8,
LOG-02628,2026-06-18T14:36:02.134144+00:00,2026-06-18T14:36:02.742000+00:00,2026-06-18T14:36:08.725244+00:00,,607.9,6591.1,
LOG-02629,2026-06-18T14:36:02.135144+00:00,2026-06-18T14:36:02.744000+00:00,2026-06-18T14:36:08.725834+00:00,,608.9,6590.7,
LOG-02630,2026-06-18T14:36:02.136144+00:00,2026-06-18T14:36:02.746000+00:00,2026-06-18T14:36:08.726394+00:00,,609.9,6590.3,
LOG-02631,2026-06-18T14:36:02.137144+00:00,2026-06-18T14:36:02.748000+00:00,2026-06-18T14:36:08.726744+00:00,,610.9,6589.6,
LOG-02632,2026-06-18T14:36:02.138144+00:00,2026-06-18T14:36:02.750000+00:00,2026-06-18T14:36:08.727022+00:00,,611.9,6588.9,
LOG-02633,2026-06-18T14:36:02.139144+00:00,2026-06-18T14:36:02.752000+00:00,2026-06-18T14:36:08.727478+00:00,,612.9,6588.3,
LOG-02634,2026-06-18T14:36:02.140144+00:00,2026-06-18T14:36:02.754000+00:00,2026-06-18T14:36:08.727738+00:00,,613.9,6587.6,
LOG-02635,2026-06-18T14:36:02.141144+00:00,2026-06-18T14:36:02.756000+00:00,2026-06-18T14:36:08.728452+00:00,,614.9,6587.3,
LOG-02636,2026-06-18T14:36:02.142144+00:00,2026-06-18T14:36:02.758000+00:00,2026-06-18T14:36:08.729327+00:00,,615.9,6587.2,
LOG-02637,2026-06-18T14:36:02.143144+00:00,2026-06-18T14:36:02.760000+00:00,2026-06-18T14:36:08.730146+00:00,,616.9,6587.0,
LOG-02638,2026-06-18T14:36:02.144144+00:00,2026-06-18T14:36:02.762000+00:00,2026-06-18T14:36:08.730684+00:00,,617.9,6586.5,
LOG-02639,2026-06-18T14:36:02.145144+00:00,2026-06-18T14:36:02.764000+00:00,2026-06-18T14:36:08.730983+00:00,,618.9,6585.8,
LOG-02640,2026-06-18T14:36:02.146144+00:00,2026-06-18T14:36:02.766000+00:00,2026-06-18T14:36:08.731374+00:00,,619.9,6585.2,
LOG-02641,2026-06-18T14:36:02.147144+00:00,2026-06-18T14:36:02.768000+00:00,2026-06-18T14:36:08.731678+00:00,,620.9,6584.5,
LOG-02642,2026-06-18T14:36:02.148144+00:00,2026-06-18T14:36:02.770000+00:00,2026-06-18T14:36:08.732093+00:00,,621.9,6583.9,
LOG-02643,2026-06-18T14:36:02.149144+00:00,2026-06-18T14:36:02.772000+00:00,2026-06-18T14:36:08.732394+00:00,,622.9,6583.3,
LOG-02644,2026-06-18T14:36:02.150144+00:00,2026-06-18T14:36:02.774000+00:00,2026-06-18T14:36:08.732985+00:00,,623.9,6582.8,
LOG-02645,2026-06-18T14:36:02.151144+00:00,2026-06-18T14:36:02.776000+00:00,2026-06-18T14:36:08.733744+00:00,,624.9,6582.6,
LOG-02646,2026-06-18T14:36:02.152144+00:00,2026-06-18T14:36:02.778000+00:00,2026-06-18T14:36:08.734569+00:00,,625.9,6582.4,
LOG-02647,2026-06-18T14:36:02.153144+00:00,2026-06-18T14:36:02.780000+00:00,2026-06-18T14:36:08.735121+00:00,,626.9,6582.0,
LOG-02648,2026-06-18T14:36:02.154144+00:00,2026-06-18T14:36:02.782000+00:00,2026-06-18T14:36:08.735514+00:00,,627.9,6581.4,
LOG-02649,2026-06-18T14:36:02.155144+00:00,2026-06-18T14:36:02.784000+00:00,2026-06-18T14:36:08.736075+00:00,,628.9,6580.9,
LOG-02650,2026-06-18T14:36:02.156144+00:00,2026-06-18T14:36:02.786000+00:00,2026-06-18T14:36:08.736433+00:00,,629.9,6580.3,
LOG-02651,2026-06-18T14:36:02.157144+00:00,2026-06-18T14:36:02.788000+00:00,2026-06-18T14:36:08.737074+00:00,,630.9,6579.9,
LOG-02652,2026-06-18T14:36:02.158144+00:00,2026-06-18T14:36:02.790000+00:00,2026-06-18T14:36:08.737534+00:00,,631.9,6579.4,
LOG-02653,2026-06-18T14:36:02.159144+00:00,2026-06-18T14:36:02.792000+00:00,2026-06-18T14:36:08.737887+00:00,,632.9,6578.7,
LOG-02654,2026-06-18T14:36:02.160144+00:00,2026-06-18T14:36:02.794000+00:00,2026-06-18T14:36:08.738373+00:00,,633.9,6578.2,
LOG-02655,2026-06-18T14:36:02.161144+00:00,2026-06-18T14:36:02.796000+00:00,2026-06-18T14:36:08.738727+00:00,,634.9,6577.6,
LOG-02656,2026-06-18T14:36:02.162144+00:00,2026-06-18T14:36:02.798000+00:00,2026-06-18T14:36:08.739537+00:00,,635.9,6577.4,
LOG-02657,2026-06-18T14:36:02.163144+00:00,2026-06-18T14:36:02.800000+00:00,2026-06-18T14:36:08.740174+00:00,,636.9,6577.0,
LOG-02658,2026-06-18T14:36:02.164144+00:00,2026-06-18T14:36:02.802000+00:00,2026-06-18T14:36:08.740569+00:00,,637.9,6576.4,
LOG-02659,2026-06-18T14:36:02.165144+00:00,2026-06-18T14:36:02.804000+00:00,2026-06-18T14:36:08.741028+00:00,,638.9,6575.9,
LOG-02660,2026-06-18T14:36:02.166144+00:00,2026-06-18T14:36:02.806000+00:00,2026-06-18T14:36:08.741328+00:00,,639.9,6575.2,
LOG-02661,2026-06-18T14:36:02.167144+00:00,2026-06-18T14:36:02.808000+00:00,2026-06-18T14:36:08.742027+00:00,,640.9,6574.9,
LOG-02662,2026-06-18T14:36:02.168144+00:00,2026-06-18T14:36:02.810000+00:00,2026-06-18T14:36:08.742481+00:00,,641.9,6574.3,
LOG-02663,2026-06-18T14:36:02.169144+00:00,2026-06-18T14:36:02.812000+00:00,2026-06-18T14:36:08.742812+00:00,,642.9,6573.7,
LOG-02664,2026-06-18T14:36:02.170144+00:00,2026-06-18T14:36:02.814000+00:00,2026-06-18T14:36:08.743375+00:00,,643.9,6573.2,
LOG-02665,2026-06-18T14:36:02.171144+00:00,2026-06-18T14:36:02.816000+00:00,2026-06-18T14:36:08.743689+00:00,,644.9,6572.5,
LOG-02666,2026-06-18T14:36:02.172144+00:00,2026-06-18T14:36:02.818000+00:00,2026-06-18T14:36:08.744210+00:00,,645.9,6572.1,
LOG-02667,2026-06-18T14:36:02.173144+00:00,2026-06-18T14:36:02.820000+00:00,2026-06-18T14:36:08.744513+00:00,,646.9,6571.4,
LOG-02668,2026-06-18T14:36:02.174144+00:00,2026-06-18T14:36:02.822000+00:00,2026-06-18T14:36:08.744970+00:00,,647.9,6570.8,
LOG-02669,2026-06-18T14:36:02.175144+00:00,2026-06-18T14:36:02.824000+00:00,2026-06-18T14:36:08.745301+00:00,,648.9,6570.2,
LOG-02670,2026-06-18T14:36:02.176144+00:00,2026-06-18T14:36:02.826000+00:00,2026-06-18T14:36:08.745943+00:00,,649.9,6569.8,
LOG-02671,2026-06-18T14:36:02.177144+00:00,2026-06-18T14:36:02.828000+00:00,2026-06-18T14:36:08.746840+00:00,,650.9,6569.7,
LOG-02672,2026-06-18T14:36:02.178144+00:00,2026-06-18T14:36:02.830000+00:00,2026-06-18T14:36:08.747717+00:00,,651.9,6569.6,
LOG-02673,2026-06-18T14:36:02.179144+00:00,2026-06-18T14:36:02.832000+00:00,2026-06-18T14:36:08.748236+00:00,,652.9,6569.1,
LOG-02674,2026-06-18T14:36:02.180144+00:00,2026-06-18T14:36:02.834000+00:00,2026-06-18T14:36:08.748632+00:00,,653.9,6568.5,
LOG-02675,2026-06-18T14:36:02.181144+00:00,2026-06-18T14:36:02.836000+00:00,2026-06-18T14:36:08.749096+00:00,,654.9,6568.0,
LOG-02676,2026-06-18T14:36:02.182144+00:00,2026-06-18T14:36:02.838000+00:00,2026-06-18T14:36:08.749411+00:00,,655.9,6567.3,
LOG-02677,2026-06-18T14:36:02.183144+00:00,2026-06-18T14:36:02.840000+00:00,2026-06-18T14:36:08.750065+00:00,,656.9,6566.9,
LOG-02678,2026-06-18T14:36:02.184144+00:00,2026-06-18T14:36:02.842000+00:00,2026-06-18T14:36:08.750645+00:00,,657.9,6566.5,
LOG-02679,2026-06-18T14:36:02.185144+00:00,2026-06-18T14:36:02.844000+00:00,2026-06-18T14:36:08.750948+00:00,,658.9,6565.8,
LOG-02680,2026-06-18T14:36:02.186144+00:00,2026-06-18T14:36:02.846000+00:00,2026-06-18T14:36:08.751424+00:00,,659.9,6565.3,
LOG-02681,2026-06-18T14:36:02.187144+00:00,2026-06-18T14:36:02.849000+00:00,2026-06-18T14:36:08.751570+00:00,,661.9,6564.4,
LOG-02682,2026-06-18T14:36:02.188144+00:00,2026-06-18T14:36:02.850000+00:00,2026-06-18T14:36:08.751862+00:00,,661.9,6563.7,
LOG-02683,2026-06-18T14:36:02.189144+00:00,2026-06-18T14:36:02.852000+00:00,2026-06-18T14:36:08.752512+00:00,,662.9,6563.4,
LOG-02684,2026-06-18T14:36:02.190144+00:00,2026-06-18T14:36:02.854000+00:00,2026-06-18T14:36:08.753054+00:00,,663.9,6562.9,
LOG-02685,2026-06-18T14:36:02.191144+00:00,2026-06-18T14:36:02.856000+00:00,2026-06-18T14:36:08.753461+00:00,,664.9,6562.3,
LOG-02686,2026-06-18T14:36:02.192144+00:00,2026-06-18T14:36:02.858000+00:00,2026-06-18T14:36:08.754044+00:00,,665.9,6561.9,
LOG-02687,2026-06-18T14:36:02.193144+00:00,2026-06-18T14:36:02.860000+00:00,2026-06-18T14:36:08.754443+00:00,,666.9,6561.3,
LOG-02688,2026-06-18T14:36:02.194144+00:00,2026-06-18T14:36:02.863000+00:00,2026-06-18T14:36:08.755058+00:00,,668.9,6560.9,
LOG-02689,2026-06-18T14:36:02.195144+00:00,2026-06-18T14:36:02.864000+00:00,2026-06-18T14:36:08.755494+00:00,,668.9,6560.3,
LOG-02690,2026-06-18T14:36:02.196144+00:00,2026-06-18T14:36:02.866000+00:00,2026-06-18T14:36:08.756053+00:00,,669.9,6559.9,
LOG-02691,2026-06-18T14:36:02.197144+00:00,2026-06-18T14:36:02.868000+00:00,2026-06-18T14:36:08.756416+00:00,,670.9,6559.3,
LOG-02692,2026-06-18T14:36:02.198144+00:00,2026-06-18T14:36:02.870000+00:00,2026-06-18T14:36:08.756848+00:00,,671.9,6558.7,
LOG-02693,2026-06-18T14:36:02.199144+00:00,2026-06-18T14:36:02.872000+00:00,2026-06-18T14:36:08.757325+00:00,,672.9,6558.2,
LOG-02694,2026-06-18T14:36:02.200144+00:00,2026-06-18T14:36:02.874000+00:00,2026-06-18T14:36:08.758063+00:00,,673.9,6557.9,
LOG-02695,2026-06-18T14:36:02.201144+00:00,2026-06-18T14:36:02.876000+00:00,2026-06-18T14:36:08.758777+00:00,,674.9,6557.6,
LOG-02696,2026-06-18T14:36:02.202144+00:00,2026-06-18T14:36:02.878000+00:00,2026-06-18T14:36:08.759430+00:00,,675.9,6557.3,
LOG-02697,2026-06-18T14:36:02.203144+00:00,2026-06-18T14:36:02.880000+00:00,2026-06-18T14:36:08.760144+00:00,,676.9,6557.0,
LOG-02698,2026-06-18T14:36:02.204144+00:00,2026-06-18T14:36:02.882000+00:00,2026-06-18T14:36:08.761221+00:00,,677.9,6557.1,
LOG-02699,2026-06-18T14:36:02.205144+00:00,2026-06-18T14:36:02.885000+00:00,2026-06-18T14:36:08.761708+00:00,,679.9,6556.6,
LOG-02700,2026-06-18T14:36:02.206144+00:00,2026-06-18T14:36:02.886000+00:00,2026-06-18T14:36:08.762490+00:00,,679.9,6556.3,
LOG-02701,2026-06-18T14:36:02.207144+00:00,2026-06-18T14:36:02.888000+00:00,2026-06-18T14:36:08.763342+00:00,,680.9,6556.2,
LOG-02702,2026-06-18T14:36:02.208144+00:00,2026-06-18T14:36:02.890000+00:00,2026-06-18T14:36:08.764553+00:00,,681.9,6556.4,
LOG-02703,2026-06-18T14:36:02.209144+00:00,2026-06-18T14:36:02.892000+00:00,2026-06-18T14:36:08.765113+00:00,,682.9,6556.0,
LOG-02704,2026-06-18T14:36:02.210144+00:00,2026-06-18T14:36:02.894000+00:00,2026-06-18T14:36:08.765488+00:00,,683.9,6555.3,
LOG-02705,2026-06-18T14:36:02.211144+00:00,2026-06-18T14:36:02.896000+00:00,2026-06-18T14:36:08.766443+00:00,,684.9,6555.3,
LOG-02706,2026-06-18T14:36:02.212144+00:00,2026-06-18T14:36:02.898000+00:00,2026-06-18T14:36:08.767225+00:00,,685.9,6555.1,
LOG-02707,2026-06-18T14:36:02.213144+00:00,2026-06-18T14:36:02.900000+00:00,2026-06-18T14:36:08.768038+00:00,,686.9,6554.9,
LOG-02708,2026-06-18T14:36:02.214144+00:00,2026-06-18T14:36:02.902000+00:00,2026-06-18T14:36:08.768656+00:00,,687.9,6554.5,
LOG-02709,2026-06-18T14:36:02.215144+00:00,2026-06-18T14:36:02.904000+00:00,2026-06-18T14:36:08.769000+00:00,,688.9,6553.9,
LOG-02710,2026-06-18T14:36:02.216144+00:00,2026-06-18T14:36:02.906000+00:00,2026-06-18T14:36:08.769510+00:00,,689.9,6553.4,
LOG-02711,2026-06-18T14:36:02.217144+00:00,2026-06-18T14:36:02.908000+00:00,2026-06-18T14:36:08.769815+00:00,,690.9,6552.7,
LOG-02712,2026-06-18T14:36:02.218144+00:00,2026-06-18T14:36:02.910000+00:00,2026-06-18T14:36:08.770618+00:00,,691.9,6552.5,
LOG-02713,2026-06-18T14:36:02.219144+00:00,2026-06-18T14:36:02.912000+00:00,2026-06-18T14:36:08.771461+00:00,,692.9,6552.3,
LOG-02714,2026-06-18T14:36:02.220144+00:00,2026-06-18T14:36:02.914000+00:00,2026-06-18T14:36:08.772176+00:00,,693.9,6552.0,
LOG-02715,2026-06-18T14:36:02.221144+00:00,2026-06-18T14:36:02.916000+00:00,2026-06-18T14:36:08.772595+00:00,,694.9,6551.5,
LOG-02716,2026-06-18T14:36:02.222144+00:00,2026-06-18T14:36:02.918000+00:00,2026-06-18T14:36:08.773299+00:00,,695.9,6551.2,
LOG-02717,2026-06-18T14:36:02.223144+00:00,2026-06-18T14:36:02.920000+00:00,2026-06-18T14:36:08.773727+00:00,,696.9,6550.6,
LOG-02718,2026-06-18T14:36:02.224144+00:00,2026-06-18T14:36:02.922000+00:00,2026-06-18T14:36:08.774495+00:00,,697.9,6550.4,
LOG-02719,2026-06-18T14:36:02.225144+00:00,2026-06-18T14:36:02.924000+00:00,2026-06-18T14:36:08.774878+00:00,,698.9,6549.7,
LOG-02720,2026-06-18T14:36:02.226144+00:00,2026-06-18T14:36:02.926000+00:00,2026-06-18T14:36:08.775427+00:00,,699.9,6549.3,
LOG-02721,2026-06-18T14:36:02.227144+00:00,2026-06-18T14:36:02.928000+00:00,2026-06-18T14:36:08.775840+00:00,,700.9,6548.7,
LOG-02722,2026-06-18T14:36:02.228144+00:00,2026-06-18T14:36:02.930000+00:00,2026-06-18T14:36:08.776537+00:00,,701.9,6548.4,
LOG-02723,2026-06-18T14:36:02.229144+00:00,2026-06-18T14:36:02.932000+00:00,2026-06-18T14:36:08.777043+00:00,,702.9,6547.9,
LOG-02724,2026-06-18T14:36:02.230144+00:00,2026-06-18T14:36:02.934000+00:00,2026-06-18T14:36:08.777378+00:00,,703.9,6547.2,
LOG-02725,2026-06-18T14:36:02.231144+00:00,2026-06-18T14:36:02.936000+00:00,2026-06-18T14:36:08.778127+00:00,,704.9,6547.0,
LOG-02726,2026-06-18T14:36:02.232144+00:00,2026-06-18T14:36:02.938000+00:00,2026-06-18T14:36:08.778631+00:00,,705.9,6546.5,
LOG-02727,2026-06-18T14:36:02.233144+00:00,2026-06-18T14:36:02.940000+00:00,2026-06-18T14:36:08.779239+00:00,,706.9,6546.1,
LOG-02728,2026-06-18T14:36:02.234144+00:00,2026-06-18T14:36:02.942000+00:00,2026-06-18T14:36:08.779661+00:00,,707.9,6545.5,
LOG-02729,2026-06-18T14:36:02.235144+00:00,2026-06-18T14:36:02.944000+00:00,2026-06-18T14:36:08.780492+00:00,,708.9,6545.3,
LOG-02730,2026-06-18T14:36:02.236144+00:00,2026-06-18T14:36:02.946000+00:00,2026-06-18T14:36:08.781209+00:00,,709.9,6545.1,
LOG-02731,2026-06-18T14:36:02.237144+00:00,2026-06-18T14:36:02.950000+00:00,2026-06-18T14:36:08.781710+00:00,,712.9,6544.6,
LOG-02732,2026-06-18T14:36:02.238144+00:00,2026-06-18T14:36:02.951000+00:00,2026-06-18T14:36:08.782071+00:00,,712.9,6543.9,
LOG-02733,2026-06-18T14:36:02.239144+00:00,2026-06-18T14:36:02.953000+00:00,2026-06-18T14:36:08.782929+00:00,,713.9,6543.8,
LOG-02734,2026-06-18T14:36:02.240144+00:00,2026-06-18T14:36:02.955000+00:00,2026-06-18T14:36:08.783788+00:00,,714.9,6543.6,
LOG-02735,2026-06-18T14:36:02.241144+00:00,2026-06-18T14:36:02.957000+00:00,2026-06-18T14:36:08.784616+00:00,,715.9,6543.5,
LOG-02736,2026-06-18T14:36:02.242144+00:00,2026-06-18T14:36:02.959000+00:00,2026-06-18T14:36:08.785456+00:00,,716.9,6543.3,
LOG-02737,2026-06-18T14:36:02.243144+00:00,2026-06-18T14:36:02.961000+00:00,2026-06-18T14:36:08.786080+00:00,,717.9,6542.9,
LOG-02738,2026-06-18T14:36:02.244144+00:00,2026-06-18T14:36:02.963000+00:00,2026-06-18T14:36:08.786744+00:00,,718.9,6542.6,
LOG-02739,2026-06-18T14:36:02.245144+00:00,2026-06-18T14:36:02.965000+00:00,2026-06-18T14:36:08.787703+00:00,,719.9,6542.6,
LOG-02740,2026-06-18T14:36:02.246144+00:00,2026-06-18T14:36:02.968000+00:00,2026-06-18T14:36:08.788399+00:00,,721.9,6542.3,
LOG-02741,2026-06-18T14:36:02.247144+00:00,2026-06-18T14:36:02.969000+00:00,2026-06-18T14:36:08.789164+00:00,,721.9,6542.0,
LOG-02742,2026-06-18T14:36:02.248144+00:00,2026-06-18T14:36:02.971000+00:00,2026-06-18T14:36:08.789958+00:00,,722.9,6541.8,
LOG-02743,2026-06-18T14:36:02.249144+00:00,2026-06-18T14:36:02.973000+00:00,2026-06-18T14:36:08.790688+00:00,,723.9,6541.5,
LOG-02744,2026-06-18T14:36:02.250144+00:00,2026-06-18T14:36:02.975000+00:00,2026-06-18T14:36:08.791097+00:00,,724.9,6541.0,
LOG-02745,2026-06-18T14:36:02.251144+00:00,2026-06-18T14:36:02.977000+00:00,2026-06-18T14:36:08.791387+00:00,,725.9,6540.2,
LOG-02746,2026-06-18T14:36:02.252144+00:00,2026-06-18T14:36:02.979000+00:00,2026-06-18T14:36:08.791829+00:00,,726.9,6539.7,
LOG-02747,2026-06-18T14:36:02.253144+00:00,2026-06-18T14:36:02.981000+00:00,2026-06-18T14:36:08.792061+00:00,,727.9,6538.9,
LOG-02748,2026-06-18T14:36:02.254144+00:00,2026-06-18T14:36:02.984000+00:00,2026-06-18T14:36:08.792694+00:00,,729.9,6538.6,
LOG-02749,2026-06-18T14:36:02.255144+00:00,2026-06-18T14:36:02.986000+00:00,2026-06-18T14:36:08.793097+00:00,,730.9,6538.0,
LOG-02750,2026-06-18T14:36:02.256144+00:00,2026-06-18T14:36:02.988000+00:00,2026-06-18T14:36:08.793357+00:00,,731.9,6537.2,
LOG-02751,2026-06-18T14:36:02.257144+00:00,2026-06-18T14:36:02.990000+00:00,2026-06-18T14:36:08.793989+00:00,,732.9,6536.8,
LOG-02752,2026-06-18T14:36:02.258144+00:00,2026-06-18T14:36:02.992000+00:00,2026-06-18T14:36:08.794752+00:00,,733.9,6536.6,
LOG-02753,2026-06-18T14:36:02.259144+00:00,2026-06-18T14:36:02.995000+00:00,2026-06-18T14:36:08.795540+00:00,,735.9,6536.4,
LOG-02754,2026-06-18T14:36:02.260144+00:00,2026-06-18T14:36:02.996000+00:00,2026-06-18T14:36:08.796448+00:00,,735.9,6536.3,
LOG-02755,2026-06-18T14:36:02.261144+00:00,2026-06-18T14:36:02.998000+00:00,2026-06-18T14:36:08.797295+00:00,,736.9,6536.2,
LOG-02756,2026-06-18T14:36:02.262144+00:00,2026-06-18T14:36:03+00:00,2026-06-18T14:36:08.797756+00:00,,737.9,6535.6,
LOG-02757,2026-06-18T14:36:02.263144+00:00,2026-06-18T14:36:03.002000+00:00,2026-06-18T14:36:08.798045+00:00,,738.9,6534.9,
LOG-02758,2026-06-18T14:36:02.264144+00:00,2026-06-18T14:36:03.004000+00:00,2026-06-18T14:36:08.798455+00:00,,739.9,6534.3,
LOG-02759,2026-06-18T14:36:02.265144+00:00,2026-06-18T14:36:03.006000+00:00,2026-06-18T14:36:08.798758+00:00,,740.9,6533.6,
LOG-02760,2026-06-18T14:36:02.266144+00:00,2026-06-18T14:36:03.008000+00:00,2026-06-18T14:36:08.799218+00:00,,741.9,6533.1,
LOG-02761,2026-06-18T14:36:02.267144+00:00,2026-06-18T14:36:03.010000+00:00,2026-06-18T14:36:08.799699+00:00,,742.9,6532.6,
LOG-02762,2026-06-18T14:36:02.268144+00:00,2026-06-18T14:36:03.012000+00:00,2026-06-18T14:36:08.799818+00:00,,743.9,6531.7,
LOG-02763,2026-06-18T14:36:02.269144+00:00,2026-06-18T14:36:03.014000+00:00,2026-06-18T14:36:08.799912+00:00,,744.9,6530.8,
LOG-02764,2026-06-18T14:36:02.270144+00:00,2026-06-18T14:36:03.016000+00:00,2026-06-18T14:36:08.799999+00:00,,745.9,6529.9,
LOG-02765,2026-06-18T14:36:02.271144+00:00,2026-06-18T14:36:03.018000+00:00,2026-06-18T14:36:08.800653+00:00,,746.9,6529.5,
LOG-02766,2026-06-18T14:36:02.272144+00:00,2026-06-18T14:36:03.020000+00:00,2026-06-18T14:36:08.801127+00:00,,747.9,6529.0,
LOG-02767,2026-06-18T14:36:02.273144+00:00,2026-06-18T14:36:03.022000+00:00,2026-06-18T14:36:08.801628+00:00,,748.9,6528.5,
LOG-02768,2026-06-18T14:36:02.274144+00:00,2026-06-18T14:36:03.024000+00:00,2026-06-18T14:36:08.801921+00:00,,749.9,6527.8,
LOG-02769,2026-06-18T14:36:02.275144+00:00,2026-06-18T14:36:03.026000+00:00,2026-06-18T14:36:08.802537+00:00,,750.9,6527.4,
LOG-02770,2026-06-18T14:36:02.276144+00:00,2026-06-18T14:36:03.028000+00:00,2026-06-18T14:36:08.803465+00:00,,751.9,6527.3,
LOG-02771,2026-06-18T14:36:02.277144+00:00,2026-06-18T14:36:03.030000+00:00,2026-06-18T14:36:08.804440+00:00,,752.9,6527.3,
LOG-02772,2026-06-18T14:36:02.278144+00:00,2026-06-18T14:36:03.032000+00:00,2026-06-18T14:36:08.804818+00:00,,753.9,6526.7,
LOG-02773,2026-06-18T14:36:02.279144+00:00,2026-06-18T14:36:03.034000+00:00,2026-06-18T14:36:08.805719+00:00,,754.9,6526.6,
LOG-02774,2026-06-18T14:36:02.280144+00:00,2026-06-18T14:36:03.036000+00:00,2026-06-18T14:36:08.806259+00:00,,755.9,6526.1,
LOG-02775,2026-06-18T14:36:02.281144+00:00,2026-06-18T14:36:03.038000+00:00,2026-06-18T14:36:08.806541+00:00,,756.9,6525.4,
LOG-02776,2026-06-18T14:36:02.282144+00:00,2026-06-18T14:36:03.040000+00:00,2026-06-18T14:36:08.807009+00:00,,757.9,6524.9,
LOG-02777,2026-06-18T14:36:02.283144+00:00,2026-06-18T14:36:03.042000+00:00,2026-06-18T14:36:08.807351+00:00,,758.9,6524.2,
LOG-02778,2026-06-18T14:36:02.284144+00:00,2026-06-18T14:36:03.044000+00:00,2026-06-18T14:36:08.808032+00:00,,759.9,6523.9,
LOG-02779,2026-06-18T14:36:02.285144+00:00,2026-06-18T14:36:03.046000+00:00,2026-06-18T14:36:08.808555+00:00,,760.9,6523.4,
LOG-02780,2026-06-18T14:36:02.286144+00:00,2026-06-18T14:36:03.048000+00:00,2026-06-18T14:36:08.809024+00:00,,761.9,6522.9,
LOG-02781,2026-06-18T14:36:02.287144+00:00,2026-06-18T14:36:03.050000+00:00,2026-06-18T14:36:08.809862+00:00,,762.9,6522.7,
LOG-02782,2026-06-18T14:36:02.288144+00:00,2026-06-18T14:36:03.052000+00:00,2026-06-18T14:36:08.810534+00:00,,763.9,6522.4,
LOG-02783,2026-06-18T14:36:02.289144+00:00,2026-06-18T14:36:03.054000+00:00,2026-06-18T14:36:08.811188+00:00,,764.9,6522.0,
LOG-02784,2026-06-18T14:36:02.290144+00:00,2026-06-18T14:36:03.056000+00:00,2026-06-18T14:36:08.811891+00:00,,765.9,6521.7,
LOG-02785,2026-06-18T14:36:02.291144+00:00,2026-06-18T14:36:03.059000+00:00,2026-06-18T14:36:08.812672+00:00,,767.9,6521.5,
LOG-02786,2026-06-18T14:36:02.292144+00:00,2026-06-18T14:36:03.060000+00:00,2026-06-18T14:36:08.813501+00:00,,767.9,6521.4,
LOG-02787,2026-06-18T14:36:02.293144+00:00,2026-06-18T14:36:03.062000+00:00,2026-06-18T14:36:08.814133+00:00,,768.9,6521.0,
LOG-02788,2026-06-18T14:36:02.294144+00:00,2026-06-18T14:36:03.064000+00:00,2026-06-18T14:36:08.814493+00:00,,769.9,6520.3,
LOG-02789,2026-06-18T14:36:02.295144+00:00,2026-06-18T14:36:03.066000+00:00,2026-06-18T14:36:08.814887+00:00,,770.9,6519.7,
LOG-02790,2026-06-18T14:36:02.296144+00:00,2026-06-18T14:36:03.068000+00:00,2026-06-18T14:36:08.815290+00:00,,771.9,6519.1,
LOG-02791,2026-06-18T14:36:02.297144+00:00,2026-06-18T14:36:03.070000+00:00,2026-06-18T14:36:08.815759+00:00,,772.9,6518.6,
LOG-02792,2026-06-18T14:36:02.298144+00:00,2026-06-18T14:36:03.072000+00:00,2026-06-18T14:36:08.816078+00:00,,773.9,6517.9,
LOG-02793,2026-06-18T14:36:02.299144+00:00,2026-06-18T14:36:03.074000+00:00,2026-06-18T14:36:08.816487+00:00,,774.9,6517.3,
LOG-02794,2026-06-18T14:36:02.300144+00:00,2026-06-18T14:36:03.076000+00:00,2026-06-18T14:36:08.816732+00:00,,775.9,6516.6,
LOG-02795,2026-06-18T14:36:02.301144+00:00,2026-06-18T14:36:03.078000+00:00,2026-06-18T14:36:08.817103+00:00,,776.9,6516.0,
LOG-02796,2026-06-18T14:36:02.302144+00:00,2026-06-18T14:36:03.080000+00:00,2026-06-18T14:36:08.817387+00:00,,777.9,6515.2,
LOG-02797,2026-06-18T14:36:02.303144+00:00,2026-06-18T14:36:03.082000+00:00,2026-06-18T14:36:08.817745+00:00,,778.9,6514.6,
LOG-02798,2026-06-18T14:36:02.304144+00:00,2026-06-18T14:36:03.084000+00:00,2026-06-18T14:36:08.817999+00:00,2026-06-18T14:36:54.122537+00:00,779.9,6513.9,51818.4
LOG-02799,2026-06-18T14:36:02.305144+00:00,2026-06-18T14:36:03.086000+00:00,2026-06-18T14:36:08.818355+00:00,,780.9,6513.2,
LOG-02800,2026-06-18T14:36:02.306144+00:00,2026-06-18T14:36:03.089000+00:00,2026-06-18T14:36:08.818612+00:00,,782.9,6512.5,
LOG-02801,2026-06-18T14:36:02.307144+00:00,2026-06-18T14:36:03.092000+00:00,2026-06-18T14:36:08.819320+00:00,,784.9,6512.2,
LOG-02802,2026-06-18T14:36:02.308144+00:00,2026-06-18T14:36:03.094000+00:00,2026-06-18T14:36:08.820070+00:00,,785.9,6511.9,
LOG-02803,2026-06-18T14:36:02.309144+00:00,2026-06-18T14:36:03.096000+00:00,2026-06-18T14:36:08.820929+00:00,,786.9,6511.8,
LOG-02804,2026-06-18T14:36:02.310144+00:00,2026-06-18T14:36:03.098000+00:00,2026-06-18T14:36:08.821929+00:00,,787.9,6511.8,
LOG-02805,2026-06-18T14:36:02.311144+00:00,2026-06-18T14:36:03.100000+00:00,2026-06-18T14:36:08.822645+00:00,,788.9,6511.5,
LOG-02806,2026-06-18T14:36:02.312144+00:00,2026-06-18T14:36:03.102000+00:00,2026-06-18T14:36:08.823078+00:00,,789.9,6510.9,
LOG-02807,2026-06-18T14:36:02.313144+00:00,2026-06-18T14:36:03.104000+00:00,2026-06-18T14:36:08.823367+00:00,,790.9,6510.2,
LOG-02808,2026-06-18T14:36:02.314144+00:00,2026-06-18T14:36:03.106000+00:00,2026-06-18T14:36:08.823940+00:00,,791.9,6509.8,
LOG-02809,2026-06-18T14:36:02.315144+00:00,2026-06-18T14:36:03.108000+00:00,2026-06-18T14:36:08.824330+00:00,,792.9,6509.2,
LOG-02810,2026-06-18T14:36:02.316144+00:00,2026-06-18T14:36:03.110000+00:00,2026-06-18T14:36:08.824620+00:00,,793.9,6508.5,
LOG-02811,2026-06-18T14:36:02.317144+00:00,2026-06-18T14:36:03.112000+00:00,2026-06-18T14:36:08.825059+00:00,,794.9,6507.9,
LOG-02812,2026-06-18T14:36:02.318144+00:00,2026-06-18T14:36:03.114000+00:00,2026-06-18T14:36:08.825332+00:00,,795.9,6507.2,
LOG-02813,2026-06-18T14:36:02.319144+00:00,2026-06-18T14:36:03.116000+00:00,2026-06-18T14:36:08.826035+00:00,,796.9,6506.9,
LOG-02814,2026-06-18T14:36:02.320144+00:00,2026-06-18T14:36:03.118000+00:00,2026-06-18T14:36:08.826528+00:00,,797.9,6506.4,
LOG-02815,2026-06-18T14:36:02.321144+00:00,2026-06-18T14:36:03.120000+00:00,2026-06-18T14:36:08.826794+00:00,,798.9,6505.7,
LOG-02816,2026-06-18T14:36:02.322144+00:00,2026-06-18T14:36:03.122000+00:00,2026-06-18T14:36:08.827206+00:00,,799.9,6505.1,
LOG-02817,2026-06-18T14:36:02.323144+00:00,2026-06-18T14:36:03.124000+00:00,2026-06-18T14:36:08.827546+00:00,,800.9,6504.4,
LOG-02818,2026-06-18T14:36:02.324144+00:00,2026-06-18T14:36:03.126000+00:00,2026-06-18T14:36:08.828209+00:00,,801.9,6504.1,
LOG-02819,2026-06-18T14:36:02.325144+00:00,2026-06-18T14:36:03.128000+00:00,2026-06-18T14:36:08.828703+00:00,,802.9,6503.6,
LOG-02820,2026-06-18T14:36:02.326144+00:00,2026-06-18T14:36:03.131000+00:00,2026-06-18T14:36:08.829165+00:00,,804.9,6503.0,
LOG-02821,2026-06-18T14:36:02.327144+00:00,2026-06-18T14:36:03.132000+00:00,2026-06-18T14:36:08.830050+00:00,,804.9,6502.9,
LOG-02822,2026-06-18T14:36:02.328144+00:00,2026-06-18T14:36:03.134000+00:00,2026-06-18T14:36:08.830805+00:00,,805.9,6502.7,
LOG-02823,2026-06-18T14:36:02.329144+00:00,2026-06-18T14:36:03.136000+00:00,2026-06-18T14:36:08.831460+00:00,,806.9,6502.3,
LOG-02824,2026-06-18T14:36:02.330144+00:00,2026-06-18T14:36:03.138000+00:00,2026-06-18T14:36:08.832193+00:00,,807.9,6502.0,
LOG-02825,2026-06-18T14:36:02.331144+00:00,2026-06-18T14:36:03.140000+00:00,2026-06-18T14:36:08.832935+00:00,,808.9,6501.8,
LOG-02826,2026-06-18T14:36:02.332144+00:00,2026-06-18T14:36:03.142000+00:00,2026-06-18T14:36:08.833439+00:00,,809.9,6501.3,
LOG-02827,2026-06-18T14:36:02.333144+00:00,2026-06-18T14:36:03.144000+00:00,2026-06-18T14:36:08.833763+00:00,,810.9,6500.6,
LOG-02828,2026-06-18T14:36:02.334144+00:00,2026-06-18T14:36:03.146000+00:00,2026-06-18T14:36:08.834194+00:00,,811.9,6500.1,
LOG-02829,2026-06-18T14:36:02.335144+00:00,2026-06-18T14:36:03.148000+00:00,2026-06-18T14:36:08.834462+00:00,,812.9,6499.3,
LOG-02830,2026-06-18T14:36:02.336144+00:00,2026-06-18T14:36:03.150000+00:00,2026-06-18T14:36:08.835034+00:00,,813.9,6498.9,
LOG-02831,2026-06-18T14:36:02.337144+00:00,2026-06-18T14:36:03.152000+00:00,2026-06-18T14:36:08.835585+00:00,,814.9,6498.4,
LOG-02832,2026-06-18T14:36:02.338144+00:00,2026-06-18T14:36:03.154000+00:00,2026-06-18T14:36:08.835958+00:00,,815.9,6497.8,
LOG-02833,2026-06-18T14:36:02.339144+00:00,2026-06-18T14:36:03.156000+00:00,2026-06-18T14:36:08.836356+00:00,,816.9,6497.2,
LOG-02834,2026-06-18T14:36:02.340144+00:00,2026-06-18T14:36:03.158000+00:00,2026-06-18T14:36:08.837092+00:00,,817.9,6496.9,
LOG-02835,2026-06-18T14:36:02.341144+00:00,2026-06-18T14:36:03.160000+00:00,2026-06-18T14:36:08.837699+00:00,,818.9,6496.6,
LOG-02836,2026-06-18T14:36:02.342144+00:00,2026-06-18T14:36:03.162000+00:00,2026-06-18T14:36:08.838133+00:00,,819.9,6496.0,
LOG-02837,2026-06-18T14:36:02.343144+00:00,2026-06-18T14:36:03.164000+00:00,2026-06-18T14:36:08.838714+00:00,,820.9,6495.6,
LOG-02838,2026-06-18T14:36:02.344144+00:00,2026-06-18T14:36:03.166000+00:00,2026-06-18T14:36:08.839026+00:00,,821.9,6494.9,
LOG-02839,2026-06-18T14:36:02.345144+00:00,2026-06-18T14:36:03.168000+00:00,2026-06-18T14:36:08.839639+00:00,,822.9,6494.5,
LOG-02840,2026-06-18T14:36:02.346144+00:00,2026-06-18T14:36:03.170000+00:00,2026-06-18T14:36:08.840035+00:00,,823.9,6493.9,
LOG-02841,2026-06-18T14:36:02.347144+00:00,2026-06-18T14:36:03.172000+00:00,2026-06-18T14:36:08.840286+00:00,,824.9,6493.1,
LOG-02842,2026-06-18T14:36:02.348144+00:00,2026-06-18T14:36:03.174000+00:00,2026-06-18T14:36:08.840697+00:00,,825.9,6492.6,
LOG-02843,2026-06-18T14:36:02.349144+00:00,2026-06-18T14:36:03.176000+00:00,2026-06-18T14:36:08.840956+00:00,,826.9,6491.8,
LOG-02844,2026-06-18T14:36:02.350144+00:00,2026-06-18T14:36:03.178000+00:00,2026-06-18T14:36:08.841554+00:00,,827.9,6491.4,
LOG-02845,2026-06-18T14:36:02.351144+00:00,2026-06-18T14:36:03.180000+00:00,2026-06-18T14:36:08.842117+00:00,,828.9,6491.0,
LOG-02846,2026-06-18T14:36:02.352144+00:00,2026-06-18T14:36:03.182000+00:00,2026-06-18T14:36:08.842553+00:00,,829.9,6490.4,
LOG-02847,2026-06-18T14:36:02.353144+00:00,2026-06-18T14:36:03.184000+00:00,2026-06-18T14:36:08.842836+00:00,,830.9,6489.7,
LOG-02848,2026-06-18T14:36:02.354144+00:00,2026-06-18T14:36:03.186000+00:00,2026-06-18T14:36:08.843285+00:00,,831.9,6489.1,
LOG-02849,2026-06-18T14:36:02.355144+00:00,2026-06-18T14:36:03.188000+00:00,2026-06-18T14:36:08.843560+00:00,,832.9,6488.4,
LOG-02850,2026-06-18T14:36:02.356144+00:00,2026-06-18T14:36:03.190000+00:00,2026-06-18T14:36:08.843932+00:00,,833.9,6487.8,
LOG-02851,2026-06-18T14:36:02.357144+00:00,2026-06-18T14:36:03.192000+00:00,2026-06-18T14:36:08.844199+00:00,,834.9,6487.1,
LOG-02852,2026-06-18T14:36:02.358144+00:00,2026-06-18T14:36:03.194000+00:00,2026-06-18T14:36:08.844750+00:00,,835.9,6486.6,
LOG-02853,2026-06-18T14:36:02.359144+00:00,2026-06-18T14:36:03.196000+00:00,2026-06-18T14:36:08.845318+00:00,,836.9,6486.2,
LOG-02854,2026-06-18T14:36:02.360144+00:00,2026-06-18T14:36:03.198000+00:00,2026-06-18T14:36:08.846090+00:00,,837.9,6485.9,
LOG-02855,2026-06-18T14:36:02.361144+00:00,2026-06-18T14:36:03.201000+00:00,2026-06-18T14:36:08.846963+00:00,,839.9,6485.8,
LOG-02856,2026-06-18T14:36:02.362144+00:00,2026-06-18T14:36:03.203000+00:00,2026-06-18T14:36:08.847651+00:00,,840.9,6485.5,
LOG-02857,2026-06-18T14:36:02.363144+00:00,2026-06-18T14:36:03.204000+00:00,2026-06-18T14:36:08.848212+00:00,,840.9,6485.1,
LOG-02858,2026-06-18T14:36:02.364144+00:00,2026-06-18T14:36:03.206000+00:00,2026-06-18T14:36:08.848500+00:00,,841.9,6484.4,
LOG-02859,2026-06-18T14:36:02.365144+00:00,2026-06-18T14:36:03.208000+00:00,2026-06-18T14:36:08.848934+00:00,,842.9,6483.8,
LOG-02860,2026-06-18T14:36:02.366144+00:00,2026-06-18T14:36:03.210000+00:00,2026-06-18T14:36:08.849248+00:00,,843.9,6483.1,
LOG-02861,2026-06-18T14:36:02.367144+00:00,2026-06-18T14:36:03.212000+00:00,2026-06-18T14:36:08.849869+00:00,,844.9,6482.7,
LOG-02862,2026-06-18T14:36:02.368144+00:00,2026-06-18T14:36:03.214000+00:00,2026-06-18T14:36:08.850297+00:00,,845.9,6482.2,
LOG-02863,2026-06-18T14:36:02.369144+00:00,2026-06-18T14:36:03.216000+00:00,2026-06-18T14:36:08.850607+00:00,,846.9,6481.5,
LOG-02864,2026-06-18T14:36:02.370144+00:00,2026-06-18T14:36:03.218000+00:00,2026-06-18T14:36:08.851110+00:00,,847.9,6481.0,
LOG-02865,2026-06-18T14:36:02.371144+00:00,2026-06-18T14:36:03.220000+00:00,2026-06-18T14:36:08.851480+00:00,,848.9,6480.3,
LOG-02866,2026-06-18T14:36:02.372144+00:00,2026-06-18T14:36:03.222000+00:00,2026-06-18T14:36:08.851913+00:00,,849.9,6479.8,
LOG-02867,2026-06-18T14:36:02.373144+00:00,2026-06-18T14:36:03.224000+00:00,2026-06-18T14:36:08.852245+00:00,,850.9,6479.1,
LOG-02868,2026-06-18T14:36:02.374144+00:00,2026-06-18T14:36:03.226000+00:00,2026-06-18T14:36:08.852719+00:00,,851.9,6478.6,
LOG-02869,2026-06-18T14:36:02.375144+00:00,2026-06-18T14:36:03.228000+00:00,2026-06-18T14:36:08.853019+00:00,,852.9,6477.9,
LOG-02870,2026-06-18T14:36:02.376144+00:00,2026-06-18T14:36:03.230000+00:00,2026-06-18T14:36:08.853776+00:00,,853.9,6477.6,
LOG-02871,2026-06-18T14:36:02.377144+00:00,2026-06-18T14:36:03.232000+00:00,2026-06-18T14:36:08.854448+00:00,,854.9,6477.3,
LOG-02872,2026-06-18T14:36:02.378144+00:00,2026-06-18T14:36:03.234000+00:00,2026-06-18T14:36:08.854927+00:00,,855.9,6476.8,
LOG-02873,2026-06-18T14:36:02.379144+00:00,2026-06-18T14:36:03.236000+00:00,2026-06-18T14:36:08.855332+00:00,,856.9,6476.2,
LOG-02874,2026-06-18T14:36:02.380144+00:00,2026-06-18T14:36:03.238000+00:00,2026-06-18T14:36:08.855945+00:00,,857.9,6475.8,
LOG-02875,2026-06-18T14:36:02.381144+00:00,2026-06-18T14:36:03.240000+00:00,2026-06-18T14:36:08.856280+00:00,,858.9,6475.1,
LOG-02876,2026-06-18T14:36:02.382144+00:00,2026-06-18T14:36:03.242000+00:00,2026-06-18T14:36:08.857074+00:00,,859.9,6474.9,
LOG-02877,2026-06-18T14:36:02.383144+00:00,2026-06-18T14:36:03.244000+00:00,2026-06-18T14:36:08.857508+00:00,,860.9,6474.4,
LOG-02878,2026-06-18T14:36:02.384144+00:00,2026-06-18T14:36:03.246000+00:00,2026-06-18T14:36:08.857791+00:00,,861.9,6473.6,
LOG-02879,2026-06-18T14:36:02.385144+00:00,2026-06-18T14:36:03.248000+00:00,2026-06-18T14:36:08.858462+00:00,,862.9,6473.3,
LOG-02880,2026-06-18T14:36:02.386144+00:00,2026-06-18T14:36:03.250000+00:00,2026-06-18T14:36:08.859056+00:00,,863.9,6472.9,
LOG-02881,2026-06-18T14:36:02.387144+00:00,2026-06-18T14:36:03.252000+00:00,2026-06-18T14:36:08.859471+00:00,,864.9,6472.3,
LOG-02882,2026-06-18T14:36:02.388144+00:00,2026-06-18T14:36:03.254000+00:00,2026-06-18T14:36:08.859804+00:00,,865.9,6471.7,
LOG-02883,2026-06-18T14:36:02.389144+00:00,2026-06-18T14:36:03.256000+00:00,2026-06-18T14:36:08.860472+00:00,,866.9,6471.3,
LOG-02884,2026-06-18T14:36:02.390144+00:00,2026-06-18T14:36:03.258000+00:00,2026-06-18T14:36:08.861062+00:00,,867.9,6470.9,
LOG-02885,2026-06-18T14:36:02.391144+00:00,2026-06-18T14:36:03.260000+00:00,2026-06-18T14:36:08.861659+00:00,,868.9,6470.5,
LOG-02886,2026-06-18T14:36:02.392144+00:00,2026-06-18T14:36:03.262000+00:00,2026-06-18T14:36:08.862056+00:00,,869.9,6469.9,
LOG-02887,2026-06-18T14:36:02.393144+00:00,2026-06-18T14:36:03.264000+00:00,2026-06-18T14:36:08.862394+00:00,,870.9,6469.3,
LOG-02888,2026-06-18T14:36:02.394144+00:00,2026-06-18T14:36:03.266000+00:00,2026-06-18T14:36:08.862814+00:00,,871.9,6468.7,
LOG-02889,2026-06-18T14:36:02.395144+00:00,2026-06-18T14:36:03.268000+00:00,2026-06-18T14:36:08.863145+00:00,,872.9,6468.0,
LOG-02890,2026-06-18T14:36:02.396144+00:00,2026-06-18T14:36:03.270000+00:00,2026-06-18T14:36:08.863934+00:00,,873.9,6467.8,
LOG-02891,2026-06-18T14:36:02.397144+00:00,2026-06-18T14:36:03.273000+00:00,2026-06-18T14:36:08.864557+00:00,,875.9,6467.4,
LOG-02892,2026-06-18T14:36:02.398144+00:00,2026-06-18T14:36:03.275000+00:00,2026-06-18T14:36:08.864968+00:00,,876.9,6466.8,
LOG-02893,2026-06-18T14:36:02.399144+00:00,2026-06-18T14:36:03.276000+00:00,2026-06-18T14:36:08.865218+00:00,,876.9,6466.1,
LOG-02894,2026-06-18T14:36:02.400144+00:00,2026-06-18T14:36:03.278000+00:00,2026-06-18T14:36:08.865659+00:00,,877.9,6465.5,
LOG-02895,2026-06-18T14:36:02.401144+00:00,2026-06-18T14:36:03.280000+00:00,2026-06-18T14:36:08.865901+00:00,,878.9,6464.8,
LOG-02896,2026-06-18T14:36:02.402144+00:00,2026-06-18T14:36:03.283000+00:00,2026-06-18T14:36:08.866452+00:00,,880.9,6464.3,
LOG-02897,2026-06-18T14:36:02.403144+00:00,2026-06-18T14:36:03.285000+00:00,2026-06-18T14:36:08.866862+00:00,,881.9,6463.7,
LOG-02898,2026-06-18T14:36:02.404144+00:00,2026-06-18T14:36:03.287000+00:00,2026-06-18T14:36:08.867202+00:00,,882.9,6463.1,
LOG-02899,2026-06-18T14:36:02.405144+00:00,2026-06-18T14:36:03.288000+00:00,2026-06-18T14:36:08.867773+00:00,,882.9,6462.6,
LOG-02900,2026-06-18T14:36:02.406144+00:00,2026-06-18T14:36:03.290000+00:00,2026-06-18T14:36:08.868190+00:00,,883.9,6462.0,
LOG-02901,2026-06-18T14:36:02.407144+00:00,2026-06-18T14:36:03.292000+00:00,2026-06-18T14:36:08.868542+00:00,,884.9,6461.4,
LOG-02902,2026-06-18T14:36:02.408144+00:00,2026-06-18T14:36:03.294000+00:00,2026-06-18T14:36:08.869173+00:00,,885.9,6461.0,
LOG-02903,2026-06-18T14:36:02.409144+00:00,2026-06-18T14:36:03.296000+00:00,2026-06-18T14:36:08.869976+00:00,,886.9,6460.8,
LOG-02904,2026-06-18T14:36:02.410144+00:00,2026-06-18T14:36:03.298000+00:00,2026-06-18T14:36:08.870620+00:00,,887.9,6460.5,
LOG-02905,2026-06-18T14:36:02.411144+00:00,2026-06-18T14:36:03.300000+00:00,2026-06-18T14:36:08.871043+00:00,,888.9,6459.9,
LOG-02906,2026-06-18T14:36:02.412144+00:00,2026-06-18T14:36:03.302000+00:00,2026-06-18T14:36:08.871401+00:00,,889.9,6459.3,
LOG-02907,2026-06-18T14:36:02.413144+00:00,2026-06-18T14:36:03.304000+00:00,2026-06-18T14:36:08.871953+00:00,,890.9,6458.8,
LOG-02908,2026-06-18T14:36:02.414144+00:00,2026-06-18T14:36:03.306000+00:00,2026-06-18T14:36:08.872384+00:00,,891.9,6458.2,
LOG-02909,2026-06-18T14:36:02.415144+00:00,2026-06-18T14:36:03.308000+00:00,2026-06-18T14:36:08.872942+00:00,,892.9,6457.8,
LOG-02910,2026-06-18T14:36:02.416144+00:00,2026-06-18T14:36:03.310000+00:00,2026-06-18T14:36:08.873252+00:00,,893.9,6457.1,
LOG-02911,2026-06-18T14:36:02.417144+00:00,2026-06-18T14:36:03.312000+00:00,2026-06-18T14:36:08.873979+00:00,,894.9,6456.8,
LOG-02912,2026-06-18T14:36:02.418144+00:00,2026-06-18T14:36:03.314000+00:00,2026-06-18T14:36:08.874608+00:00,,895.9,6456.5,
LOG-02913,2026-06-18T14:36:02.419144+00:00,2026-06-18T14:36:03.316000+00:00,2026-06-18T14:36:08.874886+00:00,,896.9,6455.7,
LOG-02914,2026-06-18T14:36:02.420144+00:00,2026-06-18T14:36:03.318000+00:00,2026-06-18T14:36:08.875496+00:00,,897.9,6455.4,
LOG-02915,2026-06-18T14:36:02.421144+00:00,2026-06-18T14:36:03.320000+00:00,2026-06-18T14:36:08.875955+00:00,,898.9,6454.8,
LOG-02916,2026-06-18T14:36:02.422144+00:00,2026-06-18T14:36:03.322000+00:00,2026-06-18T14:36:08.876189+00:00,,899.9,6454.0,
LOG-02917,2026-06-18T14:36:02.423144+00:00,2026-06-18T14:36:03.324000+00:00,2026-06-18T14:36:08.876660+00:00,,900.9,6453.5,
LOG-02918,2026-06-18T14:36:02.424144+00:00,2026-06-18T14:36:03.326000+00:00,2026-06-18T14:36:08.876946+00:00,,901.9,6452.8,
LOG-02919,2026-06-18T14:36:02.425144+00:00,2026-06-18T14:36:03.328000+00:00,2026-06-18T14:36:08.877638+00:00,,902.9,6452.5,
LOG-02920,2026-06-18T14:36:02.426144+00:00,2026-06-18T14:36:03.330000+00:00,2026-06-18T14:36:08.878245+00:00,,903.9,6452.1,
LOG-02921,2026-06-18T14:36:02.427144+00:00,2026-06-18T14:36:03.332000+00:00,2026-06-18T14:36:08.878905+00:00,,904.9,6451.8,
LOG-02922,2026-06-18T14:36:02.428144+00:00,2026-06-18T14:36:03.334000+00:00,2026-06-18T14:36:08.879626+00:00,,905.9,6451.5,
LOG-02923,2026-06-18T14:36:02.429144+00:00,2026-06-18T14:36:03.336000+00:00,2026-06-18T14:36:08.880444+00:00,,906.9,6451.3,
LOG-02924,2026-06-18T14:36:02.430144+00:00,2026-06-18T14:36:03.338000+00:00,2026-06-18T14:36:08.881271+00:00,,907.9,6451.1,
LOG-02925,2026-06-18T14:36:02.431144+00:00,2026-06-18T14:36:03.340000+00:00,2026-06-18T14:36:08.881719+00:00,,908.9,6450.6,
LOG-02926,2026-06-18T14:36:02.432144+00:00,2026-06-18T14:36:03.342000+00:00,2026-06-18T14:36:08.882020+00:00,,909.9,6449.9,
LOG-02927,2026-06-18T14:36:02.433144+00:00,2026-06-18T14:36:03.344000+00:00,2026-06-18T14:36:08.882424+00:00,,910.9,6449.3,
LOG-02928,2026-06-18T14:36:02.434144+00:00,2026-06-18T14:36:03.346000+00:00,2026-06-18T14:36:08.882755+00:00,,911.9,6448.6,
LOG-02929,2026-06-18T14:36:02.435144+00:00,2026-06-18T14:36:03.348000+00:00,2026-06-18T14:36:08.883377+00:00,,912.9,6448.2,
LOG-02930,2026-06-18T14:36:02.436144+00:00,2026-06-18T14:36:03.350000+00:00,2026-06-18T14:36:08.883808+00:00,,913.9,6447.7,
LOG-02931,2026-06-18T14:36:02.437144+00:00,2026-06-18T14:36:03.352000+00:00,2026-06-18T14:36:08.884076+00:00,,914.9,6446.9,
LOG-02932,2026-06-18T14:36:02.438144+00:00,2026-06-18T14:36:03.354000+00:00,2026-06-18T14:36:08.884639+00:00,,915.9,6446.5,
LOG-02933,2026-06-18T14:36:02.439144+00:00,2026-06-18T14:36:03.356000+00:00,2026-06-18T14:36:08.885007+00:00,,916.9,6445.9,
LOG-02934,2026-06-18T14:36:02.440144+00:00,2026-06-18T14:36:03.358000+00:00,2026-06-18T14:36:08.885272+00:00,,917.9,6445.1,
LOG-02935,2026-06-18T14:36:02.441144+00:00,2026-06-18T14:36:03.360000+00:00,2026-06-18T14:36:08.885622+00:00,,918.9,6444.5,
LOG-02936,2026-06-18T14:36:02.442144+00:00,2026-06-18T14:36:03.362000+00:00,2026-06-18T14:36:08.885881+00:00,,919.9,6443.7,
LOG-02937,2026-06-18T14:36:02.443144+00:00,2026-06-18T14:36:03.364000+00:00,2026-06-18T14:36:08.886306+00:00,,920.9,6443.2,
LOG-02938,2026-06-18T14:36:02.444144+00:00,2026-06-18T14:36:03.366000+00:00,2026-06-18T14:36:08.887927+00:00,,921.9,6443.8,
LOG-02939,2026-06-18T14:36:02.445144+00:00,2026-06-18T14:36:03.368000+00:00,2026-06-18T14:36:08.888771+00:00,,922.9,6443.6,
LOG-02940,2026-06-18T14:36:02.446144+00:00,2026-06-18T14:36:03.370000+00:00,2026-06-18T14:36:08.889240+00:00,,923.9,6443.1,
LOG-02941,2026-06-18T14:36:02.447144+00:00,2026-06-18T14:36:03.372000+00:00,2026-06-18T14:36:08.889820+00:00,,924.9,6442.7,
LOG-02942,2026-06-18T14:36:02.448144+00:00,2026-06-18T14:36:03.374000+00:00,2026-06-18T14:36:08.890118+00:00,,925.9,6442.0,
LOG-02943,2026-06-18T14:36:02.449144+00:00,2026-06-18T14:36:03.376000+00:00,2026-06-18T14:36:08.890749+00:00,,926.9,6441.6,
LOG-02944,2026-06-18T14:36:02.450144+00:00,2026-06-18T14:36:03.378000+00:00,2026-06-18T14:36:08.891156+00:00,,927.9,6441.0,
LOG-02945,2026-06-18T14:36:02.451144+00:00,2026-06-18T14:36:03.380000+00:00,2026-06-18T14:36:08.891291+00:00,,928.9,6440.1,
LOG-02946,2026-06-18T14:36:02.452144+00:00,2026-06-18T14:36:03.382000+00:00,2026-06-18T14:36:08.891567+00:00,,929.9,6439.4,
LOG-02947,2026-06-18T14:36:02.453144+00:00,2026-06-18T14:36:03.384000+00:00,2026-06-18T14:36:08.892156+00:00,,930.9,6439.0,
LOG-02948,2026-06-18T14:36:02.454144+00:00,2026-06-18T14:36:03.386000+00:00,2026-06-18T14:36:08.892544+00:00,,931.9,6438.4,
LOG-02949,2026-06-18T14:36:02.455144+00:00,2026-06-18T14:36:03.388000+00:00,2026-06-18T14:36:08.892797+00:00,,932.9,6437.7,
LOG-02950,2026-06-18T14:36:02.456144+00:00,2026-06-18T14:36:03.390000+00:00,2026-06-18T14:36:08.893530+00:00,,933.9,6437.4,
LOG-02951,2026-06-18T14:36:02.457144+00:00,2026-06-18T14:36:03.392000+00:00,2026-06-18T14:36:08.893957+00:00,,934.9,6436.8,
LOG-02952,2026-06-18T14:36:02.458144+00:00,2026-06-18T14:36:03.394000+00:00,2026-06-18T14:36:08.894313+00:00,,935.9,6436.2,
LOG-02953,2026-06-18T14:36:02.459144+00:00,2026-06-18T14:36:03.396000+00:00,2026-06-18T14:36:08.894394+00:00,,936.9,6435.3,
LOG-02954,2026-06-18T14:36:02.460144+00:00,2026-06-18T14:36:03.398000+00:00,2026-06-18T14:36:08.894849+00:00,,937.9,6434.7,
LOG-02955,2026-06-18T14:36:02.461144+00:00,2026-06-18T14:36:03.400000+00:00,2026-06-18T14:36:08.895212+00:00,,938.9,6434.1,
LOG-02956,2026-06-18T14:36:02.462144+00:00,2026-06-18T14:36:03.402000+00:00,2026-06-18T14:36:08.895992+00:00,,939.9,6433.8,
LOG-02957,2026-06-18T14:36:02.463144+00:00,2026-06-18T14:36:03.404000+00:00,2026-06-18T14:36:08.896817+00:00,,940.9,6433.7,
LOG-02958,2026-06-18T14:36:02.464144+00:00,2026-06-18T14:36:03.406000+00:00,2026-06-18T14:36:08.897669+00:00,,941.9,6433.5,
LOG-02959,2026-06-18T14:36:02.465144+00:00,2026-06-18T14:36:03.408000+00:00,2026-06-18T14:36:08.898375+00:00,,942.9,6433.2,
LOG-02960,2026-06-18T14:36:02.466144+00:00,2026-06-18T14:36:03.410000+00:00,2026-06-18T14:36:08.898898+00:00,,943.9,6432.8,
LOG-02961,2026-06-18T14:36:02.467144+00:00,2026-06-18T14:36:03.412000+00:00,2026-06-18T14:36:08.899215+00:00,,944.9,6432.1,
LOG-02962,2026-06-18T14:36:02.468144+00:00,2026-06-18T14:36:03.414000+00:00,2026-06-18T14:36:08.899789+00:00,,945.9,6431.6,
LOG-02963,2026-06-18T14:36:02.469144+00:00,2026-06-18T14:36:03.416000+00:00,2026-06-18T14:36:08.900099+00:00,,946.9,6431.0,
LOG-02964,2026-06-18T14:36:02.470144+00:00,2026-06-18T14:36:03.418000+00:00,2026-06-18T14:36:08.900511+00:00,,947.9,6430.4,
LOG-02965,2026-06-18T14:36:02.471144+00:00,2026-06-18T14:36:03.420000+00:00,2026-06-18T14:36:08.900793+00:00,,948.9,6429.6,
LOG-02966,2026-06-18T14:36:02.472144+00:00,2026-06-18T14:36:03.422000+00:00,2026-06-18T14:36:08.901173+00:00,,949.9,6429.0,
LOG-02967,2026-06-18T14:36:02.473144+00:00,2026-06-18T14:36:03.424000+00:00,2026-06-18T14:36:08.901494+00:00,,950.9,6428.3,
LOG-02968,2026-06-18T14:36:02.474144+00:00,2026-06-18T14:36:03.426000+00:00,2026-06-18T14:36:08.902101+00:00,,951.9,6428.0,
LOG-02969,2026-06-18T14:36:02.475144+00:00,2026-06-18T14:36:03.428000+00:00,2026-06-18T14:36:08.902511+00:00,,952.9,6427.4,
LOG-02970,2026-06-18T14:36:02.476144+00:00,2026-06-18T14:36:03.430000+00:00,2026-06-18T14:36:08.902784+00:00,,953.9,6426.6,
LOG-02971,2026-06-18T14:36:02.477144+00:00,2026-06-18T14:36:03.432000+00:00,2026-06-18T14:36:08.903210+00:00,,954.9,6426.1,
LOG-02972,2026-06-18T14:36:02.478144+00:00,2026-06-18T14:36:03.434000+00:00,2026-06-18T14:36:08.903463+00:00,,955.9,6425.3,
LOG-02973,2026-06-18T14:36:02.479144+00:00,2026-06-18T14:36:03.436000+00:00,2026-06-18T14:36:08.904037+00:00,,956.9,6424.9,
LOG-02974,2026-06-18T14:36:02.480144+00:00,2026-06-18T14:36:03.438000+00:00,2026-06-18T14:36:08.905111+00:00,,957.9,6425.0,
LOG-02975,2026-06-18T14:36:02.481144+00:00,2026-06-18T14:36:03.440000+00:00,2026-06-18T14:36:08.905558+00:00,,958.9,6424.4,
LOG-02976,2026-06-18T14:36:02.482144+00:00,2026-06-18T14:36:03.442000+00:00,2026-06-18T14:36:08.905682+00:00,,959.9,6423.5,
LOG-02977,2026-06-18T14:36:02.483144+00:00,2026-06-18T14:36:03.444000+00:00,2026-06-18T14:36:08.906279+00:00,,960.9,6423.1,
LOG-02978,2026-06-18T14:36:02.484144+00:00,2026-06-18T14:36:03.446000+00:00,2026-06-18T14:36:08.906922+00:00,,961.9,6422.8,
LOG-02979,2026-06-18T14:36:02.485144+00:00,2026-06-18T14:36:03.448000+00:00,2026-06-18T14:36:08.907212+00:00,,962.9,6422.1,
LOG-02980,2026-06-18T14:36:02.486144+00:00,2026-06-18T14:36:03.450000+00:00,2026-06-18T14:36:08.907591+00:00,,963.9,6421.4,
LOG-02981,2026-06-18T14:36:02.487144+00:00,2026-06-18T14:36:03.453000+00:00,2026-06-18T14:36:08.907837+00:00,,965.9,6420.7,
LOG-02982,2026-06-18T14:36:02.488144+00:00,2026-06-18T14:36:03.455000+00:00,2026-06-18T14:36:08.908273+00:00,,966.9,6420.1,
LOG-02983,2026-06-18T14:36:02.489144+00:00,2026-06-18T14:36:03.456000+00:00,2026-06-18T14:36:08.908556+00:00,,966.9,6419.4,
LOG-02984,2026-06-18T14:36:02.490144+00:00,2026-06-18T14:36:03.458000+00:00,2026-06-18T14:36:08.908972+00:00,,967.9,6418.8,
LOG-02985,2026-06-18T14:36:02.491144+00:00,2026-06-18T14:36:03.462000+00:00,2026-06-18T14:36:08.909269+00:00,,970.9,6418.1,
LOG-02986,2026-06-18T14:36:02.492144+00:00,2026-06-18T14:36:03.463000+00:00,2026-06-18T14:36:08.909861+00:00,,970.9,6417.7,
LOG-02987,2026-06-18T14:36:02.493144+00:00,2026-06-18T14:36:03.464000+00:00,2026-06-18T14:36:08.910244+00:00,,970.9,6417.1,
LOG-02988,2026-06-18T14:36:02.494144+00:00,2026-06-18T14:36:03.466000+00:00,2026-06-18T14:36:08.910623+00:00,,971.9,6416.5,
LOG-02989,2026-06-18T14:36:02.495144+00:00,2026-06-18T14:36:03.468000+00:00,2026-06-18T14:36:08.911400+00:00,,972.9,6416.3,
LOG-02990,2026-06-18T14:36:02.496144+00:00,2026-06-18T14:36:03.470000+00:00,2026-06-18T14:36:08.912084+00:00,,973.9,6415.9,
LOG-02991,2026-06-18T14:36:02.497144+00:00,2026-06-18T14:36:03.472000+00:00,2026-06-18T14:36:08.912942+00:00,,974.9,6415.8,
LOG-02992,2026-06-18T14:36:02.498144+00:00,2026-06-18T14:36:03.474000+00:00,2026-06-18T14:36:08.913401+00:00,,975.9,6415.3,
LOG-02993,2026-06-18T14:36:02.499144+00:00,2026-06-18T14:36:03.477000+00:00,2026-06-18T14:36:08.913864+00:00,,977.9,6414.7,
LOG-02994,2026-06-18T14:36:02.500144+00:00,2026-06-18T14:36:03.480000+00:00,2026-06-18T14:36:08.914611+00:00,,979.9,6414.5,
LOG-02995,2026-06-18T14:36:02.501144+00:00,2026-06-18T14:36:03.481000+00:00,2026-06-18T14:36:08.915054+00:00,,979.9,6413.9,
LOG-02996,2026-06-18T14:36:02.502144+00:00,2026-06-18T14:36:03.483000+00:00,2026-06-18T14:36:08.915347+00:00,,980.9,6413.2,
LOG-02997,2026-06-18T14:36:02.503144+00:00,2026-06-18T14:36:03.486000+00:00,2026-06-18T14:36:08.915802+00:00,,982.9,6412.7,
LOG-02998,2026-06-18T14:36:02.504144+00:00,2026-06-18T14:36:03.487000+00:00,2026-06-18T14:36:08.916099+00:00,,982.9,6412.0,
LOG-02999,2026-06-18T14:36:02.505144+00:00,2026-06-18T14:36:03.489000+00:00,2026-06-18T14:36:08.916519+00:00,,983.9,6411.4,
LOG-03000,2026-06-18T14:36:02.506144+00:00,2026-06-18T14:36:03.491000+00:00,2026-06-18T14:36:08.916799+00:00,,984.9,6410.7,
LOG-03001,2026-06-18T14:36:02.507144+00:00,2026-06-18T14:36:03.493000+00:00,2026-06-18T14:36:08.917181+00:00,,985.9,6410.0,
LOG-03002,2026-06-18T14:36:02.508144+00:00,2026-06-18T14:36:03.495000+00:00,2026-06-18T14:36:08.917461+00:00,,986.9,6409.3,
LOG-03003,2026-06-18T14:36:02.509144+00:00,2026-06-18T14:36:03.497000+00:00,2026-06-18T14:36:08.917807+00:00,,987.9,6408.7,
LOG-03004,2026-06-18T14:36:02.510144+00:00,2026-06-18T14:36:03.499000+00:00,2026-06-18T14:36:08.918074+00:00,,988.9,6407.9,
LOG-03005,2026-06-18T14:36:02.511144+00:00,2026-06-18T14:36:03.501000+00:00,2026-06-18T14:36:08.918462+00:00,,989.9,6407.3,
LOG-03006,2026-06-18T14:36:02.512144+00:00,2026-06-18T14:36:03.503000+00:00,2026-06-18T14:36:08.918727+00:00,,990.9,6406.6,
LOG-03007,2026-06-18T14:36:02.513144+00:00,2026-06-18T14:36:03.505000+00:00,2026-06-18T14:36:08.919072+00:00,,991.9,6405.9,
LOG-03008,2026-06-18T14:36:02.514144+00:00,2026-06-18T14:36:03.507000+00:00,2026-06-18T14:36:08.919341+00:00,,992.9,6405.2,
LOG-03009,2026-06-18T14:36:02.515144+00:00,2026-06-18T14:36:03.509000+00:00,2026-06-18T14:36:08.919675+00:00,,993.9,6404.5,
LOG-03010,2026-06-18T14:36:02.516144+00:00,2026-06-18T14:36:03.511000+00:00,2026-06-18T14:36:08.919997+00:00,,994.9,6403.9,
LOG-03011,2026-06-18T14:36:02.517144+00:00,2026-06-18T14:36:03.513000+00:00,2026-06-18T14:36:08.920816+00:00,,995.9,6403.7,
LOG-03012,2026-06-18T14:36:02.518144+00:00,2026-06-18T14:36:03.515000+00:00,2026-06-18T14:36:08.921716+00:00,,996.9,6403.6,
LOG-03013,2026-06-18T14:36:02.519144+00:00,2026-06-18T14:36:03.517000+00:00,2026-06-18T14:36:08.922484+00:00,,997.9,6403.3,
LOG-03014,2026-06-18T14:36:02.520144+00:00,2026-06-18T14:36:03.519000+00:00,2026-06-18T14:36:08.922928+00:00,,998.9,6402.8,
LOG-03015,2026-06-18T14:36:02.521144+00:00,2026-06-18T14:36:03.521000+00:00,2026-06-18T14:36:08.923216+00:00,,999.9,6402.1,
LOG-03016,2026-06-18T14:36:02.522144+00:00,2026-06-18T14:36:03.523000+00:00,2026-06-18T14:36:08.923641+00:00,,1000.9,6401.5,
LOG-03017,2026-06-18T14:36:02.523144+00:00,2026-06-18T14:36:03.525000+00:00,2026-06-18T14:36:08.923942+00:00,,1001.9,6400.8,
LOG-03018,2026-06-18T14:36:02.524144+00:00,2026-06-18T14:36:03.527000+00:00,2026-06-18T14:36:08.924324+00:00,,1002.9,6400.2,
LOG-03019,2026-06-18T14:36:02.525144+00:00,2026-06-18T14:36:03.529000+00:00,2026-06-18T14:36:08.924592+00:00,,1003.9,6399.4,
LOG-03020,2026-06-18T14:36:02.526144+00:00,2026-06-18T14:36:03.531000+00:00,2026-06-18T14:36:08.924990+00:00,,1004.9,6398.8,
LOG-03021,2026-06-18T14:36:02.527144+00:00,2026-06-18T14:36:03.534000+00:00,2026-06-18T14:36:08.925276+00:00,,1006.9,6398.1,
LOG-03022,2026-06-18T14:36:02.528144+00:00,2026-06-18T14:36:03.536000+00:00,2026-06-18T14:36:08.925700+00:00,,1007.9,6397.6,
LOG-03023,2026-06-18T14:36:02.529144+00:00,2026-06-18T14:36:03.537000+00:00,2026-06-18T14:36:08.925948+00:00,,1007.9,6396.8,
LOG-03024,2026-06-18T14:36:02.530144+00:00,2026-06-18T14:36:03.539000+00:00,2026-06-18T14:36:08.926673+00:00,,1008.9,6396.5,
LOG-03025,2026-06-18T14:36:02.531144+00:00,2026-06-18T14:36:03.541000+00:00,2026-06-18T14:36:08.927343+00:00,,1009.9,6396.2,
LOG-03026,2026-06-18T14:36:02.532144+00:00,2026-06-18T14:36:03.543000+00:00,2026-06-18T14:36:08.927759+00:00,,1010.9,6395.6,
LOG-03027,2026-06-18T14:36:02.533144+00:00,2026-06-18T14:36:03.545000+00:00,2026-06-18T14:36:08.928077+00:00,,1011.9,6394.9,
LOG-03028,2026-06-18T14:36:02.534144+00:00,2026-06-18T14:36:03.547000+00:00,2026-06-18T14:36:08.928809+00:00,,1012.9,6394.7,
LOG-03029,2026-06-18T14:36:02.535144+00:00,2026-06-18T14:36:03.549000+00:00,2026-06-18T14:36:08.929669+00:00,,1013.9,6394.5,
LOG-03030,2026-06-18T14:36:02.536144+00:00,2026-06-18T14:36:03.552000+00:00,2026-06-18T14:36:08.930196+00:00,,1015.9,6394.1,
LOG-03031,2026-06-18T14:36:02.537144+00:00,2026-06-18T14:36:03.553000+00:00,2026-06-18T14:36:08.930488+00:00,,1015.9,6393.3,
LOG-03032,2026-06-18T14:36:02.538144+00:00,2026-06-18T14:36:03.555000+00:00,2026-06-18T14:36:08.930932+00:00,,1016.9,6392.8,
LOG-03033,2026-06-18T14:36:02.539144+00:00,2026-06-18T14:36:03.557000+00:00,2026-06-18T14:36:08.931242+00:00,,1017.9,6392.1,
LOG-03034,2026-06-18T14:36:02.540144+00:00,2026-06-18T14:36:03.559000+00:00,2026-06-18T14:36:08.931682+00:00,,1018.9,6391.5,
LOG-03035,2026-06-18T14:36:02.541144+00:00,2026-06-18T14:36:03.561000+00:00,2026-06-18T14:36:08.931990+00:00,,1019.9,6390.8,
LOG-03036,2026-06-18T14:36:02.542144+00:00,2026-06-18T14:36:03.563000+00:00,2026-06-18T14:36:08.932582+00:00,,1020.9,6390.4,
LOG-03037,2026-06-18T14:36:02.543144+00:00,2026-06-18T14:36:03.565000+00:00,2026-06-18T14:36:08.933009+00:00,,1021.9,6389.9,
LOG-03038,2026-06-18T14:36:02.544144+00:00,2026-06-18T14:36:03.567000+00:00,2026-06-18T14:36:08.933317+00:00,,1022.9,6389.2,
LOG-03039,2026-06-18T14:36:02.545144+00:00,2026-06-18T14:36:03.569000+00:00,2026-06-18T14:36:08.933737+00:00,,1023.9,6388.6,
LOG-03040,2026-06-18T14:36:02.546144+00:00,2026-06-18T14:36:03.571000+00:00,2026-06-18T14:36:08.934010+00:00,,1024.9,6387.9,
LOG-03041,2026-06-18T14:36:02.547144+00:00,2026-06-18T14:36:03.573000+00:00,2026-06-18T14:36:08.934392+00:00,,1025.9,6387.2,
LOG-03042,2026-06-18T14:36:02.548144+00:00,2026-06-18T14:36:03.575000+00:00,2026-06-18T14:36:08.934649+00:00,,1026.9,6386.5,
LOG-03043,2026-06-18T14:36:02.549144+00:00,2026-06-18T14:36:03.577000+00:00,2026-06-18T14:36:08.935206+00:00,,1027.9,6386.1,
LOG-03044,2026-06-18T14:36:02.550144+00:00,2026-06-18T14:36:03.579000+00:00,2026-06-18T14:36:08.935592+00:00,,1028.9,6385.4,
LOG-03045,2026-06-18T14:36:02.551144+00:00,2026-06-18T14:36:03.581000+00:00,2026-06-18T14:36:08.935828+00:00,,1029.9,6384.7,
LOG-03046,2026-06-18T14:36:02.552144+00:00,2026-06-18T14:36:03.583000+00:00,2026-06-18T14:36:08.936615+00:00,,1030.9,6384.5,
LOG-03047,2026-06-18T14:36:02.553144+00:00,2026-06-18T14:36:03.585000+00:00,2026-06-18T14:36:08.937164+00:00,,1031.9,6384.0,
LOG-03048,2026-06-18T14:36:02.554144+00:00,2026-06-18T14:36:03.587000+00:00,2026-06-18T14:36:08.938027+00:00,,1032.9,6383.9,
LOG-03049,2026-06-18T14:36:02.555144+00:00,2026-06-18T14:36:03.589000+00:00,2026-06-18T14:36:08.938452+00:00,,1033.9,6383.3,
LOG-03050,2026-06-18T14:36:02.556144+00:00,2026-06-18T14:36:03.591000+00:00,2026-06-18T14:36:08.939027+00:00,,1034.9,6382.9,
LOG-03051,2026-06-18T14:36:02.557144+00:00,2026-06-18T14:36:03.593000+00:00,2026-06-18T14:36:08.939339+00:00,,1035.9,6382.2,
LOG-03052,2026-06-18T14:36:02.558144+00:00,2026-06-18T14:36:03.595000+00:00,2026-06-18T14:36:08.939785+00:00,,1036.9,6381.6,
LOG-03053,2026-06-18T14:36:02.559144+00:00,2026-06-18T14:36:03.597000+00:00,2026-06-18T14:36:08.940104+00:00,,1037.9,6381.0,
LOG-03054,2026-06-18T14:36:02.560144+00:00,2026-06-18T14:36:03.599000+00:00,2026-06-18T14:36:08.940490+00:00,2026-06-18T14:36:57.170456+00:00,1038.9,6380.3,54610.3
LOG-03055,2026-06-18T14:36:02.561144+00:00,2026-06-18T14:36:03.601000+00:00,2026-06-18T14:36:08.940732+00:00,,1039.9,6379.6,
LOG-03056,2026-06-18T14:36:02.562144+00:00,2026-06-18T14:36:03.603000+00:00,2026-06-18T14:36:08.941187+00:00,,1040.9,6379.0,
LOG-03057,2026-06-18T14:36:02.563144+00:00,2026-06-18T14:36:03.605000+00:00,2026-06-18T14:36:08.941559+00:00,,1041.9,6378.4,
LOG-03058,2026-06-18T14:36:02.564144+00:00,2026-06-18T14:36:03.607000+00:00,2026-06-18T14:36:08.942080+00:00,,1042.9,6377.9,
LOG-03059,2026-06-18T14:36:02.565144+00:00,2026-06-18T14:36:03.609000+00:00,2026-06-18T14:36:08.942408+00:00,,1043.9,6377.3,
LOG-03060,2026-06-18T14:36:02.566144+00:00,2026-06-18T14:36:03.611000+00:00,2026-06-18T14:36:08.942879+00:00,,1044.9,6376.7,
LOG-03061,2026-06-18T14:36:02.567144+00:00,2026-06-18T14:36:03.613000+00:00,2026-06-18T14:36:08.943201+00:00,,1045.9,6376.1,
LOG-03062,2026-06-18T14:36:02.568144+00:00,2026-06-18T14:36:03.615000+00:00,2026-06-18T14:36:08.943850+00:00,,1046.9,6375.7,
LOG-03063,2026-06-18T14:36:02.569144+00:00,2026-06-18T14:36:03.617000+00:00,2026-06-18T14:36:08.944261+00:00,,1047.9,6375.1,
LOG-03064,2026-06-18T14:36:02.570144+00:00,2026-06-18T14:36:03.619000+00:00,2026-06-18T14:36:08.944598+00:00,,1048.9,6374.5,
LOG-03065,2026-06-18T14:36:02.571144+00:00,2026-06-18T14:36:03.622000+00:00,2026-06-18T14:36:08.945273+00:00,,1050.9,6374.1,
LOG-03066,2026-06-18T14:36:02.572144+00:00,2026-06-18T14:36:03.623000+00:00,2026-06-18T14:36:08.945893+00:00,,1050.9,6373.7,
LOG-03067,2026-06-18T14:36:02.573144+00:00,2026-06-18T14:36:03.625000+00:00,2026-06-18T14:36:08.946711+00:00,,1051.9,6373.6,
LOG-03068,2026-06-18T14:36:02.574144+00:00,2026-06-18T14:36:03.627000+00:00,2026-06-18T14:36:08.947572+00:00,,1052.9,6373.4,
LOG-03069,2026-06-18T14:36:02.575144+00:00,2026-06-18T14:36:03.629000+00:00,2026-06-18T14:36:08.948210+00:00,,1053.9,6373.1,
LOG-03070,2026-06-18T14:36:02.576144+00:00,2026-06-18T14:36:03.631000+00:00,2026-06-18T14:36:08.948620+00:00,,1054.9,6372.5,
LOG-03071,2026-06-18T14:36:02.577144+00:00,2026-06-18T14:36:03.634000+00:00,2026-06-18T14:36:08.948901+00:00,,1056.9,6371.8,
LOG-03072,2026-06-18T14:36:02.578144+00:00,2026-06-18T14:36:03.635000+00:00,2026-06-18T14:36:08.949509+00:00,,1056.9,6371.4,
LOG-03073,2026-06-18T14:36:02.579144+00:00,2026-06-18T14:36:03.637000+00:00,2026-06-18T14:36:08.949912+00:00,,1057.9,6370.8,
LOG-03074,2026-06-18T14:36:02.580144+00:00,2026-06-18T14:36:03.639000+00:00,2026-06-18T14:36:08.950189+00:00,,1058.9,6370.0,
LOG-03075,2026-06-18T14:36:02.581144+00:00,2026-06-18T14:36:03.641000+00:00,2026-06-18T14:36:08.950581+00:00,,1059.9,6369.4,
LOG-03076,2026-06-18T14:36:02.582144+00:00,2026-06-18T14:36:03.643000+00:00,2026-06-18T14:36:08.950818+00:00,,1060.9,6368.7,
LOG-03077,2026-06-18T14:36:02.583144+00:00,2026-06-18T14:36:03.645000+00:00,2026-06-18T14:36:08.951434+00:00,,1061.9,6368.3,
LOG-03078,2026-06-18T14:36:02.584144+00:00,2026-06-18T14:36:03.647000+00:00,2026-06-18T14:36:08.952020+00:00,,1062.9,6367.9,
LOG-03079,2026-06-18T14:36:02.585144+00:00,2026-06-18T14:36:03.649000+00:00,2026-06-18T14:36:08.952405+00:00,,1063.9,6367.3,
LOG-03080,2026-06-18T14:36:02.586144+00:00,2026-06-18T14:36:03.651000+00:00,2026-06-18T14:36:08.952719+00:00,,1064.9,6366.6,
LOG-03081,2026-06-18T14:36:02.587144+00:00,2026-06-18T14:36:03.653000+00:00,2026-06-18T14:36:08.953107+00:00,,1065.9,6366.0,
LOG-03082,2026-06-18T14:36:02.588144+00:00,2026-06-18T14:36:03.655000+00:00,2026-06-18T14:36:08.953399+00:00,,1066.9,6365.3,
LOG-03083,2026-06-18T14:36:02.589144+00:00,2026-06-18T14:36:03.657000+00:00,2026-06-18T14:36:08.953885+00:00,,1067.9,6364.7,
LOG-03084,2026-06-18T14:36:02.590144+00:00,2026-06-18T14:36:03.659000+00:00,2026-06-18T14:36:08.954239+00:00,,1068.9,6364.1,
LOG-03085,2026-06-18T14:36:02.591144+00:00,2026-06-18T14:36:03.661000+00:00,2026-06-18T14:36:08.954987+00:00,,1069.9,6363.8,
LOG-03086,2026-06-18T14:36:02.592144+00:00,2026-06-18T14:36:03.664000+00:00,2026-06-18T14:36:08.955786+00:00,,1071.9,6363.6,
LOG-03087,2026-06-18T14:36:02.593144+00:00,2026-06-18T14:36:03.665000+00:00,2026-06-18T14:36:08.956473+00:00,,1071.9,6363.3,
LOG-03088,2026-06-18T14:36:02.594144+00:00,2026-06-18T14:36:03.667000+00:00,2026-06-18T14:36:08.957086+00:00,,1072.9,6362.9,
LOG-03089,2026-06-18T14:36:02.595144+00:00,2026-06-18T14:36:03.669000+00:00,2026-06-18T14:36:08.957482+00:00,,1073.9,6362.3,
LOG-03090,2026-06-18T14:36:02.596144+00:00,2026-06-18T14:36:03.671000+00:00,2026-06-18T14:36:08.957806+00:00,,1074.9,6361.7,
LOG-03091,2026-06-18T14:36:02.597144+00:00,2026-06-18T14:36:03.673000+00:00,2026-06-18T14:36:08.958259+00:00,,1075.9,6361.1,
LOG-03092,2026-06-18T14:36:02.598144+00:00,2026-06-18T14:36:03.675000+00:00,2026-06-18T14:36:08.958514+00:00,,1076.9,6360.4,
LOG-03093,2026-06-18T14:36:02.599144+00:00,2026-06-18T14:36:03.677000+00:00,2026-06-18T14:36:08.958889+00:00,,1077.9,6359.7,
LOG-03094,2026-06-18T14:36:02.600144+00:00,2026-06-18T14:36:03.679000+00:00,2026-06-18T14:36:08.959172+00:00,,1078.9,6359.0,
LOG-03095,2026-06-18T14:36:02.601144+00:00,2026-06-18T14:36:03.681000+00:00,2026-06-18T14:36:08.959567+00:00,,1079.9,6358.4,
LOG-03096,2026-06-18T14:36:02.602144+00:00,2026-06-18T14:36:03.683000+00:00,2026-06-18T14:36:08.959821+00:00,,1080.9,6357.7,
LOG-03097,2026-06-18T14:36:02.603144+00:00,2026-06-18T14:36:03.685000+00:00,2026-06-18T14:36:08.960218+00:00,,1081.9,6357.1,
LOG-03098,2026-06-18T14:36:02.604144+00:00,2026-06-18T14:36:03.687000+00:00,2026-06-18T14:36:08.960439+00:00,,1082.9,6356.3,
LOG-03099,2026-06-18T14:36:02.605144+00:00,2026-06-18T14:36:03.689000+00:00,2026-06-18T14:36:08.960822+00:00,,1083.9,6355.7,
LOG-03100,2026-06-18T14:36:02.606144+00:00,2026-06-18T14:36:03.691000+00:00,2026-06-18T14:36:08.961177+00:00,,1084.9,6355.0,
LOG-03101,2026-06-18T14:36:02.607144+00:00,2026-06-18T14:36:03.694000+00:00,2026-06-18T14:36:08.961662+00:00,,1086.9,6354.5,
LOG-03102,2026-06-18T14:36:02.608144+00:00,2026-06-18T14:36:03.696000+00:00,2026-06-18T14:36:08.962009+00:00,,1087.9,6353.9,
LOG-03103,2026-06-18T14:36:02.609144+00:00,2026-06-18T14:36:03.698000+00:00,2026-06-18T14:36:08.962536+00:00,,1088.9,6353.4,
LOG-03104,2026-06-18T14:36:02.610144+00:00,2026-06-18T14:36:03.700000+00:00,2026-06-18T14:36:08.963330+00:00,,1089.9,6353.2,
LOG-03105,2026-06-18T14:36:02.611144+00:00,2026-06-18T14:36:03.702000+00:00,2026-06-18T14:36:08.963870+00:00,,1090.9,6352.7,
LOG-03106,2026-06-18T14:36:02.612144+00:00,2026-06-18T14:36:03.704000+00:00,2026-06-18T14:36:08.964411+00:00,,1091.9,6352.3,
LOG-03107,2026-06-18T14:36:02.613144+00:00,2026-06-18T14:36:03.706000+00:00,2026-06-18T14:36:08.964727+00:00,,1092.9,6351.6,
LOG-03108,2026-06-18T14:36:02.614144+00:00,2026-06-18T14:36:03.708000+00:00,2026-06-18T14:36:08.965113+00:00,,1093.9,6351.0,
LOG-03109,2026-06-18T14:36:02.615144+00:00,2026-06-18T14:36:03.710000+00:00,2026-06-18T14:36:08.965404+00:00,,1094.9,6350.3,
LOG-03110,2026-06-18T14:36:03.727941+00:00,2026-06-18T14:36:03.797000+00:00,2026-06-18T14:36:08.965836+00:00,,69.1,5237.9,
LOG-03111,2026-06-18T14:36:03.728941+00:00,2026-06-18T14:36:03.798000+00:00,2026-06-18T14:36:08.966199+00:00,,69.1,5237.3,
LOG-03112,2026-06-18T14:36:03.729941+00:00,2026-06-18T14:36:03.800000+00:00,2026-06-18T14:36:08.966837+00:00,,70.1,5236.9,
LOG-03113,2026-06-18T14:36:03.730941+00:00,2026-06-18T14:36:03.802000+00:00,2026-06-18T14:36:08.967245+00:00,,71.1,5236.3,
LOG-03114,2026-06-18T14:36:03.731941+00:00,2026-06-18T14:36:03.804000+00:00,2026-06-18T14:36:08.967610+00:00,,72.1,5235.7,
LOG-03115,2026-06-18T14:36:03.732941+00:00,2026-06-18T14:36:03.805000+00:00,2026-06-18T14:36:08.968319+00:00,,72.1,5235.4,
LOG-03116,2026-06-18T14:36:03.733941+00:00,2026-06-18T14:36:03.807000+00:00,2026-06-18T14:36:08.968847+00:00,,73.1,5234.9,
LOG-03117,2026-06-18T14:36:03.734941+00:00,2026-06-18T14:36:03.809000+00:00,2026-06-18T14:36:08.969164+00:00,,74.1,5234.2,
LOG-03118,2026-06-18T14:36:03.735941+00:00,2026-06-18T14:36:03.811000+00:00,2026-06-18T14:36:08.969719+00:00,,75.1,5233.8,
LOG-03119,2026-06-18T14:36:03.736941+00:00,2026-06-18T14:36:03.813000+00:00,2026-06-18T14:36:08.970010+00:00,,76.1,5233.1,
LOG-03120,2026-06-18T14:36:03.737941+00:00,2026-06-18T14:36:03.815000+00:00,2026-06-18T14:36:08.970634+00:00,,77.1,5232.7,
LOG-03121,2026-06-18T14:36:03.738941+00:00,2026-06-18T14:36:03.817000+00:00,2026-06-18T14:36:08.971086+00:00,,78.1,5232.1,
LOG-03122,2026-06-18T14:36:03.739941+00:00,2026-06-18T14:36:03.819000+00:00,2026-06-18T14:36:08.971443+00:00,,79.1,5231.5,
LOG-03123,2026-06-18T14:36:03.740941+00:00,2026-06-18T14:36:03.821000+00:00,2026-06-18T14:36:08.972310+00:00,,80.1,5231.4,
LOG-03124,2026-06-18T14:36:03.741941+00:00,2026-06-18T14:36:03.823000+00:00,2026-06-18T14:36:08.972986+00:00,,81.1,5231.0,
LOG-03125,2026-06-18T14:36:03.742941+00:00,2026-06-18T14:36:03.825000+00:00,2026-06-18T14:36:08.973363+00:00,,82.1,5230.4,
LOG-03126,2026-06-18T14:36:03.743941+00:00,2026-06-18T14:36:03.827000+00:00,2026-06-18T14:36:08.973803+00:00,,83.1,5229.9,
LOG-03127,2026-06-18T14:36:03.744941+00:00,2026-06-18T14:36:03.829000+00:00,2026-06-18T14:36:08.974113+00:00,,84.1,5229.2,
LOG-03128,2026-06-18T14:36:03.745941+00:00,2026-06-18T14:36:03.831000+00:00,2026-06-18T14:36:08.974799+00:00,,85.1,5228.9,
LOG-03129,2026-06-18T14:36:03.746941+00:00,2026-06-18T14:36:03.833000+00:00,2026-06-18T14:36:08.975257+00:00,,86.1,5228.3,
LOG-03130,2026-06-18T14:36:03.747941+00:00,2026-06-18T14:36:03.835000+00:00,2026-06-18T14:36:08.975549+00:00,,87.1,5227.6,
LOG-03131,2026-06-18T14:36:03.748941+00:00,2026-06-18T14:36:03.837000+00:00,2026-06-18T14:36:08.975950+00:00,,88.1,5227.0,
LOG-03132,2026-06-18T14:36:03.749941+00:00,2026-06-18T14:36:03.839000+00:00,2026-06-18T14:36:08.976311+00:00,,89.1,5226.4,
LOG-03133,2026-06-18T14:36:03.750941+00:00,2026-06-18T14:36:03.841000+00:00,2026-06-18T14:36:08.976793+00:00,,90.1,5225.9,
LOG-03134,2026-06-18T14:36:03.751941+00:00,2026-06-18T14:36:03.843000+00:00,2026-06-18T14:36:08.977075+00:00,,91.1,5225.1,
LOG-03135,2026-06-18T14:36:03.752941+00:00,2026-06-18T14:36:03.845000+00:00,2026-06-18T14:36:08.977491+00:00,,92.1,5224.5,
LOG-03136,2026-06-18T14:36:03.753941+00:00,2026-06-18T14:36:03.847000+00:00,2026-06-18T14:36:08.977771+00:00,,93.1,5223.8,
LOG-03137,2026-06-18T14:36:03.754941+00:00,2026-06-18T14:36:03.849000+00:00,2026-06-18T14:36:08.978356+00:00,,94.1,5223.4,
LOG-03138,2026-06-18T14:36:03.755941+00:00,2026-06-18T14:36:03.851000+00:00,2026-06-18T14:36:08.978769+00:00,,95.1,5222.8,
LOG-03139,2026-06-18T14:36:03.756941+00:00,2026-06-18T14:36:03.853000+00:00,2026-06-18T14:36:08.979153+00:00,,96.1,5222.2,
LOG-03140,2026-06-18T14:36:03.757941+00:00,2026-06-18T14:36:03.855000+00:00,2026-06-18T14:36:08.979985+00:00,,97.1,5222.0,
LOG-03141,2026-06-18T14:36:03.758941+00:00,2026-06-18T14:36:03.857000+00:00,2026-06-18T14:36:08.980558+00:00,,98.1,5221.6,
LOG-03142,2026-06-18T14:36:03.759941+00:00,2026-06-18T14:36:03.859000+00:00,2026-06-18T14:36:08.980900+00:00,,99.1,5221.0,
LOG-03143,2026-06-18T14:36:03.760941+00:00,2026-06-18T14:36:03.861000+00:00,2026-06-18T14:36:08.981395+00:00,,100.1,5220.5,
LOG-03144,2026-06-18T14:36:03.761941+00:00,2026-06-18T14:36:03.863000+00:00,2026-06-18T14:36:08.981703+00:00,,101.1,5219.8,
LOG-03145,2026-06-18T14:36:03.762941+00:00,2026-06-18T14:36:03.865000+00:00,2026-06-18T14:36:08.982199+00:00,,102.1,5219.3,
LOG-03146,2026-06-18T14:36:03.763941+00:00,2026-06-18T14:36:03.867000+00:00,2026-06-18T14:36:08.982496+00:00,,103.1,5218.6,
LOG-03147,2026-06-18T14:36:03.764941+00:00,2026-06-18T14:36:03.869000+00:00,2026-06-18T14:36:08.982937+00:00,,104.1,5218.0,
LOG-03148,2026-06-18T14:36:03.765941+00:00,2026-06-18T14:36:03.871000+00:00,2026-06-18T14:36:08.983182+00:00,,105.1,5217.2,
LOG-03149,2026-06-18T14:36:03.766941+00:00,2026-06-18T14:36:03.873000+00:00,2026-06-18T14:36:08.983787+00:00,,106.1,5216.8,
LOG-03150,2026-06-18T14:36:03.767941+00:00,2026-06-18T14:36:03.875000+00:00,2026-06-18T14:36:08.984156+00:00,,107.1,5216.2,
LOG-03151,2026-06-18T14:36:03.768941+00:00,2026-06-18T14:36:03.877000+00:00,2026-06-18T14:36:08.984413+00:00,,108.1,5215.5,
LOG-03152,2026-06-18T14:36:03.769941+00:00,2026-06-18T14:36:03.879000+00:00,2026-06-18T14:36:08.984986+00:00,,109.1,5215.0,
LOG-03153,2026-06-18T14:36:03.770941+00:00,2026-06-18T14:36:03.881000+00:00,2026-06-18T14:36:08.985346+00:00,,110.1,5214.4,
LOG-03154,2026-06-18T14:36:03.771941+00:00,2026-06-18T14:36:03.883000+00:00,2026-06-18T14:36:08.985637+00:00,,111.1,5213.7,
LOG-03155,2026-06-18T14:36:03.772941+00:00,2026-06-18T14:36:03.885000+00:00,2026-06-18T14:36:08.986281+00:00,,112.1,5213.3,
LOG-03156,2026-06-18T14:36:03.773941+00:00,2026-06-18T14:36:03.887000+00:00,2026-06-18T14:36:08.986942+00:00,,113.1,5213.0,
LOG-03157,2026-06-18T14:36:03.774941+00:00,2026-06-18T14:36:03.889000+00:00,2026-06-18T14:36:08.987486+00:00,,114.1,5212.5,
LOG-03158,2026-06-18T14:36:03.775941+00:00,2026-06-18T14:36:03.891000+00:00,2026-06-18T14:36:08.988359+00:00,,115.1,5212.4,
LOG-03159,2026-06-18T14:36:03.776941+00:00,2026-06-18T14:36:03.893000+00:00,2026-06-18T14:36:08.988731+00:00,,116.1,5211.8,
LOG-03160,2026-06-18T14:36:03.777941+00:00,2026-06-18T14:36:03.895000+00:00,2026-06-18T14:36:08.989224+00:00,,117.1,5211.3,
LOG-03161,2026-06-18T14:36:03.778941+00:00,2026-06-18T14:36:03.897000+00:00,2026-06-18T14:36:08.989499+00:00,,118.1,5210.6,
LOG-03162,2026-06-18T14:36:03.779941+00:00,2026-06-18T14:36:03.899000+00:00,2026-06-18T14:36:08.989912+00:00,,119.1,5210.0,
LOG-03163,2026-06-18T14:36:03.780941+00:00,2026-06-18T14:36:03.901000+00:00,2026-06-18T14:36:08.990208+00:00,,120.1,5209.3,
LOG-03164,2026-06-18T14:36:03.781941+00:00,2026-06-18T14:36:03.903000+00:00,2026-06-18T14:36:08.990641+00:00,,121.1,5208.7,
LOG-03165,2026-06-18T14:36:03.782941+00:00,2026-06-18T14:36:03.905000+00:00,2026-06-18T14:36:08.990871+00:00,,122.1,5207.9,
LOG-03166,2026-06-18T14:36:03.783941+00:00,2026-06-18T14:36:03.907000+00:00,2026-06-18T14:36:08.991316+00:00,,123.1,5207.4,
LOG-03167,2026-06-18T14:36:03.784941+00:00,2026-06-18T14:36:03.909000+00:00,2026-06-18T14:36:08.991620+00:00,,124.1,5206.7,
LOG-03168,2026-06-18T14:36:03.785941+00:00,2026-06-18T14:36:03.911000+00:00,2026-06-18T14:36:08.992009+00:00,,125.1,5206.1,
LOG-03169,2026-06-18T14:36:03.786941+00:00,2026-06-18T14:36:03.913000+00:00,2026-06-18T14:36:08.992329+00:00,,126.1,5205.4,
LOG-03170,2026-06-18T14:36:03.787941+00:00,2026-06-18T14:36:03.915000+00:00,2026-06-18T14:36:08.992973+00:00,,127.1,5205.0,
LOG-03171,2026-06-18T14:36:03.788941+00:00,2026-06-18T14:36:03.917000+00:00,2026-06-18T14:36:08.993718+00:00,,128.1,5204.8,
LOG-03172,2026-06-18T14:36:03.789941+00:00,2026-06-18T14:36:03.919000+00:00,2026-06-18T14:36:08.994140+00:00,,129.1,5204.2,
LOG-03173,2026-06-18T14:36:03.790941+00:00,2026-06-18T14:36:03.921000+00:00,2026-06-18T14:36:08.994407+00:00,,130.1,5203.5,
LOG-03174,2026-06-18T14:36:03.791941+00:00,2026-06-18T14:36:03.923000+00:00,2026-06-18T14:36:08.995003+00:00,,131.1,5203.1,
LOG-03175,2026-06-18T14:36:03.792941+00:00,2026-06-18T14:36:03.925000+00:00,2026-06-18T14:36:08.995377+00:00,,132.1,5202.4,
LOG-03176,2026-06-18T14:36:03.793941+00:00,2026-06-18T14:36:03.927000+00:00,2026-06-18T14:36:08.995735+00:00,,133.1,5201.8,
LOG-03177,2026-06-18T14:36:03.794941+00:00,2026-06-18T14:36:03.929000+00:00,2026-06-18T14:36:08.996191+00:00,,134.1,5201.3,
LOG-03178,2026-06-18T14:36:03.795941+00:00,2026-06-18T14:36:03.931000+00:00,2026-06-18T14:36:08.996660+00:00,,135.1,5200.7,
LOG-03179,2026-06-18T14:36:03.796941+00:00,2026-06-18T14:36:03.933000+00:00,2026-06-18T14:36:08.997485+00:00,,136.1,5200.5,
LOG-03180,2026-06-18T14:36:03.797941+00:00,2026-06-18T14:36:03.935000+00:00,2026-06-18T14:36:08.998289+00:00,,137.1,5200.3,
LOG-03181,2026-06-18T14:36:03.798941+00:00,2026-06-18T14:36:03.937000+00:00,2026-06-18T14:36:08.998763+00:00,,138.1,5199.8,
LOG-03182,2026-06-18T14:36:03.799941+00:00,2026-06-18T14:36:03.939000+00:00,2026-06-18T14:36:08.999036+00:00,,139.1,5199.1,
LOG-03183,2026-06-18T14:36:03.800941+00:00,2026-06-18T14:36:03.941000+00:00,2026-06-18T14:36:08.999456+00:00,,140.1,5198.5,
LOG-03184,2026-06-18T14:36:03.801941+00:00,2026-06-18T14:36:03.943000+00:00,2026-06-18T14:36:08.999747+00:00,,141.1,5197.8,
LOG-03185,2026-06-18T14:36:03.802941+00:00,2026-06-18T14:36:03.945000+00:00,2026-06-18T14:36:09.000337+00:00,,142.1,5197.4,
LOG-03186,2026-06-18T14:36:03.803941+00:00,2026-06-18T14:36:03.947000+00:00,2026-06-18T14:36:09.000718+00:00,,143.1,5196.8,
LOG-03187,2026-06-18T14:36:03.804941+00:00,2026-06-18T14:36:03.949000+00:00,2026-06-18T14:36:09.000990+00:00,,144.1,5196.0,
LOG-03188,2026-06-18T14:36:03.805941+00:00,2026-06-18T14:36:03.951000+00:00,2026-06-18T14:36:09.001574+00:00,,145.1,5195.6,
LOG-03189,2026-06-18T14:36:03.806941+00:00,2026-06-18T14:36:03.953000+00:00,2026-06-18T14:36:09.002126+00:00,,146.1,5195.2,
LOG-03190,2026-06-18T14:36:03.807941+00:00,2026-06-18T14:36:03.955000+00:00,2026-06-18T14:36:09.002519+00:00,,147.1,5194.6,
LOG-03191,2026-06-18T14:36:03.808941+00:00,2026-06-18T14:36:03.957000+00:00,2026-06-18T14:36:09.002850+00:00,,148.1,5193.9,
LOG-03192,2026-06-18T14:36:03.809941+00:00,2026-06-18T14:36:03.959000+00:00,2026-06-18T14:36:09.003282+00:00,,149.1,5193.3,
LOG-03193,2026-06-18T14:36:03.810941+00:00,2026-06-18T14:36:03.961000+00:00,2026-06-18T14:36:09.003563+00:00,,150.1,5192.6,
LOG-03194,2026-06-18T14:36:03.811941+00:00,2026-06-18T14:36:03.963000+00:00,2026-06-18T14:36:09.004168+00:00,,151.1,5192.2,
LOG-03195,2026-06-18T14:36:03.812941+00:00,2026-06-18T14:36:03.965000+00:00,2026-06-18T14:36:09.004945+00:00,,152.1,5192.0,
LOG-03196,2026-06-18T14:36:03.813941+00:00,2026-06-18T14:36:03.967000+00:00,2026-06-18T14:36:09.005753+00:00,,153.1,5191.8,
LOG-03197,2026-06-18T14:36:03.814941+00:00,2026-06-18T14:36:03.969000+00:00,2026-06-18T14:36:09.006231+00:00,,154.1,5191.3,
LOG-03198,2026-06-18T14:36:03.815941+00:00,2026-06-18T14:36:03.971000+00:00,2026-06-18T14:36:09.006581+00:00,,155.1,5190.6,
LOG-03199,2026-06-18T14:36:03.816941+00:00,2026-06-18T14:36:03.973000+00:00,2026-06-18T14:36:09.006994+00:00,,156.1,5190.1,
LOG-03200,2026-06-18T14:36:03.817941+00:00,2026-06-18T14:36:03.975000+00:00,2026-06-18T14:36:09.007332+00:00,,157.1,5189.4,
LOG-03201,2026-06-18T14:36:03.818941+00:00,2026-06-18T14:36:03.977000+00:00,2026-06-18T14:36:09.007893+00:00,,158.1,5189.0,
LOG-03202,2026-06-18T14:36:03.819941+00:00,2026-06-18T14:36:03.979000+00:00,2026-06-18T14:36:09.008283+00:00,,159.1,5188.3,
LOG-03203,2026-06-18T14:36:03.820941+00:00,2026-06-18T14:36:03.981000+00:00,2026-06-18T14:36:09.008556+00:00,,160.1,5187.6,
LOG-03204,2026-06-18T14:36:03.821941+00:00,2026-06-18T14:36:03.983000+00:00,2026-06-18T14:36:09.008972+00:00,,161.1,5187.0,
LOG-03205,2026-06-18T14:36:03.822941+00:00,2026-06-18T14:36:03.985000+00:00,2026-06-18T14:36:09.009257+00:00,,162.1,5186.3,
LOG-03206,2026-06-18T14:36:03.823941+00:00,2026-06-18T14:36:03.987000+00:00,2026-06-18T14:36:09.009812+00:00,,163.1,5185.9,
LOG-03207,2026-06-18T14:36:03.824941+00:00,2026-06-18T14:36:03.989000+00:00,2026-06-18T14:36:09.010368+00:00,,164.1,5185.4,
LOG-03208,2026-06-18T14:36:03.825941+00:00,2026-06-18T14:36:03.991000+00:00,2026-06-18T14:36:09.010711+00:00,,165.1,5184.8,
LOG-03209,2026-06-18T14:36:03.826941+00:00,2026-06-18T14:36:03.993000+00:00,2026-06-18T14:36:09.010958+00:00,,166.1,5184.0,
LOG-03210,2026-06-18T14:36:03.827941+00:00,2026-06-18T14:36:03.995000+00:00,2026-06-18T14:36:09.011083+00:00,,167.1,5183.1,
LOG-03211,2026-06-18T14:36:03.828941+00:00,2026-06-18T14:36:03.997000+00:00,2026-06-18T14:36:09.011522+00:00,,168.1,5182.6,
LOG-03212,2026-06-18T14:36:03.829941+00:00,2026-06-18T14:36:03.999000+00:00,2026-06-18T14:36:09.011878+00:00,,169.1,5181.9,
LOG-03213,2026-06-18T14:36:03.830941+00:00,2026-06-18T14:36:04.001000+00:00,2026-06-18T14:36:09.012414+00:00,,170.1,5181.5,
LOG-03214,2026-06-18T14:36:03.831941+00:00,2026-06-18T14:36:04.003000+00:00,2026-06-18T14:36:09.013254+00:00,,171.1,5181.3,
LOG-03215,2026-06-18T14:36:03.832941+00:00,2026-06-18T14:36:04.005000+00:00,2026-06-18T14:36:09.013612+00:00,,172.1,5180.7,
LOG-03216,2026-06-18T14:36:03.833941+00:00,2026-06-18T14:36:04.007000+00:00,2026-06-18T14:36:09.014114+00:00,,173.1,5180.2,
LOG-03217,2026-06-18T14:36:03.834941+00:00,2026-06-18T14:36:04.009000+00:00,2026-06-18T14:36:09.014406+00:00,,174.1,5179.5,
LOG-03218,2026-06-18T14:36:03.835941+00:00,2026-06-18T14:36:04.011000+00:00,2026-06-18T14:36:09.014782+00:00,,175.1,5178.8,
LOG-03219,2026-06-18T14:36:03.836941+00:00,2026-06-18T14:36:04.013000+00:00,2026-06-18T14:36:09.015075+00:00,,176.1,5178.1,
LOG-03220,2026-06-18T14:36:03.837941+00:00,2026-06-18T14:36:04.015000+00:00,2026-06-18T14:36:09.015739+00:00,,177.1,5177.8,
LOG-03221,2026-06-18T14:36:03.838941+00:00,2026-06-18T14:36:04.017000+00:00,2026-06-18T14:36:09.016358+00:00,,178.1,5177.4,
LOG-03222,2026-06-18T14:36:03.839941+00:00,2026-06-18T14:36:04.019000+00:00,2026-06-18T14:36:09.017080+00:00,,179.1,5177.1,
LOG-03223,2026-06-18T14:36:03.840941+00:00,2026-06-18T14:36:04.021000+00:00,2026-06-18T14:36:09.017554+00:00,,180.1,5176.6,
LOG-03224,2026-06-18T14:36:03.841941+00:00,2026-06-18T14:36:04.023000+00:00,2026-06-18T14:36:09.017854+00:00,,181.1,5175.9,
LOG-03225,2026-06-18T14:36:03.842941+00:00,2026-06-18T14:36:04.026000+00:00,2026-06-18T14:36:09.018248+00:00,,183.1,5175.3,
LOG-03226,2026-06-18T14:36:03.843941+00:00,2026-06-18T14:36:04.028000+00:00,2026-06-18T14:36:09.018508+00:00,,184.1,5174.6,
LOG-03227,2026-06-18T14:36:03.844941+00:00,2026-06-18T14:36:04.029000+00:00,2026-06-18T14:36:09.019089+00:00,,184.1,5174.1,
LOG-03228,2026-06-18T14:36:03.845941+00:00,2026-06-18T14:36:04.031000+00:00,2026-06-18T14:36:09.019510+00:00,,185.1,5173.6,
LOG-03229,2026-06-18T14:36:03.846941+00:00,2026-06-18T14:36:04.033000+00:00,2026-06-18T14:36:09.019771+00:00,,186.1,5172.8,
LOG-03230,2026-06-18T14:36:03.847941+00:00,2026-06-18T14:36:04.035000+00:00,2026-06-18T14:36:09.020127+00:00,,187.1,5172.2,
LOG-03231,2026-06-18T14:36:03.848941+00:00,2026-06-18T14:36:04.036000+00:00,2026-06-18T14:36:09.020384+00:00,,187.1,5171.4,
LOG-03232,2026-06-18T14:36:03.849941+00:00,2026-06-18T14:36:04.038000+00:00,2026-06-18T14:36:09.020743+00:00,,188.1,5170.8,
LOG-03233,2026-06-18T14:36:03.850941+00:00,2026-06-18T14:36:04.040000+00:00,2026-06-18T14:36:09.021116+00:00,,189.1,5170.2,
LOG-03234,2026-06-18T14:36:03.851941+00:00,2026-06-18T14:36:04.042000+00:00,2026-06-18T14:36:09.021996+00:00,,190.1,5170.1,
LOG-03235,2026-06-18T14:36:03.852941+00:00,2026-06-18T14:36:04.044000+00:00,2026-06-18T14:36:09.022665+00:00,,191.1,5169.7,
LOG-03236,2026-06-18T14:36:03.853941+00:00,2026-06-18T14:36:04.046000+00:00,2026-06-18T14:36:09.023055+00:00,,192.1,5169.1,
LOG-03237,2026-06-18T14:36:03.854941+00:00,2026-06-18T14:36:04.048000+00:00,2026-06-18T14:36:09.023511+00:00,,193.1,5168.6,
LOG-03238,2026-06-18T14:36:03.855941+00:00,2026-06-18T14:36:04.050000+00:00,2026-06-18T14:36:09.023766+00:00,,194.1,5167.8,
LOG-03239,2026-06-18T14:36:03.856941+00:00,2026-06-18T14:36:04.052000+00:00,2026-06-18T14:36:09.024176+00:00,,195.1,5167.2,
LOG-03240,2026-06-18T14:36:03.857941+00:00,2026-06-18T14:36:04.054000+00:00,2026-06-18T14:36:09.024446+00:00,,196.1,5166.5,
LOG-03241,2026-06-18T14:36:03.858941+00:00,2026-06-18T14:36:04.056000+00:00,2026-06-18T14:36:09.024807+00:00,,197.1,5165.9,
LOG-03242,2026-06-18T14:36:03.859941+00:00,2026-06-18T14:36:04.058000+00:00,2026-06-18T14:36:09.025121+00:00,,198.1,5165.2,
LOG-03243,2026-06-18T14:36:03.860941+00:00,2026-06-18T14:36:04.060000+00:00,2026-06-18T14:36:09.025708+00:00,,199.1,5164.8,
LOG-03244,2026-06-18T14:36:03.861941+00:00,2026-06-18T14:36:04.062000+00:00,2026-06-18T14:36:09.026086+00:00,,200.1,5164.1,
LOG-03245,2026-06-18T14:36:03.862941+00:00,2026-06-18T14:36:04.064000+00:00,2026-06-18T14:36:09.026421+00:00,,201.1,5163.5,
LOG-03246,2026-06-18T14:36:03.863941+00:00,2026-06-18T14:36:04.066000+00:00,2026-06-18T14:36:09.026841+00:00,,202.1,5162.9,
LOG-03247,2026-06-18T14:36:03.864941+00:00,2026-06-18T14:36:04.068000+00:00,2026-06-18T14:36:09.027139+00:00,,203.1,5162.2,
LOG-03248,2026-06-18T14:36:03.865941+00:00,2026-06-18T14:36:04.070000+00:00,2026-06-18T14:36:09.027522+00:00,,204.1,5161.6,
LOG-03249,2026-06-18T14:36:03.866941+00:00,2026-06-18T14:36:04.072000+00:00,2026-06-18T14:36:09.027826+00:00,,205.1,5160.9,
LOG-03250,2026-06-18T14:36:03.867941+00:00,2026-06-18T14:36:04.074000+00:00,2026-06-18T14:36:09.028252+00:00,,206.1,5160.3,
LOG-03251,2026-06-18T14:36:03.868941+00:00,2026-06-18T14:36:04.076000+00:00,2026-06-18T14:36:09.028519+00:00,,207.1,5159.6,
LOG-03252,2026-06-18T14:36:03.869941+00:00,2026-06-18T14:36:04.078000+00:00,2026-06-18T14:36:09.028957+00:00,,208.1,5159.0,
LOG-03253,2026-06-18T14:36:03.870941+00:00,2026-06-18T14:36:04.080000+00:00,2026-06-18T14:36:09.029240+00:00,,209.1,5158.3,
LOG-03254,2026-06-18T14:36:03.871941+00:00,2026-06-18T14:36:04.082000+00:00,2026-06-18T14:36:09.029910+00:00,,210.1,5158.0,
LOG-03255,2026-06-18T14:36:03.872941+00:00,2026-06-18T14:36:04.084000+00:00,2026-06-18T14:36:09.030762+00:00,,211.1,5157.8,
LOG-03256,2026-06-18T14:36:03.873941+00:00,2026-06-18T14:36:04.086000+00:00,2026-06-18T14:36:09.031519+00:00,,212.1,5157.6,
LOG-03257,2026-06-18T14:36:03.874941+00:00,2026-06-18T14:36:04.088000+00:00,2026-06-18T14:36:09.032035+00:00,,213.1,5157.1,
LOG-03258,2026-06-18T14:36:03.875941+00:00,2026-06-18T14:36:04.090000+00:00,2026-06-18T14:36:09.032360+00:00,,214.1,5156.4,
LOG-03259,2026-06-18T14:36:03.876941+00:00,2026-06-18T14:36:04.092000+00:00,2026-06-18T14:36:09.033041+00:00,,215.1,5156.1,
LOG-03260,2026-06-18T14:36:03.877941+00:00,2026-06-18T14:36:04.094000+00:00,2026-06-18T14:36:09.033613+00:00,,216.1,5155.7,
LOG-03261,2026-06-18T14:36:03.878941+00:00,2026-06-18T14:36:04.096000+00:00,2026-06-18T14:36:09.034211+00:00,,217.1,5155.3,
LOG-03262,2026-06-18T14:36:03.879941+00:00,2026-06-18T14:36:04.098000+00:00,2026-06-18T14:36:09.034622+00:00,,218.1,5154.7,
LOG-03263,2026-06-18T14:36:03.880941+00:00,2026-06-18T14:36:04.100000+00:00,2026-06-18T14:36:09.034976+00:00,,219.1,5154.0,
LOG-03264,2026-06-18T14:36:03.881941+00:00,2026-06-18T14:36:04.103000+00:00,2026-06-18T14:36:09.035533+00:00,,221.1,5153.6,
LOG-03265,2026-06-18T14:36:03.882941+00:00,2026-06-18T14:36:04.105000+00:00,2026-06-18T14:36:09.036002+00:00,,222.1,5153.1,
LOG-03266,2026-06-18T14:36:03.883941+00:00,2026-06-18T14:36:04.107000+00:00,2026-06-18T14:36:09.036840+00:00,,223.1,5152.9,
LOG-03267,2026-06-18T14:36:03.884941+00:00,2026-06-18T14:36:04.109000+00:00,2026-06-18T14:36:09.037489+00:00,,224.1,5152.5,
LOG-03268,2026-06-18T14:36:03.885941+00:00,2026-06-18T14:36:04.111000+00:00,2026-06-18T14:36:09.038396+00:00,,225.1,5152.5,
LOG-03269,2026-06-18T14:36:03.886941+00:00,2026-06-18T14:36:04.113000+00:00,2026-06-18T14:36:09.038872+00:00,,226.1,5151.9,
LOG-03270,2026-06-18T14:36:03.887941+00:00,2026-06-18T14:36:04.115000+00:00,2026-06-18T14:36:09.039405+00:00,,227.1,5151.5,
LOG-03271,2026-06-18T14:36:03.888941+00:00,2026-06-18T14:36:04.117000+00:00,2026-06-18T14:36:09.039895+00:00,,228.1,5151.0,
LOG-03272,2026-06-18T14:36:03.889941+00:00,2026-06-18T14:36:04.119000+00:00,2026-06-18T14:36:09.040462+00:00,,229.1,5150.5,
LOG-03273,2026-06-18T14:36:03.890941+00:00,2026-06-18T14:36:04.121000+00:00,2026-06-18T14:36:09.040783+00:00,,230.1,5149.8,
LOG-03274,2026-06-18T14:36:03.891941+00:00,2026-06-18T14:36:04.123000+00:00,2026-06-18T14:36:09.041253+00:00,,231.1,5149.3,
LOG-03275,2026-06-18T14:36:03.892941+00:00,2026-06-18T14:36:04.125000+00:00,2026-06-18T14:36:09.041452+00:00,,232.1,5148.5,
LOG-03276,2026-06-18T14:36:03.893941+00:00,2026-06-18T14:36:04.127000+00:00,2026-06-18T14:36:09.041776+00:00,,233.1,5147.8,
LOG-03277,2026-06-18T14:36:03.894941+00:00,2026-06-18T14:36:04.129000+00:00,2026-06-18T14:36:09.042680+00:00,,234.1,5147.7,
LOG-03278,2026-06-18T14:36:03.895941+00:00,2026-06-18T14:36:04.131000+00:00,2026-06-18T14:36:09.043164+00:00,,235.1,5147.2,
LOG-03279,2026-06-18T14:36:03.896941+00:00,2026-06-18T14:36:04.133000+00:00,2026-06-18T14:36:09.043500+00:00,,236.1,5146.6,
LOG-03280,2026-06-18T14:36:03.897941+00:00,2026-06-18T14:36:04.135000+00:00,2026-06-18T14:36:09.043976+00:00,,237.1,5146.0,
LOG-03281,2026-06-18T14:36:03.898941+00:00,2026-06-18T14:36:04.137000+00:00,2026-06-18T14:36:09.044344+00:00,,238.1,5145.4,
LOG-03282,2026-06-18T14:36:03.899941+00:00,2026-06-18T14:36:04.139000+00:00,2026-06-18T14:36:09.045006+00:00,,239.1,5145.1,
LOG-03283,2026-06-18T14:36:03.900941+00:00,2026-06-18T14:36:04.141000+00:00,2026-06-18T14:36:09.045760+00:00,,240.1,5144.8,
LOG-03284,2026-06-18T14:36:03.901941+00:00,2026-06-18T14:36:04.143000+00:00,2026-06-18T14:36:09.046486+00:00,,241.1,5144.5,
LOG-03285,2026-06-18T14:36:03.902941+00:00,2026-06-18T14:36:04.145000+00:00,2026-06-18T14:36:09.047395+00:00,,242.1,5144.5,
LOG-03286,2026-06-18T14:36:03.903941+00:00,2026-06-18T14:36:04.147000+00:00,2026-06-18T14:36:09.048021+00:00,,243.1,5144.1,
LOG-03287,2026-06-18T14:36:03.904941+00:00,2026-06-18T14:36:04.149000+00:00,2026-06-18T14:36:09.048360+00:00,,244.1,5143.4,
LOG-03288,2026-06-18T14:36:03.905941+00:00,2026-06-18T14:36:04.151000+00:00,2026-06-18T14:36:09.049033+00:00,,245.1,5143.1,
LOG-03289,2026-06-18T14:36:03.906941+00:00,2026-06-18T14:36:04.153000+00:00,2026-06-18T14:36:09.049712+00:00,,246.1,5142.8,
LOG-03290,2026-06-18T14:36:03.907941+00:00,2026-06-18T14:36:04.155000+00:00,2026-06-18T14:36:09.050122+00:00,,247.1,5142.2,
LOG-03291,2026-06-18T14:36:03.908941+00:00,2026-06-18T14:36:04.157000+00:00,2026-06-18T14:36:09.050407+00:00,,248.1,5141.5,
LOG-03292,2026-06-18T14:36:03.909941+00:00,2026-06-18T14:36:04.159000+00:00,2026-06-18T14:36:09.050765+00:00,,249.1,5140.8,
LOG-03293,2026-06-18T14:36:03.910941+00:00,2026-06-18T14:36:04.162000+00:00,2026-06-18T14:36:09.051123+00:00,,251.1,5140.2,
LOG-03294,2026-06-18T14:36:03.911941+00:00,2026-06-18T14:36:04.163000+00:00,2026-06-18T14:36:09.051576+00:00,,251.1,5139.6,
LOG-03295,2026-06-18T14:36:03.912941+00:00,2026-06-18T14:36:04.165000+00:00,2026-06-18T14:36:09.053445+00:00,,252.1,5140.5,
LOG-03296,2026-06-18T14:36:03.913941+00:00,2026-06-18T14:36:04.167000+00:00,2026-06-18T14:36:09.053838+00:00,,253.1,5139.9,
LOG-03297,2026-06-18T14:36:03.914941+00:00,2026-06-18T14:36:04.169000+00:00,2026-06-18T14:36:09.054280+00:00,,254.1,5139.3,
LOG-03298,2026-06-18T14:36:03.915941+00:00,2026-06-18T14:36:04.171000+00:00,2026-06-18T14:36:09.054654+00:00,,255.1,5138.7,
LOG-03299,2026-06-18T14:36:03.916941+00:00,2026-06-18T14:36:04.173000+00:00,2026-06-18T14:36:09.055501+00:00,,256.1,5138.6,
LOG-03300,2026-06-18T14:36:03.917941+00:00,2026-06-18T14:36:04.175000+00:00,2026-06-18T14:36:09.056264+00:00,,257.1,5138.3,
LOG-03301,2026-06-18T14:36:03.918941+00:00,2026-06-18T14:36:04.177000+00:00,2026-06-18T14:36:09.056723+00:00,,258.1,5137.8,
LOG-03302,2026-06-18T14:36:03.919941+00:00,2026-06-18T14:36:04.179000+00:00,2026-06-18T14:36:09.057083+00:00,,259.1,5137.1,
LOG-03303,2026-06-18T14:36:03.920941+00:00,2026-06-18T14:36:04.181000+00:00,2026-06-18T14:36:09.057499+00:00,,260.1,5136.6,
LOG-03304,2026-06-18T14:36:03.921941+00:00,2026-06-18T14:36:04.183000+00:00,2026-06-18T14:36:09.057766+00:00,,261.1,5135.8,
LOG-03305,2026-06-18T14:36:03.922941+00:00,2026-06-18T14:36:04.185000+00:00,2026-06-18T14:36:09.058159+00:00,,262.1,5135.2,
LOG-03306,2026-06-18T14:36:03.923941+00:00,2026-06-18T14:36:04.187000+00:00,2026-06-18T14:36:09.058433+00:00,,263.1,5134.5,
LOG-03307,2026-06-18T14:36:03.924941+00:00,2026-06-18T14:36:04.189000+00:00,2026-06-18T14:36:09.058802+00:00,,264.1,5133.9,
LOG-03308,2026-06-18T14:36:03.925941+00:00,2026-06-18T14:36:04.191000+00:00,2026-06-18T14:36:09.059072+00:00,,265.1,5133.1,
LOG-03309,2026-06-18T14:36:03.926941+00:00,2026-06-18T14:36:04.193000+00:00,2026-06-18T14:36:09.059628+00:00,,266.1,5132.7,
LOG-03310,2026-06-18T14:36:03.927941+00:00,2026-06-18T14:36:04.195000+00:00,2026-06-18T14:36:09.060022+00:00,2026-06-18T14:36:33.793100+00:00,267.1,5132.1,29865.2
LOG-03311,2026-06-18T14:36:03.928941+00:00,2026-06-18T14:36:04.197000+00:00,2026-06-18T14:36:09.060267+00:00,,268.1,5131.3,
LOG-03312,2026-06-18T14:36:03.929941+00:00,2026-06-18T14:36:04.199000+00:00,2026-06-18T14:36:09.060630+00:00,,269.1,5130.7,
LOG-03313,2026-06-18T14:36:03.930941+00:00,2026-06-18T14:36:04.201000+00:00,2026-06-18T14:36:09.060895+00:00,,270.1,5130.0,
LOG-03314,2026-06-18T14:36:03.931941+00:00,2026-06-18T14:36:04.203000+00:00,2026-06-18T14:36:09.061665+00:00,,271.1,5129.7,
LOG-03315,2026-06-18T14:36:03.932941+00:00,2026-06-18T14:36:04.205000+00:00,2026-06-18T14:36:09.062389+00:00,,272.1,5129.4,
LOG-03316,2026-06-18T14:36:03.933941+00:00,2026-06-18T14:36:04.207000+00:00,2026-06-18T14:36:09.063199+00:00,,273.1,5129.3,
LOG-03317,2026-06-18T14:36:03.934941+00:00,2026-06-18T14:36:04.209000+00:00,2026-06-18T14:36:09.063771+00:00,,274.1,5128.8,
LOG-03318,2026-06-18T14:36:03.935941+00:00,2026-06-18T14:36:04.211000+00:00,2026-06-18T14:36:09.064114+00:00,,275.1,5128.2,
LOG-03319,2026-06-18T14:36:03.936941+00:00,2026-06-18T14:36:04.213000+00:00,2026-06-18T14:36:09.064880+00:00,,276.1,5127.9,
LOG-03320,2026-06-18T14:36:03.937941+00:00,2026-06-18T14:36:04.215000+00:00,2026-06-18T14:36:09.065297+00:00,,277.1,5127.4,
LOG-03321,2026-06-18T14:36:03.938941+00:00,2026-06-18T14:36:04.217000+00:00,2026-06-18T14:36:09.065650+00:00,,278.1,5126.7,
LOG-03322,2026-06-18T14:36:03.939941+00:00,2026-06-18T14:36:04.219000+00:00,2026-06-18T14:36:09.066357+00:00,,279.1,5126.4,
LOG-03323,2026-06-18T14:36:03.940941+00:00,2026-06-18T14:36:04.221000+00:00,2026-06-18T14:36:09.066837+00:00,,280.1,5125.9,
LOG-03324,2026-06-18T14:36:03.941941+00:00,2026-06-18T14:36:04.223000+00:00,2026-06-18T14:36:09.067146+00:00,,281.1,5125.2,
LOG-03325,2026-06-18T14:36:03.942941+00:00,2026-06-18T14:36:04.225000+00:00,2026-06-18T14:36:09.067571+00:00,,282.1,5124.6,
LOG-03326,2026-06-18T14:36:03.943941+00:00,2026-06-18T14:36:04.227000+00:00,2026-06-18T14:36:09.067867+00:00,,283.1,5123.9,
LOG-03327,2026-06-18T14:36:03.944941+00:00,2026-06-18T14:36:04.229000+00:00,2026-06-18T14:36:09.068290+00:00,,284.1,5123.3,
LOG-03328,2026-06-18T14:36:03.945941+00:00,2026-06-18T14:36:04.231000+00:00,2026-06-18T14:36:09.068571+00:00,,285.1,5122.6,
LOG-03329,2026-06-18T14:36:03.946941+00:00,2026-06-18T14:36:04.233000+00:00,2026-06-18T14:36:09.069052+00:00,,286.1,5122.1,
LOG-03330,2026-06-18T14:36:03.947941+00:00,2026-06-18T14:36:04.235000+00:00,2026-06-18T14:36:09.069347+00:00,,287.1,5121.4,
LOG-03331,2026-06-18T14:36:03.948941+00:00,2026-06-18T14:36:04.237000+00:00,2026-06-18T14:36:09.069965+00:00,,288.1,5121.0,
LOG-03332,2026-06-18T14:36:03.949941+00:00,2026-06-18T14:36:04.239000+00:00,2026-06-18T14:36:09.070565+00:00,,289.1,5120.6,
LOG-03333,2026-06-18T14:36:03.950941+00:00,2026-06-18T14:36:04.241000+00:00,2026-06-18T14:36:09.071019+00:00,,290.1,5120.1,
LOG-03334,2026-06-18T14:36:03.951941+00:00,2026-06-18T14:36:04.243000+00:00,2026-06-18T14:36:09.071836+00:00,,291.1,5119.9,
LOG-03335,2026-06-18T14:36:03.952941+00:00,2026-06-18T14:36:04.245000+00:00,2026-06-18T14:36:09.072287+00:00,,292.1,5119.3,
LOG-03336,2026-06-18T14:36:03.953941+00:00,2026-06-18T14:36:04.247000+00:00,2026-06-18T14:36:09.072900+00:00,,293.1,5119.0,
LOG-03337,2026-06-18T14:36:03.954941+00:00,2026-06-18T14:36:04.249000+00:00,2026-06-18T14:36:09.073224+00:00,,294.1,5118.3,
LOG-03338,2026-06-18T14:36:03.955941+00:00,2026-06-18T14:36:04.251000+00:00,2026-06-18T14:36:09.073647+00:00,,295.1,5117.7,
LOG-03339,2026-06-18T14:36:03.956941+00:00,2026-06-18T14:36:04.253000+00:00,2026-06-18T14:36:09.073915+00:00,,296.1,5117.0,
LOG-03340,2026-06-18T14:36:03.957941+00:00,2026-06-18T14:36:04.255000+00:00,2026-06-18T14:36:09.074499+00:00,,297.1,5116.6,
LOG-03341,2026-06-18T14:36:03.958941+00:00,2026-06-18T14:36:04.257000+00:00,2026-06-18T14:36:09.074991+00:00,,298.1,5116.1,
LOG-03342,2026-06-18T14:36:03.959941+00:00,2026-06-18T14:36:04.259000+00:00,2026-06-18T14:36:09.075298+00:00,,299.1,5115.4,
LOG-03343,2026-06-18T14:36:03.960941+00:00,2026-06-18T14:36:04.261000+00:00,2026-06-18T14:36:09.076008+00:00,,300.1,5115.1,
LOG-03344,2026-06-18T14:36:03.961941+00:00,2026-06-18T14:36:04.263000+00:00,2026-06-18T14:36:09.076518+00:00,,301.1,5114.6,
LOG-03345,2026-06-18T14:36:03.962941+00:00,2026-06-18T14:36:04.265000+00:00,2026-06-18T14:36:09.076788+00:00,,302.1,5113.8,
LOG-03346,2026-06-18T14:36:03.963941+00:00,2026-06-18T14:36:04.267000+00:00,2026-06-18T14:36:09.077313+00:00,,303.1,5113.4,
LOG-03347,2026-06-18T14:36:03.964941+00:00,2026-06-18T14:36:04.269000+00:00,2026-06-18T14:36:09.077561+00:00,,304.1,5112.6,
LOG-03348,2026-06-18T14:36:03.965941+00:00,2026-06-18T14:36:04.272000+00:00,2026-06-18T14:36:09.078130+00:00,,306.1,5112.2,
LOG-03349,2026-06-18T14:36:03.966941+00:00,2026-06-18T14:36:04.274000+00:00,2026-06-18T14:36:09.078498+00:00,,307.1,5111.6,
LOG-03350,2026-06-18T14:36:03.967941+00:00,2026-06-18T14:36:04.276000+00:00,2026-06-18T14:36:09.078856+00:00,,308.1,5110.9,
LOG-03351,2026-06-18T14:36:03.968941+00:00,2026-06-18T14:36:04.278000+00:00,2026-06-18T14:36:09.079504+00:00,,309.1,5110.6,
LOG-03352,2026-06-18T14:36:03.969941+00:00,2026-06-18T14:36:04.281000+00:00,2026-06-18T14:36:09.080276+00:00,,311.1,5110.3,
LOG-03353,2026-06-18T14:36:03.970941+00:00,2026-06-18T14:36:04.283000+00:00,2026-06-18T14:36:09.080772+00:00,,312.1,5109.8,
LOG-03354,2026-06-18T14:36:03.971941+00:00,2026-06-18T14:36:04.284000+00:00,2026-06-18T14:36:09.081185+00:00,,312.1,5109.2,
LOG-03355,2026-06-18T14:36:03.972941+00:00,2026-06-18T14:36:04.286000+00:00,2026-06-18T14:36:09.081825+00:00,,313.1,5108.9,
LOG-03356,2026-06-18T14:36:03.973941+00:00,2026-06-18T14:36:04.288000+00:00,2026-06-18T14:36:09.082167+00:00,,314.1,5108.2,
LOG-03357,2026-06-18T14:36:03.974941+00:00,2026-06-18T14:36:04.290000+00:00,2026-06-18T14:36:09.082604+00:00,,315.1,5107.7,
LOG-03358,2026-06-18T14:36:03.975941+00:00,2026-06-18T14:36:04.292000+00:00,2026-06-18T14:36:09.082856+00:00,,316.1,5106.9,
LOG-03359,2026-06-18T14:36:03.976941+00:00,2026-06-18T14:36:04.294000+00:00,2026-06-18T14:36:09.083232+00:00,,317.1,5106.3,
LOG-03360,2026-06-18T14:36:03.977941+00:00,2026-06-18T14:36:04.296000+00:00,2026-06-18T14:36:09.083502+00:00,,318.1,5105.6,
LOG-03361,2026-06-18T14:36:03.978941+00:00,2026-06-18T14:36:04.298000+00:00,2026-06-18T14:36:09.083865+00:00,,319.1,5104.9,
LOG-03362,2026-06-18T14:36:03.979941+00:00,2026-06-18T14:36:04.300000+00:00,2026-06-18T14:36:09.084191+00:00,,320.1,5104.2,
LOG-03363,2026-06-18T14:36:03.980941+00:00,2026-06-18T14:36:04.302000+00:00,2026-06-18T14:36:09.084614+00:00,,321.1,5103.7,
LOG-03364,2026-06-18T14:36:03.981941+00:00,2026-06-18T14:36:04.304000+00:00,2026-06-18T14:36:09.084901+00:00,,322.1,5103.0,
LOG-03365,2026-06-18T14:36:03.982941+00:00,2026-06-18T14:36:04.306000+00:00,2026-06-18T14:36:09.085468+00:00,,323.1,5102.5,
LOG-03366,2026-06-18T14:36:03.983941+00:00,2026-06-18T14:36:04.308000+00:00,2026-06-18T14:36:09.086007+00:00,,324.1,5102.1,
LOG-03367,2026-06-18T14:36:03.984941+00:00,2026-06-18T14:36:04.310000+00:00,2026-06-18T14:36:09.086436+00:00,,325.1,5101.5,
LOG-03368,2026-06-18T14:36:03.985941+00:00,2026-06-18T14:36:04.312000+00:00,2026-06-18T14:36:09.086792+00:00,,326.1,5100.9,
LOG-03369,2026-06-18T14:36:03.986941+00:00,2026-06-18T14:36:04.314000+00:00,2026-06-18T14:36:09.087401+00:00,,327.1,5100.5,
LOG-03370,2026-06-18T14:36:03.987941+00:00,2026-06-18T14:36:04.316000+00:00,2026-06-18T14:36:09.087866+00:00,,328.1,5099.9,
LOG-03371,2026-06-18T14:36:03.988941+00:00,2026-06-18T14:36:04.318000+00:00,2026-06-18T14:36:09.088649+00:00,,329.1,5099.7,
LOG-03372,2026-06-18T14:36:03.989941+00:00,2026-06-18T14:36:04.320000+00:00,2026-06-18T14:36:09.089045+00:00,,330.1,5099.1,
LOG-03373,2026-06-18T14:36:03.990941+00:00,2026-06-18T14:36:04.322000+00:00,2026-06-18T14:36:09.089837+00:00,,331.1,5098.9,
LOG-03374,2026-06-18T14:36:03.991941+00:00,2026-06-18T14:36:04.324000+00:00,2026-06-18T14:36:09.090272+00:00,,332.1,5098.3,
LOG-03375,2026-06-18T14:36:03.992941+00:00,2026-06-18T14:36:04.326000+00:00,2026-06-18T14:36:09.090560+00:00,,333.1,5097.6,
LOG-03376,2026-06-18T14:36:03.993941+00:00,2026-06-18T14:36:04.328000+00:00,2026-06-18T14:36:09.091263+00:00,,334.1,5097.3,
LOG-03377,2026-06-18T14:36:03.994941+00:00,2026-06-18T14:36:04.330000+00:00,2026-06-18T14:36:09.091975+00:00,,335.1,5097.0,
LOG-03378,2026-06-18T14:36:03.995941+00:00,2026-06-18T14:36:04.332000+00:00,2026-06-18T14:36:09.092479+00:00,,336.1,5096.5,
LOG-03379,2026-06-18T14:36:03.996941+00:00,2026-06-18T14:36:04.334000+00:00,2026-06-18T14:36:09.092769+00:00,,337.1,5095.8,
LOG-03380,2026-06-18T14:36:03.997941+00:00,2026-06-18T14:36:04.336000+00:00,2026-06-18T14:36:09.093135+00:00,,338.1,5095.2,
LOG-03381,2026-06-18T14:36:03.998941+00:00,2026-06-18T14:36:04.338000+00:00,2026-06-18T14:36:09.093392+00:00,,339.1,5094.5,
LOG-03382,2026-06-18T14:36:03.999941+00:00,2026-06-18T14:36:04.340000+00:00,2026-06-18T14:36:09.093851+00:00,,340.1,5093.9,
LOG-03383,2026-06-18T14:36:04.000941+00:00,2026-06-18T14:36:04.342000+00:00,2026-06-18T14:36:09.094145+00:00,,341.1,5093.2,
LOG-03384,2026-06-18T14:36:04.001941+00:00,2026-06-18T14:36:04.344000+00:00,2026-06-18T14:36:09.094561+00:00,,342.1,5092.6,
LOG-03385,2026-06-18T14:36:04.002941+00:00,2026-06-18T14:36:04.346000+00:00,2026-06-18T14:36:09.094878+00:00,,343.1,5091.9,
LOG-03386,2026-06-18T14:36:04.003941+00:00,2026-06-18T14:36:04.348000+00:00,2026-06-18T14:36:09.095496+00:00,,344.1,5091.6,
LOG-03387,2026-06-18T14:36:04.004941+00:00,2026-06-18T14:36:04.350000+00:00,2026-06-18T14:36:09.096023+00:00,,345.1,5091.1,
LOG-03388,2026-06-18T14:36:04.005941+00:00,2026-06-18T14:36:04.352000+00:00,2026-06-18T14:36:09.096347+00:00,,346.1,5090.4,
LOG-03389,2026-06-18T14:36:04.006941+00:00,2026-06-18T14:36:04.354000+00:00,2026-06-18T14:36:09.097221+00:00,,347.1,5090.3,
LOG-03390,2026-06-18T14:36:04.007941+00:00,2026-06-18T14:36:04.356000+00:00,2026-06-18T14:36:09.098063+00:00,,348.1,5090.1,
LOG-03391,2026-06-18T14:36:04.008941+00:00,2026-06-18T14:36:04.358000+00:00,2026-06-18T14:36:09.098520+00:00,,349.1,5089.6,
LOG-03392,2026-06-18T14:36:04.009941+00:00,2026-06-18T14:36:04.360000+00:00,2026-06-18T14:36:09.098777+00:00,,350.1,5088.8,
LOG-03393,2026-06-18T14:36:04.010941+00:00,2026-06-18T14:36:04.362000+00:00,2026-06-18T14:36:09.099182+00:00,,351.1,5088.2,
LOG-03394,2026-06-18T14:36:04.011941+00:00,2026-06-18T14:36:04.364000+00:00,2026-06-18T14:36:09.099426+00:00,,352.1,5087.5,
LOG-03395,2026-06-18T14:36:04.012941+00:00,2026-06-18T14:36:04.366000+00:00,2026-06-18T14:36:09.100114+00:00,,353.1,5087.2,
LOG-03396,2026-06-18T14:36:04.013941+00:00,2026-06-18T14:36:04.368000+00:00,2026-06-18T14:36:09.100536+00:00,,354.1,5086.6,
LOG-03397,2026-06-18T14:36:04.014941+00:00,2026-06-18T14:36:04.370000+00:00,2026-06-18T14:36:09.100836+00:00,,355.1,5085.9,
LOG-03398,2026-06-18T14:36:04.015941+00:00,2026-06-18T14:36:04.372000+00:00,2026-06-18T14:36:09.101230+00:00,,356.1,5085.3,
LOG-03399,2026-06-18T14:36:04.016941+00:00,2026-06-18T14:36:04.374000+00:00,2026-06-18T14:36:09.101525+00:00,,357.1,5084.6,
LOG-03400,2026-06-18T14:36:04.017941+00:00,2026-06-18T14:36:04.376000+00:00,2026-06-18T14:36:09.101904+00:00,,358.1,5084.0,
LOG-03401,2026-06-18T14:36:04.018941+00:00,2026-06-18T14:36:04.378000+00:00,2026-06-18T14:36:09.102169+00:00,,359.1,5083.2,
LOG-03402,2026-06-18T14:36:04.019941+00:00,2026-06-18T14:36:04.380000+00:00,2026-06-18T14:36:09.102514+00:00,,360.1,5082.6,
LOG-03403,2026-06-18T14:36:04.020941+00:00,2026-06-18T14:36:04.382000+00:00,2026-06-18T14:36:09.102782+00:00,,361.1,5081.8,
LOG-03404,2026-06-18T14:36:04.021941+00:00,2026-06-18T14:36:04.384000+00:00,2026-06-18T14:36:09.103455+00:00,,362.1,5081.5,
LOG-03405,2026-06-18T14:36:04.022941+00:00,2026-06-18T14:36:04.386000+00:00,2026-06-18T14:36:09.104026+00:00,,363.1,5081.1,
LOG-03406,2026-06-18T14:36:04.023941+00:00,2026-06-18T14:36:04.388000+00:00,2026-06-18T14:36:09.105008+00:00,,364.1,5081.1,
LOG-03407,2026-06-18T14:36:04.024941+00:00,2026-06-18T14:36:04.390000+00:00,2026-06-18T14:36:09.105620+00:00,,365.1,5080.7,
LOG-03408,2026-06-18T14:36:04.025941+00:00,2026-06-18T14:36:04.392000+00:00,2026-06-18T14:36:09.105909+00:00,,366.1,5080.0,
LOG-03409,2026-06-18T14:36:04.026941+00:00,2026-06-18T14:36:04.394000+00:00,2026-06-18T14:36:09.105991+00:00,,367.1,5079.0,
LOG-03410,2026-06-18T14:36:04.027941+00:00,2026-06-18T14:36:04.396000+00:00,2026-06-18T14:36:09.106370+00:00,,368.1,5078.4,
LOG-03411,2026-06-18T14:36:04.028941+00:00,2026-06-18T14:36:04.398000+00:00,2026-06-18T14:36:09.106634+00:00,,369.1,5077.7,
LOG-03412,2026-06-18T14:36:04.029941+00:00,2026-06-18T14:36:04.400000+00:00,2026-06-18T14:36:09.107079+00:00,,370.1,5077.1,
LOG-03413,2026-06-18T14:36:04.030941+00:00,2026-06-18T14:36:04.402000+00:00,2026-06-18T14:36:09.107343+00:00,,371.1,5076.4,
LOG-03414,2026-06-18T14:36:04.031941+00:00,2026-06-18T14:36:04.404000+00:00,2026-06-18T14:36:09.107758+00:00,,372.1,5075.8,
LOG-03415,2026-06-18T14:36:04.032941+00:00,2026-06-18T14:36:04.406000+00:00,2026-06-18T14:36:09.108115+00:00,,373.1,5075.2,
LOG-03416,2026-06-18T14:36:04.033941+00:00,2026-06-18T14:36:04.408000+00:00,2026-06-18T14:36:09.108806+00:00,,374.1,5074.9,
LOG-03417,2026-06-18T14:36:04.034941+00:00,2026-06-18T14:36:04.410000+00:00,2026-06-18T14:36:09.109301+00:00,,375.1,5074.4,
LOG-03418,2026-06-18T14:36:04.035941+00:00,2026-06-18T14:36:04.412000+00:00,2026-06-18T14:36:09.109565+00:00,,376.1,5073.6,
LOG-03419,2026-06-18T14:36:04.036941+00:00,2026-06-18T14:36:04.414000+00:00,2026-06-18T14:36:09.110141+00:00,,377.1,5073.2,
LOG-03420,2026-06-18T14:36:04.037941+00:00,2026-06-18T14:36:04.416000+00:00,2026-06-18T14:36:09.110555+00:00,,378.1,5072.6,
LOG-03421,2026-06-18T14:36:04.038941+00:00,2026-06-18T14:36:04.418000+00:00,2026-06-18T14:36:09.110822+00:00,,379.1,5071.9,
LOG-03422,2026-06-18T14:36:04.039941+00:00,2026-06-18T14:36:04.420000+00:00,2026-06-18T14:36:09.111222+00:00,,380.1,5071.3,
LOG-03423,2026-06-18T14:36:04.040941+00:00,2026-06-18T14:36:04.422000+00:00,2026-06-18T14:36:09.111515+00:00,,381.1,5070.6,
LOG-03424,2026-06-18T14:36:04.041941+00:00,2026-06-18T14:36:04.424000+00:00,2026-06-18T14:36:09.112059+00:00,,382.1,5070.1,
LOG-03425,2026-06-18T14:36:04.042941+00:00,2026-06-18T14:36:04.426000+00:00,2026-06-18T14:36:09.112787+00:00,,383.1,5069.8,
LOG-03426,2026-06-18T14:36:04.043941+00:00,2026-06-18T14:36:04.428000+00:00,2026-06-18T14:36:09.113615+00:00,,384.1,5069.7,
LOG-03427,2026-06-18T14:36:04.044941+00:00,2026-06-18T14:36:04.430000+00:00,2026-06-18T14:36:09.114480+00:00,,385.1,5069.5,
LOG-03428,2026-06-18T14:36:04.045941+00:00,2026-06-18T14:36:04.432000+00:00,2026-06-18T14:36:09.115147+00:00,,386.1,5069.2,
LOG-03429,2026-06-18T14:36:04.046941+00:00,2026-06-18T14:36:04.434000+00:00,2026-06-18T14:36:09.115511+00:00,,387.1,5068.6,
LOG-03430,2026-06-18T14:36:04.047941+00:00,2026-06-18T14:36:04.436000+00:00,2026-06-18T14:36:09.115780+00:00,,388.1,5067.8,
LOG-03431,2026-06-18T14:36:04.048941+00:00,2026-06-18T14:36:04.438000+00:00,2026-06-18T14:36:09.116150+00:00,,389.1,5067.2,
LOG-03432,2026-06-18T14:36:04.049941+00:00,2026-06-18T14:36:04.440000+00:00,2026-06-18T14:36:09.116477+00:00,,390.1,5066.5,
LOG-03433,2026-06-18T14:36:04.050941+00:00,2026-06-18T14:36:04.442000+00:00,2026-06-18T14:36:09.116891+00:00,,391.1,5065.9,
LOG-03434,2026-06-18T14:36:04.051941+00:00,2026-06-18T14:36:04.444000+00:00,2026-06-18T14:36:09.117213+00:00,,392.1,5065.3,
LOG-03435,2026-06-18T14:36:04.052941+00:00,2026-06-18T14:36:04.446000+00:00,2026-06-18T14:36:09.117727+00:00,,393.1,5064.8,
LOG-03436,2026-06-18T14:36:04.053941+00:00,2026-06-18T14:36:04.448000+00:00,2026-06-18T14:36:09.118018+00:00,,394.1,5064.1,
LOG-03437,2026-06-18T14:36:04.054941+00:00,2026-06-18T14:36:04.450000+00:00,2026-06-18T14:36:09.118746+00:00,,395.1,5063.8,
LOG-03438,2026-06-18T14:36:04.055941+00:00,2026-06-18T14:36:04.452000+00:00,2026-06-18T14:36:09.119258+00:00,,396.1,5063.3,
LOG-03439,2026-06-18T14:36:04.056941+00:00,2026-06-18T14:36:04.454000+00:00,2026-06-18T14:36:09.119614+00:00,,397.1,5062.7,
LOG-03440,2026-06-18T14:36:04.057941+00:00,2026-06-18T14:36:04.457000+00:00,2026-06-18T14:36:09.120262+00:00,,399.1,5062.3,
LOG-03441,2026-06-18T14:36:04.058941+00:00,2026-06-18T14:36:04.458000+00:00,2026-06-18T14:36:09.121008+00:00,,399.1,5062.1,
LOG-03442,2026-06-18T14:36:04.059941+00:00,2026-06-18T14:36:04.460000+00:00,2026-06-18T14:36:09.121586+00:00,,400.1,5061.6,
LOG-03443,2026-06-18T14:36:04.060941+00:00,2026-06-18T14:36:04.462000+00:00,2026-06-18T14:36:09.121977+00:00,,401.1,5061.0,
LOG-03444,2026-06-18T14:36:04.061941+00:00,2026-06-18T14:36:04.464000+00:00,2026-06-18T14:36:09.122672+00:00,,402.1,5060.7,
LOG-03445,2026-06-18T14:36:04.062941+00:00,2026-06-18T14:36:04.466000+00:00,2026-06-18T14:36:09.123095+00:00,,403.1,5060.2,
LOG-03446,2026-06-18T14:36:04.063941+00:00,2026-06-18T14:36:04.468000+00:00,2026-06-18T14:36:09.123415+00:00,,404.1,5059.5,
LOG-03447,2026-06-18T14:36:04.064941+00:00,2026-06-18T14:36:04.471000+00:00,2026-06-18T14:36:09.124056+00:00,,406.1,5059.1,
LOG-03448,2026-06-18T14:36:04.065941+00:00,2026-06-18T14:36:04.474000+00:00,2026-06-18T14:36:09.124489+00:00,,408.1,5058.5,
LOG-03449,2026-06-18T14:36:04.066941+00:00,2026-06-18T14:36:04.475000+00:00,2026-06-18T14:36:09.124827+00:00,,408.1,5057.9,
LOG-03450,2026-06-18T14:36:04.067941+00:00,2026-06-18T14:36:04.478000+00:00,2026-06-18T14:36:09.125418+00:00,,410.1,5057.5,
LOG-03451,2026-06-18T14:36:04.068941+00:00,2026-06-18T14:36:04.479000+00:00,2026-06-18T14:36:09.125819+00:00,,410.1,5056.9,
LOG-03452,2026-06-18T14:36:04.069941+00:00,2026-06-18T14:36:04.481000+00:00,2026-06-18T14:36:09.126079+00:00,,411.1,5056.1,
LOG-03453,2026-06-18T14:36:04.070941+00:00,2026-06-18T14:36:04.483000+00:00,2026-06-18T14:36:09.126650+00:00,,412.1,5055.7,
LOG-03454,2026-06-18T14:36:04.071941+00:00,2026-06-18T14:36:04.485000+00:00,2026-06-18T14:36:09.127381+00:00,,413.1,5055.4,
LOG-03455,2026-06-18T14:36:04.072941+00:00,2026-06-18T14:36:04.487000+00:00,2026-06-18T14:36:09.127811+00:00,,414.1,5054.9,
LOG-03456,2026-06-18T14:36:04.073941+00:00,2026-06-18T14:36:04.489000+00:00,2026-06-18T14:36:09.128124+00:00,,415.1,5054.2,
LOG-03457,2026-06-18T14:36:04.074941+00:00,2026-06-18T14:36:04.491000+00:00,2026-06-18T14:36:09.128508+00:00,,416.1,5053.6,
LOG-03458,2026-06-18T14:36:04.075941+00:00,2026-06-18T14:36:04.493000+00:00,2026-06-18T14:36:09.128787+00:00,,417.1,5052.8,
LOG-03459,2026-06-18T14:36:04.076941+00:00,2026-06-18T14:36:04.495000+00:00,2026-06-18T14:36:09.129495+00:00,,418.1,5052.6,
LOG-03460,2026-06-18T14:36:04.077941+00:00,2026-06-18T14:36:04.497000+00:00,2026-06-18T14:36:09.130240+00:00,,419.1,5052.3,
LOG-03461,2026-06-18T14:36:04.078941+00:00,2026-06-18T14:36:04.499000+00:00,2026-06-18T14:36:09.131081+00:00,,420.1,5052.1,
LOG-03462,2026-06-18T14:36:04.079941+00:00,2026-06-18T14:36:04.501000+00:00,2026-06-18T14:36:09.131534+00:00,,421.1,5051.6,
LOG-03463,2026-06-18T14:36:04.080941+00:00,2026-06-18T14:36:04.503000+00:00,2026-06-18T14:36:09.131843+00:00,,422.1,5050.9,
LOG-03464,2026-06-18T14:36:04.081941+00:00,2026-06-18T14:36:04.505000+00:00,2026-06-18T14:36:09.132289+00:00,,423.1,5050.3,
LOG-03465,2026-06-18T14:36:04.082941+00:00,2026-06-18T14:36:04.509000+00:00,2026-06-18T14:36:09.132539+00:00,,426.1,5049.6,
LOG-03466,2026-06-18T14:36:04.083941+00:00,2026-06-18T14:36:04.510000+00:00,2026-06-18T14:36:09.133100+00:00,,426.1,5049.2,
LOG-03467,2026-06-18T14:36:04.084941+00:00,2026-06-18T14:36:04.512000+00:00,2026-06-18T14:36:09.133661+00:00,,427.1,5048.7,
LOG-03468,2026-06-18T14:36:04.085941+00:00,2026-06-18T14:36:04.514000+00:00,2026-06-18T14:36:09.134040+00:00,,428.1,5048.1,
LOG-03469,2026-06-18T14:36:04.086941+00:00,2026-06-18T14:36:04.516000+00:00,2026-06-18T14:36:09.134397+00:00,,429.1,5047.5,
LOG-03470,2026-06-18T14:36:04.087941+00:00,2026-06-18T14:36:04.518000+00:00,2026-06-18T14:36:09.134772+00:00,,430.1,5046.8,
LOG-03471,2026-06-18T14:36:04.088941+00:00,2026-06-18T14:36:04.520000+00:00,2026-06-18T14:36:09.135095+00:00,,431.1,5046.2,
LOG-03472,2026-06-18T14:36:04.089941+00:00,2026-06-18T14:36:04.522000+00:00,2026-06-18T14:36:09.135527+00:00,,432.1,5045.6,
LOG-03473,2026-06-18T14:36:04.090941+00:00,2026-06-18T14:36:04.524000+00:00,2026-06-18T14:36:09.135801+00:00,,433.1,5044.9,
LOG-03474,2026-06-18T14:36:04.091941+00:00,2026-06-18T14:36:04.526000+00:00,2026-06-18T14:36:09.136365+00:00,,434.1,5044.4,
LOG-03475,2026-06-18T14:36:04.092941+00:00,2026-06-18T14:36:04.528000+00:00,2026-06-18T14:36:09.136818+00:00,,435.1,5043.9,
LOG-03476,2026-06-18T14:36:04.093941+00:00,2026-06-18T14:36:04.530000+00:00,2026-06-18T14:36:09.137105+00:00,,436.1,5043.2,
LOG-03477,2026-06-18T14:36:04.094941+00:00,2026-06-18T14:36:04.532000+00:00,2026-06-18T14:36:09.137693+00:00,,437.1,5042.8,
LOG-03478,2026-06-18T14:36:04.095941+00:00,2026-06-18T14:36:04.534000+00:00,2026-06-18T14:36:09.138196+00:00,,438.1,5042.3,
LOG-03479,2026-06-18T14:36:04.096941+00:00,2026-06-18T14:36:04.536000+00:00,2026-06-18T14:36:09.138442+00:00,,439.1,5041.5,
LOG-03480,2026-06-18T14:36:04.097941+00:00,2026-06-18T14:36:04.538000+00:00,2026-06-18T14:36:09.138846+00:00,,440.1,5040.9,
LOG-03481,2026-06-18T14:36:04.098941+00:00,2026-06-18T14:36:04.540000+00:00,2026-06-18T14:36:09.139409+00:00,,441.1,5040.5,
LOG-03482,2026-06-18T14:36:04.099941+00:00,2026-06-18T14:36:04.542000+00:00,2026-06-18T14:36:09.139715+00:00,,442.1,5039.8,
LOG-03483,2026-06-18T14:36:04.100941+00:00,2026-06-18T14:36:04.544000+00:00,2026-06-18T14:36:09.140143+00:00,,443.1,5039.2,
LOG-03484,2026-06-18T14:36:04.101941+00:00,2026-06-18T14:36:04.546000+00:00,2026-06-18T14:36:09.140422+00:00,,444.1,5038.5,
LOG-03485,2026-06-18T14:36:04.102941+00:00,2026-06-18T14:36:04.548000+00:00,2026-06-18T14:36:09.140991+00:00,,445.1,5038.0,
LOG-03486,2026-06-18T14:36:04.103941+00:00,2026-06-18T14:36:04.550000+00:00,2026-06-18T14:36:09.141078+00:00,,446.1,5037.1,
LOG-03487,2026-06-18T14:36:04.104941+00:00,2026-06-18T14:36:04.552000+00:00,2026-06-18T14:36:09.141633+00:00,,447.1,5036.7,
LOG-03488,2026-06-18T14:36:04.105941+00:00,2026-06-18T14:36:04.554000+00:00,2026-06-18T14:36:09.142104+00:00,,448.1,5036.2,
LOG-03489,2026-06-18T14:36:04.106941+00:00,2026-06-18T14:36:04.556000+00:00,2026-06-18T14:36:09.142457+00:00,,449.1,5035.5,
LOG-03490,2026-06-18T14:36:04.107941+00:00,2026-06-18T14:36:04.558000+00:00,2026-06-18T14:36:09.143069+00:00,,450.1,5035.1,
LOG-03491,2026-06-18T14:36:04.108941+00:00,2026-06-18T14:36:04.560000+00:00,2026-06-18T14:36:09.143380+00:00,,451.1,5034.4,
LOG-03492,2026-06-18T14:36:04.109941+00:00,2026-06-18T14:36:04.562000+00:00,2026-06-18T14:36:09.143798+00:00,,452.1,5033.9,
LOG-03493,2026-06-18T14:36:04.110941+00:00,2026-06-18T14:36:04.564000+00:00,2026-06-18T14:36:09.144121+00:00,,453.1,5033.2,
LOG-03494,2026-06-18T14:36:04.111941+00:00,2026-06-18T14:36:04.566000+00:00,2026-06-18T14:36:09.144732+00:00,,454.1,5032.8,
LOG-03495,2026-06-18T14:36:04.112941+00:00,2026-06-18T14:36:04.568000+00:00,2026-06-18T14:36:09.145175+00:00,,455.1,5032.2,
LOG-03496,2026-06-18T14:36:04.113941+00:00,2026-06-18T14:36:04.570000+00:00,2026-06-18T14:36:09.145463+00:00,,456.1,5031.5,
LOG-03497,2026-06-18T14:36:04.114941+00:00,2026-06-18T14:36:04.572000+00:00,2026-06-18T14:36:09.146155+00:00,,457.1,5031.2,
LOG-03498,2026-06-18T14:36:04.115941+00:00,2026-06-18T14:36:04.574000+00:00,2026-06-18T14:36:09.146939+00:00,,458.1,5031.0,
LOG-03499,2026-06-18T14:36:04.116941+00:00,2026-06-18T14:36:04.576000+00:00,2026-06-18T14:36:09.147702+00:00,,459.1,5030.8,
LOG-03500,2026-06-18T14:36:04.117941+00:00,2026-06-18T14:36:04.578000+00:00,2026-06-18T14:36:09.148251+00:00,,460.1,5030.3,
LOG-03501,2026-06-18T14:36:04.118941+00:00,2026-06-18T14:36:04.580000+00:00,2026-06-18T14:36:09.148589+00:00,,461.1,5029.6,
LOG-03502,2026-06-18T14:36:04.119941+00:00,2026-06-18T14:36:04.582000+00:00,2026-06-18T14:36:09.149257+00:00,,462.1,5029.3,
LOG-03503,2026-06-18T14:36:04.120941+00:00,2026-06-18T14:36:04.584000+00:00,2026-06-18T14:36:09.149723+00:00,,463.1,5028.8,
LOG-03504,2026-06-18T14:36:04.121941+00:00,2026-06-18T14:36:04.587000+00:00,2026-06-18T14:36:09.150049+00:00,,465.1,5028.1,
LOG-03505,2026-06-18T14:36:04.122941+00:00,2026-06-18T14:36:04.588000+00:00,2026-06-18T14:36:09.150469+00:00,,465.1,5027.5,
LOG-03506,2026-06-18T14:36:04.123941+00:00,2026-06-18T14:36:04.590000+00:00,2026-06-18T14:36:09.150715+00:00,,466.1,5026.8,
LOG-03507,2026-06-18T14:36:04.124941+00:00,2026-06-18T14:36:04.592000+00:00,2026-06-18T14:36:09.151196+00:00,,467.1,5026.3,
LOG-03508,2026-06-18T14:36:04.125941+00:00,2026-06-18T14:36:04.594000+00:00,2026-06-18T14:36:09.151465+00:00,,468.1,5025.5,
LOG-03509,2026-06-18T14:36:04.126941+00:00,2026-06-18T14:36:04.596000+00:00,2026-06-18T14:36:09.151913+00:00,,469.1,5025.0,
LOG-03510,2026-06-18T14:36:04.127941+00:00,2026-06-18T14:36:04.598000+00:00,2026-06-18T14:36:09.152178+00:00,,470.1,5024.2,
LOG-03511,2026-06-18T14:36:04.128941+00:00,2026-06-18T14:36:04.600000+00:00,2026-06-18T14:36:09.152557+00:00,,471.1,5023.6,
LOG-03512,2026-06-18T14:36:04.129941+00:00,2026-06-18T14:36:04.602000+00:00,2026-06-18T14:36:09.152817+00:00,,472.1,5022.9,
LOG-03513,2026-06-18T14:36:04.130941+00:00,2026-06-18T14:36:04.604000+00:00,2026-06-18T14:36:09.153400+00:00,,473.1,5022.5,
LOG-03514,2026-06-18T14:36:04.131941+00:00,2026-06-18T14:36:04.606000+00:00,2026-06-18T14:36:09.153866+00:00,,474.1,5021.9,
LOG-03515,2026-06-18T14:36:04.132941+00:00,2026-06-18T14:36:04.608000+00:00,2026-06-18T14:36:09.154290+00:00,,475.1,5021.3,
LOG-03516,2026-06-18T14:36:04.133941+00:00,2026-06-18T14:36:04.610000+00:00,2026-06-18T14:36:09.155425+00:00,,476.1,5021.5,
LOG-03517,2026-06-18T14:36:04.134941+00:00,2026-06-18T14:36:04.612000+00:00,2026-06-18T14:36:09.155878+00:00,,477.1,5020.9,
LOG-03518,2026-06-18T14:36:04.135941+00:00,2026-06-18T14:36:04.615000+00:00,2026-06-18T14:36:09.156362+00:00,,479.1,5020.4,
LOG-03519,2026-06-18T14:36:04.136941+00:00,2026-06-18T14:36:04.616000+00:00,2026-06-18T14:36:09.156703+00:00,,479.1,5019.8,
LOG-03520,2026-06-18T14:36:04.137941+00:00,2026-06-18T14:36:04.618000+00:00,2026-06-18T14:36:09.157119+00:00,,480.1,5019.2,
LOG-03521,2026-06-18T14:36:04.138941+00:00,2026-06-18T14:36:04.620000+00:00,2026-06-18T14:36:09.157423+00:00,,481.1,5018.5,
LOG-03522,2026-06-18T14:36:04.139941+00:00,2026-06-18T14:36:04.622000+00:00,2026-06-18T14:36:09.157798+00:00,,482.1,5017.9,
LOG-03523,2026-06-18T14:36:04.140941+00:00,2026-06-18T14:36:04.624000+00:00,2026-06-18T14:36:09.158118+00:00,,483.1,5017.2,
LOG-03524,2026-06-18T14:36:04.141941+00:00,2026-06-18T14:36:04.626000+00:00,2026-06-18T14:36:09.158678+00:00,,484.1,5016.7,
LOG-03525,2026-06-18T14:36:04.142941+00:00,2026-06-18T14:36:04.628000+00:00,2026-06-18T14:36:09.159063+00:00,,485.1,5016.1,
LOG-03526,2026-06-18T14:36:04.143941+00:00,2026-06-18T14:36:04.630000+00:00,2026-06-18T14:36:09.159404+00:00,,486.1,5015.5,
LOG-03527,2026-06-18T14:36:04.144941+00:00,2026-06-18T14:36:04.632000+00:00,2026-06-18T14:36:09.159821+00:00,,487.1,5014.9,
LOG-03528,2026-06-18T14:36:04.145941+00:00,2026-06-18T14:36:04.634000+00:00,2026-06-18T14:36:09.160174+00:00,,488.1,5014.2,
LOG-03529,2026-06-18T14:36:04.146941+00:00,2026-06-18T14:36:04.636000+00:00,2026-06-18T14:36:09.160258+00:00,,489.1,5013.3,
LOG-03530,2026-06-18T14:36:04.147941+00:00,2026-06-18T14:36:04.638000+00:00,2026-06-18T14:36:09.160690+00:00,,490.1,5012.7,
LOG-03531,2026-06-18T14:36:04.148941+00:00,2026-06-18T14:36:04.640000+00:00,2026-06-18T14:36:09.160972+00:00,,491.1,5012.0,
LOG-03532,2026-06-18T14:36:04.149941+00:00,2026-06-18T14:36:04.642000+00:00,2026-06-18T14:36:09.161356+00:00,,492.1,5011.4,
LOG-03533,2026-06-18T14:36:04.150941+00:00,2026-06-18T14:36:04.644000+00:00,2026-06-18T14:36:09.161599+00:00,,493.1,5010.7,
LOG-03534,2026-06-18T14:36:04.151941+00:00,2026-06-18T14:36:04.646000+00:00,2026-06-18T14:36:09.161970+00:00,,494.1,5010.0,
LOG-03535,2026-06-18T14:36:04.152941+00:00,2026-06-18T14:36:04.648000+00:00,2026-06-18T14:36:09.162309+00:00,,495.1,5009.4,
LOG-03536,2026-06-18T14:36:04.153941+00:00,2026-06-18T14:36:04.650000+00:00,2026-06-18T14:36:09.162725+00:00,,496.1,5008.8,
LOG-03537,2026-06-18T14:36:04.154941+00:00,2026-06-18T14:36:04.652000+00:00,2026-06-18T14:36:09.163068+00:00,,497.1,5008.1,
LOG-03538,2026-06-18T14:36:04.155941+00:00,2026-06-18T14:36:04.654000+00:00,2026-06-18T14:36:09.163912+00:00,,498.1,5008.0,
LOG-03539,2026-06-18T14:36:04.156941+00:00,2026-06-18T14:36:04.656000+00:00,2026-06-18T14:36:09.164781+00:00,,499.1,5007.8,
LOG-03540,2026-06-18T14:36:04.157941+00:00,2026-06-18T14:36:04.658000+00:00,2026-06-18T14:36:09.165432+00:00,,500.1,5007.5,
LOG-03541,2026-06-18T14:36:04.158941+00:00,2026-06-18T14:36:04.660000+00:00,2026-06-18T14:36:09.165829+00:00,,501.1,5006.9,
LOG-03542,2026-06-18T14:36:04.159941+00:00,2026-06-18T14:36:04.662000+00:00,2026-06-18T14:36:09.166118+00:00,,502.1,5006.2,
LOG-03543,2026-06-18T14:36:04.160941+00:00,2026-06-18T14:36:04.664000+00:00,2026-06-18T14:36:09.166481+00:00,,503.1,5005.5,
LOG-03544,2026-06-18T14:36:04.161941+00:00,2026-06-18T14:36:04.666000+00:00,2026-06-18T14:36:09.166650+00:00,,504.1,5004.7,
LOG-03545,2026-06-18T14:36:04.162941+00:00,2026-06-18T14:36:04.668000+00:00,2026-06-18T14:36:09.166950+00:00,,505.1,5004.0,
LOG-03546,2026-06-18T14:36:04.163941+00:00,2026-06-18T14:36:04.670000+00:00,2026-06-18T14:36:09.167637+00:00,,506.1,5003.7,
LOG-03547,2026-06-18T14:36:04.164941+00:00,2026-06-18T14:36:04.672000+00:00,2026-06-18T14:36:09.168093+00:00,,507.1,5003.2,
LOG-03548,2026-06-18T14:36:04.165941+00:00,2026-06-18T14:36:04.674000+00:00,2026-06-18T14:36:09.168395+00:00,,508.1,5002.5,
LOG-03549,2026-06-18T14:36:04.166941+00:00,2026-06-18T14:36:04.676000+00:00,2026-06-18T14:36:09.168979+00:00,,509.1,5002.0,
LOG-03550,2026-06-18T14:36:04.167941+00:00,2026-06-18T14:36:04.678000+00:00,2026-06-18T14:36:09.169354+00:00,,510.1,5001.4,
LOG-03551,2026-06-18T14:36:04.168941+00:00,2026-06-18T14:36:04.680000+00:00,2026-06-18T14:36:09.169623+00:00,,511.1,5000.7,
LOG-03552,2026-06-18T14:36:04.169941+00:00,2026-06-18T14:36:04.682000+00:00,2026-06-18T14:36:09.170003+00:00,,512.1,5000.1,
LOG-03553,2026-06-18T14:36:04.170941+00:00,2026-06-18T14:36:04.684000+00:00,2026-06-18T14:36:09.170414+00:00,,513.1,4999.5,
LOG-03554,2026-06-18T14:36:04.171941+00:00,2026-06-18T14:36:04.686000+00:00,2026-06-18T14:36:09.171213+00:00,,514.1,4999.3,
LOG-03555,2026-06-18T14:36:04.172941+00:00,2026-06-18T14:36:04.688000+00:00,2026-06-18T14:36:09.171783+00:00,,515.1,4998.8,
LOG-03556,2026-06-18T14:36:04.173941+00:00,2026-06-18T14:36:04.690000+00:00,2026-06-18T14:36:09.172214+00:00,,516.1,4998.3,
LOG-03557,2026-06-18T14:36:04.174941+00:00,2026-06-18T14:36:04.692000+00:00,2026-06-18T14:36:09.172937+00:00,,517.1,4998.0,
LOG-03558,2026-06-18T14:36:04.175941+00:00,2026-06-18T14:36:04.694000+00:00,2026-06-18T14:36:09.173337+00:00,,518.1,4997.4,
LOG-03559,2026-06-18T14:36:04.176941+00:00,2026-06-18T14:36:04.697000+00:00,2026-06-18T14:36:09.173685+00:00,,520.1,4996.7,
LOG-03560,2026-06-18T14:36:04.177941+00:00,2026-06-18T14:36:04.698000+00:00,2026-06-18T14:36:09.174109+00:00,,520.1,4996.2,
LOG-03561,2026-06-18T14:36:04.178941+00:00,2026-06-18T14:36:04.700000+00:00,2026-06-18T14:36:09.174367+00:00,,521.1,4995.4,
LOG-03562,2026-06-18T14:36:04.179941+00:00,2026-06-18T14:36:04.702000+00:00,2026-06-18T14:36:09.174769+00:00,,522.1,4994.8,
LOG-03563,2026-06-18T14:36:04.180941+00:00,2026-06-18T14:36:04.704000+00:00,2026-06-18T14:36:09.175106+00:00,,523.1,4994.2,
LOG-03564,2026-06-18T14:36:04.181941+00:00,2026-06-18T14:36:04.706000+00:00,2026-06-18T14:36:09.175729+00:00,,524.1,4993.8,
LOG-03565,2026-06-18T14:36:04.182941+00:00,2026-06-18T14:36:04.708000+00:00,2026-06-18T14:36:09.176139+00:00,,525.1,4993.2,
LOG-03566,2026-06-18T14:36:04.183941+00:00,2026-06-18T14:36:04.710000+00:00,2026-06-18T14:36:09.176445+00:00,2026-06-18T14:36:26.477345+00:00,526.1,4992.5,22293.4
LOG-03567,2026-06-18T14:36:04.184941+00:00,2026-06-18T14:36:04.712000+00:00,2026-06-18T14:36:09.176850+00:00,,527.1,4991.9,
LOG-03568,2026-06-18T14:36:04.185941+00:00,2026-06-18T14:36:04.714000+00:00,2026-06-18T14:36:09.177148+00:00,,528.1,4991.2,
LOG-03569,2026-06-18T14:36:04.186941+00:00,2026-06-18T14:36:04.716000+00:00,2026-06-18T14:36:09.177701+00:00,,529.1,4990.8,
LOG-03570,2026-06-18T14:36:04.187941+00:00,2026-06-18T14:36:04.718000+00:00,2026-06-18T14:36:09.178078+00:00,,530.1,4990.1,
LOG-03571,2026-06-18T14:36:04.188941+00:00,2026-06-18T14:36:04.720000+00:00,2026-06-18T14:36:09.178407+00:00,,531.1,4989.5,
LOG-03572,2026-06-18T14:36:04.189941+00:00,2026-06-18T14:36:04.722000+00:00,2026-06-18T14:36:09.179077+00:00,,532.1,4989.1,
LOG-03573,2026-06-18T14:36:04.190941+00:00,2026-06-18T14:36:04.724000+00:00,2026-06-18T14:36:09.179613+00:00,,533.1,4988.7,
LOG-03574,2026-06-18T14:36:04.191941+00:00,2026-06-18T14:36:04.726000+00:00,2026-06-18T14:36:09.179954+00:00,,534.1,4988.0,
LOG-03575,2026-06-18T14:36:04.192941+00:00,2026-06-18T14:36:04.728000+00:00,2026-06-18T14:36:09.180673+00:00,,535.1,4987.7,
LOG-03576,2026-06-18T14:36:04.193941+00:00,2026-06-18T14:36:04.730000+00:00,2026-06-18T14:36:09.181445+00:00,,536.1,4987.5,
LOG-03577,2026-06-18T14:36:04.194941+00:00,2026-06-18T14:36:04.732000+00:00,2026-06-18T14:36:09.181895+00:00,,537.1,4987.0,
LOG-03578,2026-06-18T14:36:04.195941+00:00,2026-06-18T14:36:04.734000+00:00,2026-06-18T14:36:09.182198+00:00,,538.1,4986.3,
LOG-03579,2026-06-18T14:36:04.196941+00:00,2026-06-18T14:36:04.736000+00:00,2026-06-18T14:36:09.182699+00:00,,539.1,4985.8,
LOG-03580,2026-06-18T14:36:04.197941+00:00,2026-06-18T14:36:04.738000+00:00,2026-06-18T14:36:09.182985+00:00,,540.1,4985.0,
LOG-03581,2026-06-18T14:36:04.198941+00:00,2026-06-18T14:36:04.740000+00:00,2026-06-18T14:36:09.183457+00:00,,541.1,4984.5,
LOG-03582,2026-06-18T14:36:04.199941+00:00,2026-06-18T14:36:04.742000+00:00,2026-06-18T14:36:09.183732+00:00,,542.1,4983.8,
LOG-03583,2026-06-18T14:36:04.200941+00:00,2026-06-18T14:36:04.744000+00:00,2026-06-18T14:36:09.184220+00:00,,543.1,4983.3,
LOG-03584,2026-06-18T14:36:04.201941+00:00,2026-06-18T14:36:04.746000+00:00,2026-06-18T14:36:09.184475+00:00,,544.1,4982.5,
LOG-03585,2026-06-18T14:36:04.202941+00:00,2026-06-18T14:36:04.748000+00:00,2026-06-18T14:36:09.185103+00:00,,545.1,4982.2,
LOG-03586,2026-06-18T14:36:04.203941+00:00,2026-06-18T14:36:04.750000+00:00,2026-06-18T14:36:09.185558+00:00,,546.1,4981.6,
LOG-03587,2026-06-18T14:36:04.204941+00:00,2026-06-18T14:36:04.752000+00:00,2026-06-18T14:36:09.185838+00:00,,547.1,4980.9,
LOG-03588,2026-06-18T14:36:04.205941+00:00,2026-06-18T14:36:04.754000+00:00,2026-06-18T14:36:09.186500+00:00,,548.1,4980.6,
LOG-03589,2026-06-18T14:36:04.206941+00:00,2026-06-18T14:36:04.756000+00:00,2026-06-18T14:36:09.187147+00:00,,549.1,4980.2,
LOG-03590,2026-06-18T14:36:04.207941+00:00,2026-06-18T14:36:04.758000+00:00,2026-06-18T14:36:09.187854+00:00,,550.1,4979.9,
LOG-03591,2026-06-18T14:36:04.208941+00:00,2026-06-18T14:36:04.760000+00:00,2026-06-18T14:36:09.188679+00:00,,551.1,4979.7,
LOG-03592,2026-06-18T14:36:04.209941+00:00,2026-06-18T14:36:04.762000+00:00,2026-06-18T14:36:09.189549+00:00,,552.1,4979.6,
LOG-03593,2026-06-18T14:36:04.210941+00:00,2026-06-18T14:36:04.764000+00:00,2026-06-18T14:36:09.190238+00:00,,553.1,4979.3,
LOG-03594,2026-06-18T14:36:04.211941+00:00,2026-06-18T14:36:04.766000+00:00,2026-06-18T14:36:09.190757+00:00,,554.1,4978.8,
LOG-03595,2026-06-18T14:36:04.212941+00:00,2026-06-18T14:36:04.768000+00:00,2026-06-18T14:36:09.191095+00:00,,555.1,4978.2,
LOG-03596,2026-06-18T14:36:04.213941+00:00,2026-06-18T14:36:04.770000+00:00,2026-06-18T14:36:09.191701+00:00,,556.1,4977.8,
LOG-03597,2026-06-18T14:36:04.214941+00:00,2026-06-18T14:36:04.772000+00:00,2026-06-18T14:36:09.192119+00:00,,557.1,4977.2,
LOG-03598,2026-06-18T14:36:04.215941+00:00,2026-06-18T14:36:04.774000+00:00,2026-06-18T14:36:09.192431+00:00,,558.1,4976.5,
LOG-03599,2026-06-18T14:36:04.216941+00:00,2026-06-18T14:36:04.776000+00:00,2026-06-18T14:36:09.192861+00:00,,559.1,4975.9,
LOG-03600,2026-06-18T14:36:04.217941+00:00,2026-06-18T14:36:04.778000+00:00,2026-06-18T14:36:09.193174+00:00,,560.1,4975.2,
LOG-03601,2026-06-18T14:36:04.218941+00:00,2026-06-18T14:36:04.780000+00:00,2026-06-18T14:36:09.193938+00:00,,561.1,4975.0,
LOG-03602,2026-06-18T14:36:04.219941+00:00,2026-06-18T14:36:04.782000+00:00,2026-06-18T14:36:09.194409+00:00,,562.1,4974.5,
LOG-03603,2026-06-18T14:36:04.220941+00:00,2026-06-18T14:36:04.784000+00:00,2026-06-18T14:36:09.194686+00:00,,563.1,4973.7,
LOG-03604,2026-06-18T14:36:04.221941+00:00,2026-06-18T14:36:04.786000+00:00,2026-06-18T14:36:09.195338+00:00,,564.1,4973.4,
LOG-03605,2026-06-18T14:36:04.222941+00:00,2026-06-18T14:36:04.788000+00:00,2026-06-18T14:36:09.196018+00:00,,565.1,4973.1,
LOG-03606,2026-06-18T14:36:04.223941+00:00,2026-06-18T14:36:04.790000+00:00,2026-06-18T14:36:09.196861+00:00,,566.1,4972.9,
LOG-03607,2026-06-18T14:36:04.224941+00:00,2026-06-18T14:36:04.792000+00:00,2026-06-18T14:36:09.197497+00:00,,567.1,4972.6,
LOG-03608,2026-06-18T14:36:04.225941+00:00,2026-06-18T14:36:04.794000+00:00,2026-06-18T14:36:09.197851+00:00,,568.1,4971.9,
LOG-03609,2026-06-18T14:36:04.226941+00:00,2026-06-18T14:36:04.796000+00:00,2026-06-18T14:36:09.198370+00:00,,569.1,4971.4,
LOG-03610,2026-06-18T14:36:04.227941+00:00,2026-06-18T14:36:04.798000+00:00,2026-06-18T14:36:09.198646+00:00,,570.1,4970.7,
LOG-03611,2026-06-18T14:36:04.228941+00:00,2026-06-18T14:36:04.800000+00:00,2026-06-18T14:36:09.199226+00:00,,571.1,4970.3,
LOG-03612,2026-06-18T14:36:04.229941+00:00,2026-06-18T14:36:04.802000+00:00,2026-06-18T14:36:09.199776+00:00,,572.1,4969.8,
LOG-03613,2026-06-18T14:36:04.230941+00:00,2026-06-18T14:36:04.804000+00:00,2026-06-18T14:36:09.200143+00:00,,573.1,4969.2,
LOG-03614,2026-06-18T14:36:04.231941+00:00,2026-06-18T14:36:04.806000+00:00,2026-06-18T14:36:09.200399+00:00,,574.1,4968.5,
LOG-03615,2026-06-18T14:36:04.232941+00:00,2026-06-18T14:36:04.808000+00:00,2026-06-18T14:36:09.200475+00:00,,575.1,4967.5,
LOG-03616,2026-06-18T14:36:04.233941+00:00,2026-06-18T14:36:04.810000+00:00,2026-06-18T14:36:09.200990+00:00,,576.1,4967.0,
LOG-03617,2026-06-18T14:36:04.234941+00:00,2026-06-18T14:36:04.812000+00:00,2026-06-18T14:36:09.201338+00:00,,577.1,4966.4,
LOG-03618,2026-06-18T14:36:04.235941+00:00,2026-06-18T14:36:04.814000+00:00,2026-06-18T14:36:09.201687+00:00,,578.1,4965.7,
LOG-03619,2026-06-18T14:36:04.236941+00:00,2026-06-18T14:36:04.816000+00:00,2026-06-18T14:36:09.202160+00:00,,579.1,4965.2,
LOG-03620,2026-06-18T14:36:04.237941+00:00,2026-06-18T14:36:04.818000+00:00,2026-06-18T14:36:09.202430+00:00,,580.1,4964.5,
LOG-03621,2026-06-18T14:36:04.238941+00:00,2026-06-18T14:36:04.820000+00:00,2026-06-18T14:36:09.202846+00:00,,581.1,4963.9,
LOG-03622,2026-06-18T14:36:04.239941+00:00,2026-06-18T14:36:04.822000+00:00,2026-06-18T14:36:09.203122+00:00,,582.1,4963.2,
LOG-03623,2026-06-18T14:36:04.240941+00:00,2026-06-18T14:36:04.824000+00:00,2026-06-18T14:36:09.203856+00:00,,583.1,4962.9,
LOG-03624,2026-06-18T14:36:04.241941+00:00,2026-06-18T14:36:04.826000+00:00,2026-06-18T14:36:09.204569+00:00,,584.1,4962.6,
LOG-03625,2026-06-18T14:36:04.242941+00:00,2026-06-18T14:36:04.828000+00:00,2026-06-18T14:36:09.205130+00:00,,585.1,4962.2,
LOG-03626,2026-06-18T14:36:04.243941+00:00,2026-06-18T14:36:04.830000+00:00,2026-06-18T14:36:09.205581+00:00,,586.1,4961.6,
LOG-03627,2026-06-18T14:36:04.244941+00:00,2026-06-18T14:36:04.832000+00:00,2026-06-18T14:36:09.206133+00:00,,587.1,4961.2,
LOG-03628,2026-06-18T14:36:04.245941+00:00,2026-06-18T14:36:04.834000+00:00,2026-06-18T14:36:09.206529+00:00,,588.1,4960.6,
LOG-03629,2026-06-18T14:36:04.246941+00:00,2026-06-18T14:36:04.836000+00:00,2026-06-18T14:36:09.207023+00:00,,589.1,4960.1,
LOG-03630,2026-06-18T14:36:04.247941+00:00,2026-06-18T14:36:04.838000+00:00,2026-06-18T14:36:09.207376+00:00,,590.1,4959.4,
LOG-03631,2026-06-18T14:36:04.248941+00:00,2026-06-18T14:36:04.840000+00:00,2026-06-18T14:36:09.207843+00:00,,591.1,4958.9,
LOG-03632,2026-06-18T14:36:04.249941+00:00,2026-06-18T14:36:04.842000+00:00,2026-06-18T14:36:09.208179+00:00,,592.1,4958.2,
LOG-03633,2026-06-18T14:36:04.250941+00:00,2026-06-18T14:36:04.844000+00:00,2026-06-18T14:36:09.208683+00:00,,593.1,4957.7,
LOG-03634,2026-06-18T14:36:04.251941+00:00,2026-06-18T14:36:04.846000+00:00,2026-06-18T14:36:09.209394+00:00,,594.1,4957.5,
LOG-03635,2026-06-18T14:36:04.252941+00:00,2026-06-18T14:36:04.848000+00:00,2026-06-18T14:36:09.209806+00:00,,595.1,4956.9,
LOG-03636,2026-06-18T14:36:04.253941+00:00,2026-06-18T14:36:04.850000+00:00,2026-06-18T14:36:09.209938+00:00,,596.1,4956.0,
LOG-03637,2026-06-18T14:36:04.254941+00:00,2026-06-18T14:36:04.852000+00:00,2026-06-18T14:36:09.210035+00:00,,597.1,4955.1,
LOG-03638,2026-06-18T14:36:04.255941+00:00,2026-06-18T14:36:04.854000+00:00,2026-06-18T14:36:09.210355+00:00,,598.1,4954.4,
LOG-03639,2026-06-18T14:36:04.256941+00:00,2026-06-18T14:36:04.856000+00:00,2026-06-18T14:36:09.210473+00:00,,599.1,4953.5,
LOG-03640,2026-06-18T14:36:04.257941+00:00,2026-06-18T14:36:04.858000+00:00,2026-06-18T14:36:09.210572+00:00,,600.1,4952.6,
LOG-03641,2026-06-18T14:36:04.258941+00:00,2026-06-18T14:36:04.860000+00:00,2026-06-18T14:36:09.210665+00:00,,601.1,4951.7,
LOG-03642,2026-06-18T14:36:04.259941+00:00,2026-06-18T14:36:04.862000+00:00,2026-06-18T14:36:09.210756+00:00,,602.1,4950.8,
LOG-03643,2026-06-18T14:36:04.260941+00:00,2026-06-18T14:36:04.865000+00:00,2026-06-18T14:36:09.210840+00:00,,604.1,4949.9,
LOG-03644,2026-06-18T14:36:04.261941+00:00,2026-06-18T14:36:04.866000+00:00,2026-06-18T14:36:09.211110+00:00,,604.1,4949.2,
LOG-03645,2026-06-18T14:36:04.262941+00:00,2026-06-18T14:36:04.868000+00:00,2026-06-18T14:36:09.211192+00:00,,605.1,4948.3,
LOG-03646,2026-06-18T14:36:04.263941+00:00,2026-06-18T14:36:04.870000+00:00,2026-06-18T14:36:09.211272+00:00,,606.1,4947.3,
LOG-03647,2026-06-18T14:36:04.264941+00:00,2026-06-18T14:36:04.872000+00:00,2026-06-18T14:36:09.211403+00:00,,607.1,4946.5,
LOG-03648,2026-06-18T14:36:04.265941+00:00,2026-06-18T14:36:04.874000+00:00,2026-06-18T14:36:09.223576+00:00,,608.1,4957.6,
LOG-03649,2026-06-18T14:36:04.266941+00:00,2026-06-18T14:36:04.876000+00:00,2026-06-18T14:36:09.224752+00:00,,609.1,4957.8,
LOG-03650,2026-06-18T14:36:04.267941+00:00,2026-06-18T14:36:04.878000+00:00,2026-06-18T14:36:09.225581+00:00,,610.1,4957.6,
LOG-03651,2026-06-18T14:36:04.268941+00:00,2026-06-18T14:36:04.880000+00:00,2026-06-18T14:36:09.226040+00:00,,611.1,4957.1,
LOG-03652,2026-06-18T14:36:04.269941+00:00,2026-06-18T14:36:04.882000+00:00,2026-06-18T14:36:09.228048+00:00,,612.1,4958.1,
LOG-03653,2026-06-18T14:36:04.270941+00:00,2026-06-18T14:36:04.884000+00:00,2026-06-18T14:36:09.240627+00:00,,613.1,4969.7,
LOG-03654,2026-06-18T14:36:04.271941+00:00,2026-06-18T14:36:04.886000+00:00,2026-06-18T14:36:09.241015+00:00,,614.1,4969.1,
LOG-03655,2026-06-18T14:36:04.272941+00:00,2026-06-18T14:36:04.888000+00:00,2026-06-18T14:36:09.241489+00:00,,615.1,4968.5,
LOG-03656,2026-06-18T14:36:04.273941+00:00,2026-06-18T14:36:04.890000+00:00,2026-06-18T14:36:09.241747+00:00,,616.1,4967.8,
LOG-03657,2026-06-18T14:36:04.274941+00:00,2026-06-18T14:36:04.892000+00:00,2026-06-18T14:36:09.242040+00:00,,617.1,4967.1,
LOG-03658,2026-06-18T14:36:04.275941+00:00,2026-06-18T14:36:04.894000+00:00,2026-06-18T14:36:09.249636+00:00,,618.1,4973.7,
LOG-03659,2026-06-18T14:36:04.276941+00:00,2026-06-18T14:36:04.896000+00:00,2026-06-18T14:36:09.250113+00:00,,619.1,4973.2,
LOG-03660,2026-06-18T14:36:04.277941+00:00,2026-06-18T14:36:04.898000+00:00,2026-06-18T14:36:09.251836+00:00,,620.1,4973.9,
LOG-03661,2026-06-18T14:36:04.278941+00:00,2026-06-18T14:36:04.900000+00:00,2026-06-18T14:36:09.253679+00:00,,621.1,4974.7,
LOG-03662,2026-06-18T14:36:04.279941+00:00,2026-06-18T14:36:04.902000+00:00,2026-06-18T14:36:09.257107+00:00,,622.1,4977.2,
LOG-03663,2026-06-18T14:36:04.280941+00:00,2026-06-18T14:36:04.904000+00:00,2026-06-18T14:36:09.257311+00:00,,623.1,4976.4,
LOG-03664,2026-06-18T14:36:04.281941+00:00,2026-06-18T14:36:04.906000+00:00,2026-06-18T14:36:09.257417+00:00,,624.1,4975.5,
LOG-03665,2026-06-18T14:36:04.282941+00:00,2026-06-18T14:36:04.908000+00:00,2026-06-18T14:36:09.257516+00:00,,625.1,4974.6,
LOG-03666,2026-06-18T14:36:04.283941+00:00,2026-06-18T14:36:04.910000+00:00,2026-06-18T14:36:09.257608+00:00,,626.1,4973.7,
LOG-03667,2026-06-18T14:36:04.284941+00:00,2026-06-18T14:36:04.912000+00:00,2026-06-18T14:36:09.257697+00:00,,627.1,4972.8,
LOG-03668,2026-06-18T14:36:04.285941+00:00,2026-06-18T14:36:04.914000+00:00,2026-06-18T14:36:09.257784+00:00,,628.1,4971.8,
LOG-03669,2026-06-18T14:36:04.286941+00:00,2026-06-18T14:36:04.916000+00:00,2026-06-18T14:36:09.260921+00:00,,629.1,4974.0,
LOG-03670,2026-06-18T14:36:04.287941+00:00,2026-06-18T14:36:04.918000+00:00,2026-06-18T14:36:09.261460+00:00,,630.1,4973.5,
LOG-03671,2026-06-18T14:36:04.288941+00:00,2026-06-18T14:36:04.920000+00:00,2026-06-18T14:36:09.261822+00:00,,631.1,4972.9,
LOG-03672,2026-06-18T14:36:04.289941+00:00,2026-06-18T14:36:04.922000+00:00,2026-06-18T14:36:09.261956+00:00,,632.1,4972.0,
LOG-03673,2026-06-18T14:36:04.290941+00:00,2026-06-18T14:36:04.924000+00:00,2026-06-18T14:36:09.262124+00:00,,633.1,4971.2,
LOG-03674,2026-06-18T14:36:04.291941+00:00,2026-06-18T14:36:04.926000+00:00,2026-06-18T14:36:09.262222+00:00,,634.1,4970.3,
LOG-03675,2026-06-18T14:36:04.292941+00:00,2026-06-18T14:36:04.928000+00:00,2026-06-18T14:36:09.262321+00:00,,635.1,4969.4,
LOG-03676,2026-06-18T14:36:04.293941+00:00,2026-06-18T14:36:04.930000+00:00,2026-06-18T14:36:09.267868+00:00,,636.1,4973.9,
LOG-03677,2026-06-18T14:36:04.294941+00:00,2026-06-18T14:36:04.932000+00:00,2026-06-18T14:36:09.269983+00:00,,637.1,4975.0,
LOG-03678,2026-06-18T14:36:04.295941+00:00,2026-06-18T14:36:04.934000+00:00,2026-06-18T14:36:09.270347+00:00,,638.1,4974.4,
LOG-03679,2026-06-18T14:36:04.296941+00:00,2026-06-18T14:36:04.936000+00:00,2026-06-18T14:36:09.271263+00:00,,639.1,4974.3,
LOG-03680,2026-06-18T14:36:04.297941+00:00,2026-06-18T14:36:04.938000+00:00,2026-06-18T14:36:09.271847+00:00,,640.1,4973.9,
LOG-03681,2026-06-18T14:36:04.298941+00:00,2026-06-18T14:36:04.940000+00:00,2026-06-18T14:36:09.272947+00:00,,641.1,4974.0,
LOG-03682,2026-06-18T14:36:04.299941+00:00,2026-06-18T14:36:04.942000+00:00,2026-06-18T14:36:09.274034+00:00,,642.1,4974.1,
LOG-03683,2026-06-18T14:36:04.300941+00:00,2026-06-18T14:36:04.944000+00:00,2026-06-18T14:36:09.275013+00:00,,643.1,4974.1,
LOG-03684,2026-06-18T14:36:04.301941+00:00,2026-06-18T14:36:04.946000+00:00,2026-06-18T14:36:09.275852+00:00,,644.1,4973.9,
LOG-03685,2026-06-18T14:36:04.302941+00:00,2026-06-18T14:36:04.948000+00:00,2026-06-18T14:36:09.276939+00:00,,645.1,4974.0,
LOG-03686,2026-06-18T14:36:04.303941+00:00,2026-06-18T14:36:04.950000+00:00,2026-06-18T14:36:09.277797+00:00,,646.1,4973.9,
LOG-03687,2026-06-18T14:36:04.304941+00:00,2026-06-18T14:36:04.952000+00:00,2026-06-18T14:36:09.278988+00:00,,647.1,4974.0,
LOG-03688,2026-06-18T14:36:04.305941+00:00,2026-06-18T14:36:04.954000+00:00,2026-06-18T14:36:09.280528+00:00,,648.1,4974.6,
LOG-03689,2026-06-18T14:36:04.306941+00:00,2026-06-18T14:36:04.956000+00:00,2026-06-18T14:36:09.281634+00:00,,649.1,4974.7,
LOG-03690,2026-06-18T14:36:04.307941+00:00,2026-06-18T14:36:04.958000+00:00,2026-06-18T14:36:09.281809+00:00,,650.1,4973.9,
LOG-03691,2026-06-18T14:36:04.308941+00:00,2026-06-18T14:36:04.960000+00:00,2026-06-18T14:36:09.281923+00:00,,651.1,4973.0,
LOG-03692,2026-06-18T14:36:04.309941+00:00,2026-06-18T14:36:04.962000+00:00,2026-06-18T14:36:09.282018+00:00,,652.1,4972.1,
LOG-03693,2026-06-18T14:36:04.310941+00:00,2026-06-18T14:36:04.964000+00:00,2026-06-18T14:36:09.282106+00:00,,653.1,4971.2,
LOG-03694,2026-06-18T14:36:04.311941+00:00,2026-06-18T14:36:04.966000+00:00,2026-06-18T14:36:09.282194+00:00,,654.1,4970.3,
LOG-03695,2026-06-18T14:36:04.312941+00:00,2026-06-18T14:36:04.969000+00:00,2026-06-18T14:36:09.282629+00:00,,656.1,4969.7,
LOG-03696,2026-06-18T14:36:04.313941+00:00,2026-06-18T14:36:04.970000+00:00,2026-06-18T14:36:09.283277+00:00,,656.1,4969.3,
LOG-03697,2026-06-18T14:36:04.314941+00:00,2026-06-18T14:36:04.972000+00:00,2026-06-18T14:36:09.283444+00:00,,657.1,4968.5,
LOG-03698,2026-06-18T14:36:04.315941+00:00,2026-06-18T14:36:04.974000+00:00,2026-06-18T14:36:09.283556+00:00,,658.1,4967.6,
LOG-03699,2026-06-18T14:36:04.316941+00:00,2026-06-18T14:36:04.976000+00:00,2026-06-18T14:36:09.283900+00:00,,659.1,4967.0,
LOG-03700,2026-06-18T14:36:04.317941+00:00,2026-06-18T14:36:04.978000+00:00,2026-06-18T14:36:09.284049+00:00,,660.1,4966.1,
LOG-03701,2026-06-18T14:36:04.318941+00:00,2026-06-18T14:36:04.980000+00:00,2026-06-18T14:36:09.285309+00:00,,661.1,4966.4,
LOG-03702,2026-06-18T14:36:04.319941+00:00,2026-06-18T14:36:04.982000+00:00,2026-06-18T14:36:09.285965+00:00,,662.1,4966.0,
LOG-03703,2026-06-18T14:36:04.320941+00:00,2026-06-18T14:36:04.984000+00:00,2026-06-18T14:36:09.287547+00:00,,663.1,4966.6,
LOG-03704,2026-06-18T14:36:04.321941+00:00,2026-06-18T14:36:04.986000+00:00,2026-06-18T14:36:09.288599+00:00,,664.1,4966.7,
LOG-03705,2026-06-18T14:36:04.322941+00:00,2026-06-18T14:36:04.988000+00:00,2026-06-18T14:36:09.289461+00:00,,665.1,4966.5,
LOG-03706,2026-06-18T14:36:04.323941+00:00,2026-06-18T14:36:04.990000+00:00,2026-06-18T14:36:09.289952+00:00,,666.1,4966.0,
LOG-03707,2026-06-18T14:36:04.324941+00:00,2026-06-18T14:36:04.992000+00:00,2026-06-18T14:36:09.290555+00:00,,667.1,4965.6,
LOG-03708,2026-06-18T14:36:04.325941+00:00,2026-06-18T14:36:04.994000+00:00,2026-06-18T14:36:09.290862+00:00,,668.1,4964.9,
LOG-03709,2026-06-18T14:36:04.326941+00:00,2026-06-18T14:36:04.996000+00:00,2026-06-18T14:36:09.291622+00:00,,669.1,4964.7,
LOG-03710,2026-06-18T14:36:04.327941+00:00,2026-06-18T14:36:04.998000+00:00,2026-06-18T14:36:09.292192+00:00,,670.1,4964.3,
LOG-03711,2026-06-18T14:36:04.328941+00:00,2026-06-18T14:36:05+00:00,2026-06-18T14:36:09.292578+00:00,,671.1,4963.6,
LOG-03712,2026-06-18T14:36:04.329941+00:00,2026-06-18T14:36:05.002000+00:00,2026-06-18T14:36:09.293148+00:00,,672.1,4963.2,
LOG-03713,2026-06-18T14:36:04.330941+00:00,2026-06-18T14:36:05.004000+00:00,2026-06-18T14:36:09.293593+00:00,,673.1,4962.7,
LOG-03714,2026-06-18T14:36:04.331941+00:00,2026-06-18T14:36:05.006000+00:00,2026-06-18T14:36:09.294191+00:00,,674.1,4962.2,
LOG-03715,2026-06-18T14:36:04.332941+00:00,2026-06-18T14:36:05.008000+00:00,2026-06-18T14:36:09.294555+00:00,,675.1,4961.6,
LOG-03716,2026-06-18T14:36:04.333941+00:00,2026-06-18T14:36:05.012000+00:00,2026-06-18T14:36:09.295317+00:00,,678.1,4961.4,
LOG-03717,2026-06-18T14:36:04.334941+00:00,2026-06-18T14:36:05.013000+00:00,2026-06-18T14:36:09.295988+00:00,,678.1,4961.0,
LOG-03718,2026-06-18T14:36:04.335941+00:00,2026-06-18T14:36:05.014000+00:00,2026-06-18T14:36:09.296457+00:00,,678.1,4960.5,
LOG-03719,2026-06-18T14:36:04.336941+00:00,2026-06-18T14:36:05.016000+00:00,2026-06-18T14:36:09.297201+00:00,,679.1,4960.3,
LOG-03720,2026-06-18T14:36:04.337941+00:00,2026-06-18T14:36:05.018000+00:00,2026-06-18T14:36:09.297642+00:00,,680.1,4959.7,
LOG-03721,2026-06-18T14:36:04.338941+00:00,2026-06-18T14:36:05.020000+00:00,2026-06-18T14:36:09.298534+00:00,,681.1,4959.6,
LOG-03722,2026-06-18T14:36:04.339941+00:00,2026-06-18T14:36:05.022000+00:00,2026-06-18T14:36:09.299221+00:00,,682.1,4959.3,
LOG-03723,2026-06-18T14:36:04.340941+00:00,2026-06-18T14:36:05.024000+00:00,2026-06-18T14:36:09.300171+00:00,,683.1,4959.2,
LOG-03724,2026-06-18T14:36:04.341941+00:00,2026-06-18T14:36:05.026000+00:00,2026-06-18T14:36:09.300601+00:00,,684.1,4958.7,
LOG-03725,2026-06-18T14:36:04.342941+00:00,2026-06-18T14:36:05.028000+00:00,2026-06-18T14:36:09.301433+00:00,,685.1,4958.5,
LOG-03726,2026-06-18T14:36:04.343941+00:00,2026-06-18T14:36:05.030000+00:00,2026-06-18T14:36:09.302312+00:00,,686.1,4958.4,
LOG-03727,2026-06-18T14:36:04.344941+00:00,2026-06-18T14:36:05.032000+00:00,2026-06-18T14:36:09.302833+00:00,,687.1,4957.9,
LOG-03728,2026-06-18T14:36:04.345941+00:00,2026-06-18T14:36:05.034000+00:00,2026-06-18T14:36:09.303403+00:00,,688.1,4957.5,
LOG-03729,2026-06-18T14:36:04.346941+00:00,2026-06-18T14:36:05.036000+00:00,2026-06-18T14:36:09.304135+00:00,,689.1,4957.2,
LOG-03730,2026-06-18T14:36:04.347941+00:00,2026-06-18T14:36:05.038000+00:00,2026-06-18T14:36:09.304663+00:00,,690.1,4956.7,
LOG-03731,2026-06-18T14:36:04.348941+00:00,2026-06-18T14:36:05.040000+00:00,2026-06-18T14:36:09.305315+00:00,,691.1,4956.4,
LOG-03732,2026-06-18T14:36:04.349941+00:00,2026-06-18T14:36:05.042000+00:00,2026-06-18T14:36:09.305732+00:00,,692.1,4955.8,
LOG-03733,2026-06-18T14:36:04.350941+00:00,2026-06-18T14:36:05.044000+00:00,2026-06-18T14:36:09.306313+00:00,,693.1,4955.4,
LOG-03734,2026-06-18T14:36:04.351941+00:00,2026-06-18T14:36:05.046000+00:00,2026-06-18T14:36:09.306631+00:00,,694.1,4954.7,
LOG-03735,2026-06-18T14:36:04.352941+00:00,2026-06-18T14:36:05.048000+00:00,2026-06-18T14:36:09.307168+00:00,,695.1,4954.2,
LOG-03736,2026-06-18T14:36:04.353941+00:00,2026-06-18T14:36:05.050000+00:00,2026-06-18T14:36:09.307523+00:00,,696.1,4953.6,
LOG-03737,2026-06-18T14:36:04.354941+00:00,2026-06-18T14:36:05.052000+00:00,2026-06-18T14:36:09.307992+00:00,,697.1,4953.1,
LOG-03738,2026-06-18T14:36:04.355941+00:00,2026-06-18T14:36:05.054000+00:00,2026-06-18T14:36:09.308405+00:00,,698.1,4952.5,
LOG-03739,2026-06-18T14:36:04.356941+00:00,2026-06-18T14:36:05.056000+00:00,2026-06-18T14:36:09.309011+00:00,,699.1,4952.1,
LOG-03740,2026-06-18T14:36:04.357941+00:00,2026-06-18T14:36:05.058000+00:00,2026-06-18T14:36:09.309374+00:00,,700.1,4951.4,
LOG-03741,2026-06-18T14:36:04.358941+00:00,2026-06-18T14:36:05.060000+00:00,2026-06-18T14:36:09.310100+00:00,,701.1,4951.2,
LOG-03742,2026-06-18T14:36:04.359941+00:00,2026-06-18T14:36:05.062000+00:00,2026-06-18T14:36:09.310644+00:00,,702.1,4950.7,
LOG-03743,2026-06-18T14:36:04.360941+00:00,2026-06-18T14:36:05.064000+00:00,2026-06-18T14:36:09.311003+00:00,,703.1,4950.1,
LOG-03744,2026-06-18T14:36:04.361941+00:00,2026-06-18T14:36:05.066000+00:00,2026-06-18T14:36:09.311865+00:00,,704.1,4949.9,
LOG-03745,2026-06-18T14:36:04.362941+00:00,2026-06-18T14:36:05.068000+00:00,2026-06-18T14:36:09.312778+00:00,,705.1,4949.8,
LOG-03746,2026-06-18T14:36:04.363941+00:00,2026-06-18T14:36:05.070000+00:00,2026-06-18T14:36:09.313687+00:00,,706.1,4949.7,
LOG-03747,2026-06-18T14:36:04.364941+00:00,2026-06-18T14:36:05.072000+00:00,2026-06-18T14:36:09.314206+00:00,,707.1,4949.3,
LOG-03748,2026-06-18T14:36:04.365941+00:00,2026-06-18T14:36:05.074000+00:00,2026-06-18T14:36:09.314500+00:00,,708.1,4948.6,
LOG-03749,2026-06-18T14:36:04.366941+00:00,2026-06-18T14:36:05.076000+00:00,2026-06-18T14:36:09.314947+00:00,,709.1,4948.0,
LOG-03750,2026-06-18T14:36:04.367941+00:00,2026-06-18T14:36:05.078000+00:00,2026-06-18T14:36:09.315248+00:00,,710.1,4947.3,
LOG-03751,2026-06-18T14:36:04.368941+00:00,2026-06-18T14:36:05.080000+00:00,2026-06-18T14:36:09.315955+00:00,,711.1,4947.0,
LOG-03752,2026-06-18T14:36:04.369941+00:00,2026-06-18T14:36:05.082000+00:00,2026-06-18T14:36:09.316649+00:00,,712.1,4946.7,
LOG-03753,2026-06-18T14:36:04.370941+00:00,2026-06-18T14:36:05.084000+00:00,2026-06-18T14:36:09.317177+00:00,,713.1,4946.2,
LOG-03754,2026-06-18T14:36:04.371941+00:00,2026-06-18T14:36:05.086000+00:00,2026-06-18T14:36:09.317459+00:00,,714.1,4945.5,
LOG-03755,2026-06-18T14:36:04.372941+00:00,2026-06-18T14:36:05.088000+00:00,2026-06-18T14:36:09.318150+00:00,,715.1,4945.2,
LOG-03756,2026-06-18T14:36:04.373941+00:00,2026-06-18T14:36:05.090000+00:00,2026-06-18T14:36:09.318861+00:00,,716.1,4944.9,
LOG-03757,2026-06-18T14:36:04.374941+00:00,2026-06-18T14:36:05.092000+00:00,2026-06-18T14:36:09.319592+00:00,,717.1,4944.7,
LOG-03758,2026-06-18T14:36:04.375941+00:00,2026-06-18T14:36:05.094000+00:00,2026-06-18T14:36:09.320170+00:00,,718.1,4944.2,
LOG-03759,2026-06-18T14:36:04.376941+00:00,2026-06-18T14:36:05.096000+00:00,2026-06-18T14:36:09.320552+00:00,,719.1,4943.6,
LOG-03760,2026-06-18T14:36:04.377941+00:00,2026-06-18T14:36:05.098000+00:00,2026-06-18T14:36:09.321601+00:00,,720.1,4943.7,
LOG-03761,2026-06-18T14:36:04.378941+00:00,2026-06-18T14:36:05.100000+00:00,2026-06-18T14:36:09.322559+00:00,,721.1,4943.6,
LOG-03762,2026-06-18T14:36:04.379941+00:00,2026-06-18T14:36:05.101000+00:00,2026-06-18T14:36:09.323115+00:00,,721.1,4943.2,
LOG-03763,2026-06-18T14:36:04.380941+00:00,2026-06-18T14:36:05.103000+00:00,2026-06-18T14:36:09.323526+00:00,,722.1,4942.6,
LOG-03764,2026-06-18T14:36:04.381941+00:00,2026-06-18T14:36:05.105000+00:00,2026-06-18T14:36:09.324110+00:00,,723.1,4942.2,
LOG-03765,2026-06-18T14:36:04.382941+00:00,2026-06-18T14:36:05.107000+00:00,2026-06-18T14:36:09.324540+00:00,,724.1,4941.6,
LOG-03766,2026-06-18T14:36:04.383941+00:00,2026-06-18T14:36:05.109000+00:00,2026-06-18T14:36:09.325147+00:00,,725.1,4941.2,
LOG-03767,2026-06-18T14:36:04.384941+00:00,2026-06-18T14:36:05.111000+00:00,2026-06-18T14:36:09.325546+00:00,,726.1,4940.6,
LOG-03768,2026-06-18T14:36:04.385941+00:00,2026-06-18T14:36:05.113000+00:00,2026-06-18T14:36:09.326070+00:00,,727.1,4940.1,
LOG-03769,2026-06-18T14:36:04.386941+00:00,2026-06-18T14:36:05.115000+00:00,2026-06-18T14:36:09.326403+00:00,,728.1,4939.5,
LOG-03770,2026-06-18T14:36:04.387941+00:00,2026-06-18T14:36:05.117000+00:00,2026-06-18T14:36:09.326914+00:00,,729.1,4939.0,
LOG-03771,2026-06-18T14:36:04.388941+00:00,2026-06-18T14:36:05.119000+00:00,2026-06-18T14:36:09.327392+00:00,,730.1,4938.5,
LOG-03772,2026-06-18T14:36:04.389941+00:00,2026-06-18T14:36:05.121000+00:00,2026-06-18T14:36:09.327922+00:00,,731.1,4938.0,
LOG-03773,2026-06-18T14:36:04.390941+00:00,2026-06-18T14:36:05.123000+00:00,2026-06-18T14:36:09.328286+00:00,,732.1,4937.3,
LOG-03774,2026-06-18T14:36:04.391941+00:00,2026-06-18T14:36:05.125000+00:00,2026-06-18T14:36:09.328870+00:00,,733.1,4936.9,
LOG-03775,2026-06-18T14:36:04.392941+00:00,2026-06-18T14:36:05.127000+00:00,2026-06-18T14:36:09.329354+00:00,,734.1,4936.4,
LOG-03776,2026-06-18T14:36:04.393941+00:00,2026-06-18T14:36:05.129000+00:00,2026-06-18T14:36:09.330344+00:00,,735.1,4936.4,
LOG-03777,2026-06-18T14:36:04.394941+00:00,2026-06-18T14:36:05.131000+00:00,2026-06-18T14:36:09.331328+00:00,,736.1,4936.4,
LOG-03778,2026-06-18T14:36:04.395941+00:00,2026-06-18T14:36:05.133000+00:00,2026-06-18T14:36:09.331840+00:00,,737.1,4935.9,
LOG-03779,2026-06-18T14:36:04.396941+00:00,2026-06-18T14:36:05.135000+00:00,2026-06-18T14:36:09.332240+00:00,,738.1,4935.3,
LOG-03780,2026-06-18T14:36:04.397941+00:00,2026-06-18T14:36:05.137000+00:00,2026-06-18T14:36:09.332733+00:00,,739.1,4934.8,
LOG-03781,2026-06-18T14:36:04.398941+00:00,2026-06-18T14:36:05.139000+00:00,2026-06-18T14:36:09.333111+00:00,,740.1,4934.2,
LOG-03782,2026-06-18T14:36:04.399941+00:00,2026-06-18T14:36:05.141000+00:00,2026-06-18T14:36:09.333753+00:00,,741.1,4933.8,
LOG-03783,2026-06-18T14:36:04.400941+00:00,2026-06-18T14:36:05.143000+00:00,2026-06-18T14:36:09.334130+00:00,,742.1,4933.2,
LOG-03784,2026-06-18T14:36:04.401941+00:00,2026-06-18T14:36:05.145000+00:00,2026-06-18T14:36:09.334713+00:00,,743.1,4932.8,
LOG-03785,2026-06-18T14:36:04.402941+00:00,2026-06-18T14:36:05.147000+00:00,2026-06-18T14:36:09.335076+00:00,,744.1,4932.1,
LOG-03786,2026-06-18T14:36:04.403941+00:00,2026-06-18T14:36:05.149000+00:00,2026-06-18T14:36:09.335598+00:00,,745.1,4931.7,
LOG-03787,2026-06-18T14:36:04.404941+00:00,2026-06-18T14:36:05.151000+00:00,2026-06-18T14:36:09.335893+00:00,,746.1,4931.0,
LOG-03788,2026-06-18T14:36:04.405941+00:00,2026-06-18T14:36:05.153000+00:00,2026-06-18T14:36:09.336715+00:00,,747.1,4930.8,
LOG-03789,2026-06-18T14:36:04.406941+00:00,2026-06-18T14:36:05.155000+00:00,2026-06-18T14:36:09.338205+00:00,,748.1,4931.3,
LOG-03790,2026-06-18T14:36:04.407941+00:00,2026-06-18T14:36:05.157000+00:00,2026-06-18T14:36:09.338673+00:00,,749.1,4930.7,
LOG-03791,2026-06-18T14:36:04.408941+00:00,2026-06-18T14:36:05.158000+00:00,2026-06-18T14:36:09.339171+00:00,,749.1,4930.2,
LOG-03792,2026-06-18T14:36:04.409941+00:00,2026-06-18T14:36:05.160000+00:00,2026-06-18T14:36:09.339529+00:00,,750.1,4929.6,
LOG-03793,2026-06-18T14:36:04.410941+00:00,2026-06-18T14:36:05.162000+00:00,2026-06-18T14:36:09.339990+00:00,,751.1,4929.0,
LOG-03794,2026-06-18T14:36:04.411941+00:00,2026-06-18T14:36:05.164000+00:00,2026-06-18T14:36:09.340278+00:00,,752.1,4928.3,
LOG-03795,2026-06-18T14:36:04.412941+00:00,2026-06-18T14:36:05.166000+00:00,2026-06-18T14:36:09.340891+00:00,,753.1,4927.9,
LOG-03796,2026-06-18T14:36:04.413941+00:00,2026-06-18T14:36:05.168000+00:00,2026-06-18T14:36:09.341274+00:00,,754.1,4927.3,
LOG-03797,2026-06-18T14:36:04.414941+00:00,2026-06-18T14:36:05.170000+00:00,2026-06-18T14:36:09.341694+00:00,,755.1,4926.8,
LOG-03798,2026-06-18T14:36:04.415941+00:00,2026-06-18T14:36:05.172000+00:00,2026-06-18T14:36:09.342432+00:00,,756.1,4926.5,
LOG-03799,2026-06-18T14:36:04.416941+00:00,2026-06-18T14:36:05.174000+00:00,2026-06-18T14:36:09.342908+00:00,,757.1,4926.0,
LOG-03800,2026-06-18T14:36:04.417941+00:00,2026-06-18T14:36:05.176000+00:00,2026-06-18T14:36:09.343265+00:00,,758.1,4925.3,
LOG-03801,2026-06-18T14:36:04.418941+00:00,2026-06-18T14:36:05.178000+00:00,2026-06-18T14:36:09.343806+00:00,,759.1,4924.9,
LOG-03802,2026-06-18T14:36:04.419941+00:00,2026-06-18T14:36:05.180000+00:00,2026-06-18T14:36:09.344169+00:00,,760.1,4924.2,
LOG-03803,2026-06-18T14:36:04.420941+00:00,2026-06-18T14:36:05.182000+00:00,2026-06-18T14:36:09.344941+00:00,,761.1,4924.0,
LOG-03804,2026-06-18T14:36:04.421941+00:00,2026-06-18T14:36:05.184000+00:00,2026-06-18T14:36:09.345838+00:00,,762.1,4923.9,
LOG-03805,2026-06-18T14:36:04.422941+00:00,2026-06-18T14:36:05.186000+00:00,2026-06-18T14:36:09.346473+00:00,,763.1,4923.5,
LOG-03806,2026-06-18T14:36:04.423941+00:00,2026-06-18T14:36:05.188000+00:00,2026-06-18T14:36:09.346844+00:00,,764.1,4922.9,
LOG-03807,2026-06-18T14:36:04.424941+00:00,2026-06-18T14:36:05.190000+00:00,2026-06-18T14:36:09.347334+00:00,,765.1,4922.4,
LOG-03808,2026-06-18T14:36:04.425941+00:00,2026-06-18T14:36:05.192000+00:00,2026-06-18T14:36:09.347664+00:00,,766.1,4921.7,
LOG-03809,2026-06-18T14:36:04.426941+00:00,2026-06-18T14:36:05.194000+00:00,2026-06-18T14:36:09.348176+00:00,,767.1,4921.2,
LOG-03810,2026-06-18T14:36:04.427941+00:00,2026-06-18T14:36:05.196000+00:00,2026-06-18T14:36:09.348467+00:00,,768.1,4920.5,
LOG-03811,2026-06-18T14:36:04.428941+00:00,2026-06-18T14:36:05.198000+00:00,2026-06-18T14:36:09.348875+00:00,,769.1,4919.9,
LOG-03812,2026-06-18T14:36:04.429941+00:00,2026-06-18T14:36:05.200000+00:00,2026-06-18T14:36:09.349331+00:00,,770.1,4919.4,
LOG-03813,2026-06-18T14:36:04.430941+00:00,2026-06-18T14:36:05.202000+00:00,2026-06-18T14:36:09.349905+00:00,,771.1,4919.0,
LOG-03814,2026-06-18T14:36:04.431941+00:00,2026-06-18T14:36:05.204000+00:00,2026-06-18T14:36:09.350290+00:00,,772.1,4918.3,
LOG-03815,2026-06-18T14:36:04.432941+00:00,2026-06-18T14:36:05.206000+00:00,2026-06-18T14:36:09.351074+00:00,,773.1,4918.1,
LOG-03816,2026-06-18T14:36:04.433941+00:00,2026-06-18T14:36:05.208000+00:00,2026-06-18T14:36:09.351537+00:00,,774.1,4917.6,
LOG-03817,2026-06-18T14:36:04.434941+00:00,2026-06-18T14:36:05.210000+00:00,2026-06-18T14:36:09.351854+00:00,,775.1,4916.9,
LOG-03818,2026-06-18T14:36:04.435941+00:00,2026-06-18T14:36:05.212000+00:00,2026-06-18T14:36:09.352478+00:00,,776.1,4916.5,
LOG-03819,2026-06-18T14:36:04.436941+00:00,2026-06-18T14:36:05.214000+00:00,2026-06-18T14:36:09.353254+00:00,,777.1,4916.3,
LOG-03820,2026-06-18T14:36:04.437941+00:00,2026-06-18T14:36:05.216000+00:00,2026-06-18T14:36:09.354237+00:00,,778.1,4916.3,
LOG-03821,2026-06-18T14:36:04.438941+00:00,2026-06-18T14:36:05.218000+00:00,2026-06-18T14:36:09.355260+00:00,,779.1,4916.3,
LOG-03822,2026-06-18T14:36:04.439941+00:00,2026-06-18T14:36:05.220000+00:00,2026-06-18T14:36:09.356057+00:00,2026-06-18T14:36:30.040908+00:00,780.1,4916.1,25601.0
LOG-03823,2026-06-18T14:36:04.440941+00:00,2026-06-18T14:36:05.222000+00:00,2026-06-18T14:36:09.356501+00:00,,781.1,4915.6,
LOG-03824,2026-06-18T14:36:04.441941+00:00,2026-06-18T14:36:05.224000+00:00,2026-06-18T14:36:09.356818+00:00,,782.1,4914.9,
LOG-03825,2026-06-18T14:36:04.442941+00:00,2026-06-18T14:36:05.226000+00:00,2026-06-18T14:36:09.357557+00:00,,783.1,4914.6,
LOG-03826,2026-06-18T14:36:04.443941+00:00,2026-06-18T14:36:05.228000+00:00,2026-06-18T14:36:09.358058+00:00,,784.1,4914.1,
LOG-03827,2026-06-18T14:36:04.444941+00:00,2026-06-18T14:36:05.230000+00:00,2026-06-18T14:36:09.358381+00:00,,785.1,4913.4,
LOG-03828,2026-06-18T14:36:04.445941+00:00,2026-06-18T14:36:05.232000+00:00,2026-06-18T14:36:09.358846+00:00,,786.1,4912.9,
LOG-03829,2026-06-18T14:36:04.446941+00:00,2026-06-18T14:36:05.234000+00:00,2026-06-18T14:36:09.359123+00:00,,787.1,4912.2,
LOG-03830,2026-06-18T14:36:04.447941+00:00,2026-06-18T14:36:05.236000+00:00,2026-06-18T14:36:09.359594+00:00,,788.1,4911.7,
LOG-03831,2026-06-18T14:36:04.448941+00:00,2026-06-18T14:36:05.238000+00:00,2026-06-18T14:36:09.359923+00:00,,789.1,4911.0,
LOG-03832,2026-06-18T14:36:04.449941+00:00,2026-06-18T14:36:05.240000+00:00,2026-06-18T14:36:09.360465+00:00,,790.1,4910.5,
LOG-03833,2026-06-18T14:36:04.450941+00:00,2026-06-18T14:36:05.242000+00:00,2026-06-18T14:36:09.360848+00:00,,791.1,4909.9,
LOG-03834,2026-06-18T14:36:04.451941+00:00,2026-06-18T14:36:05.244000+00:00,2026-06-18T14:36:09.361603+00:00,,792.1,4909.7,
LOG-03835,2026-06-18T14:36:04.452941+00:00,2026-06-18T14:36:05.246000+00:00,2026-06-18T14:36:09.362179+00:00,,793.1,4909.2,
LOG-03836,2026-06-18T14:36:04.453941+00:00,2026-06-18T14:36:05.248000+00:00,2026-06-18T14:36:09.362689+00:00,,794.1,4908.7,
LOG-03837,2026-06-18T14:36:04.454941+00:00,2026-06-18T14:36:05.250000+00:00,2026-06-18T14:36:09.363288+00:00,,795.1,4908.3,
LOG-03838,2026-06-18T14:36:04.455941+00:00,2026-06-18T14:36:05.252000+00:00,2026-06-18T14:36:09.363659+00:00,,796.1,4907.7,
LOG-03839,2026-06-18T14:36:04.456941+00:00,2026-06-18T14:36:05.254000+00:00,2026-06-18T14:36:09.364269+00:00,,797.1,4907.3,
LOG-03840,2026-06-18T14:36:04.457941+00:00,2026-06-18T14:36:05.256000+00:00,2026-06-18T14:36:09.364620+00:00,,798.1,4906.7,
LOG-03841,2026-06-18T14:36:04.458941+00:00,2026-06-18T14:36:05.258000+00:00,2026-06-18T14:36:09.365086+00:00,,799.1,4906.1,
LOG-03842,2026-06-18T14:36:04.459941+00:00,2026-06-18T14:36:05.260000+00:00,2026-06-18T14:36:09.365435+00:00,,800.1,4905.5,
LOG-03843,2026-06-18T14:36:04.460941+00:00,2026-06-18T14:36:05.262000+00:00,2026-06-18T14:36:09.366226+00:00,,801.1,4905.3,
LOG-03844,2026-06-18T14:36:04.461941+00:00,2026-06-18T14:36:05.264000+00:00,2026-06-18T14:36:09.366734+00:00,,802.1,4904.8,
LOG-03845,2026-06-18T14:36:04.462941+00:00,2026-06-18T14:36:05.266000+00:00,2026-06-18T14:36:09.367158+00:00,,803.1,4904.2,
LOG-03846,2026-06-18T14:36:04.463941+00:00,2026-06-18T14:36:05.268000+00:00,2026-06-18T14:36:09.367801+00:00,,804.1,4903.9,
LOG-03847,2026-06-18T14:36:04.464941+00:00,2026-06-18T14:36:05.270000+00:00,2026-06-18T14:36:09.368211+00:00,,805.1,4903.3,
LOG-03848,2026-06-18T14:36:04.465941+00:00,2026-06-18T14:36:05.272000+00:00,2026-06-18T14:36:09.368471+00:00,,806.1,4902.5,
LOG-03849,2026-06-18T14:36:04.466941+00:00,2026-06-18T14:36:05.274000+00:00,2026-06-18T14:36:09.369103+00:00,,807.1,4902.2,
LOG-03850,2026-06-18T14:36:04.467941+00:00,2026-06-18T14:36:05.276000+00:00,2026-06-18T14:36:09.369522+00:00,,808.1,4901.6,
LOG-03851,2026-06-18T14:36:04.468941+00:00,2026-06-18T14:36:05.278000+00:00,2026-06-18T14:36:09.369822+00:00,,809.1,4900.9,
LOG-03852,2026-06-18T14:36:04.469941+00:00,2026-06-18T14:36:05.280000+00:00,2026-06-18T14:36:09.370441+00:00,,810.1,4900.5,
LOG-03853,2026-06-18T14:36:04.470941+00:00,2026-06-18T14:36:05.282000+00:00,2026-06-18T14:36:09.371185+00:00,,811.1,4900.2,
LOG-03854,2026-06-18T14:36:04.471941+00:00,2026-06-18T14:36:05.284000+00:00,2026-06-18T14:36:09.371704+00:00,,812.1,4899.8,
LOG-03855,2026-06-18T14:36:04.472941+00:00,2026-06-18T14:36:05.286000+00:00,2026-06-18T14:36:09.372203+00:00,,813.1,4899.3,
LOG-03856,2026-06-18T14:36:04.473941+00:00,2026-06-18T14:36:05.288000+00:00,2026-06-18T14:36:09.372781+00:00,,814.1,4898.8,
LOG-03857,2026-06-18T14:36:04.474941+00:00,2026-06-18T14:36:05.290000+00:00,2026-06-18T14:36:09.373063+00:00,,815.1,4898.1,
LOG-03858,2026-06-18T14:36:04.475941+00:00,2026-06-18T14:36:05.292000+00:00,2026-06-18T14:36:09.373480+00:00,,816.1,4897.5,
LOG-03859,2026-06-18T14:36:04.476941+00:00,2026-06-18T14:36:05.294000+00:00,2026-06-18T14:36:09.373780+00:00,,817.1,4896.8,
LOG-03860,2026-06-18T14:36:04.477941+00:00,2026-06-18T14:36:05.296000+00:00,2026-06-18T14:36:09.374242+00:00,,818.1,4896.3,
LOG-03861,2026-06-18T14:36:04.478941+00:00,2026-06-18T14:36:05.298000+00:00,2026-06-18T14:36:09.374533+00:00,,819.1,4895.6,
LOG-03862,2026-06-18T14:36:04.479941+00:00,2026-06-18T14:36:05.300000+00:00,2026-06-18T14:36:09.374998+00:00,,820.1,4895.1,
LOG-03863,2026-06-18T14:36:04.480941+00:00,2026-06-18T14:36:05.302000+00:00,2026-06-18T14:36:09.375361+00:00,,821.1,4894.4,
LOG-03864,2026-06-18T14:36:04.481941+00:00,2026-06-18T14:36:05.304000+00:00,2026-06-18T14:36:09.376102+00:00,,822.1,4894.2,
LOG-03865,2026-06-18T14:36:04.482941+00:00,2026-06-18T14:36:05.306000+00:00,2026-06-18T14:36:09.376499+00:00,,823.1,4893.6,
LOG-03866,2026-06-18T14:36:04.483941+00:00,2026-06-18T14:36:05.308000+00:00,2026-06-18T14:36:09.376789+00:00,,824.1,4892.8,
LOG-03867,2026-06-18T14:36:04.484941+00:00,2026-06-18T14:36:05.310000+00:00,2026-06-18T14:36:09.377141+00:00,,825.1,4892.2,
LOG-03868,2026-06-18T14:36:04.485941+00:00,2026-06-18T14:36:05.312000+00:00,2026-06-18T14:36:09.377449+00:00,,826.1,4891.5,
LOG-03869,2026-06-18T14:36:04.486941+00:00,2026-06-18T14:36:05.314000+00:00,2026-06-18T14:36:09.377811+00:00,,827.1,4890.9,
LOG-03870,2026-06-18T14:36:04.487941+00:00,2026-06-18T14:36:05.316000+00:00,2026-06-18T14:36:09.378108+00:00,,828.1,4890.2,
LOG-03871,2026-06-18T14:36:04.488941+00:00,2026-06-18T14:36:05.317000+00:00,2026-06-18T14:36:09.378697+00:00,,828.1,4889.8,
LOG-03872,2026-06-18T14:36:04.489941+00:00,2026-06-18T14:36:05.319000+00:00,2026-06-18T14:36:09.379393+00:00,,829.1,4889.5,
LOG-03873,2026-06-18T14:36:04.490941+00:00,2026-06-18T14:36:05.321000+00:00,2026-06-18T14:36:09.380368+00:00,,830.1,4889.4,
LOG-03874,2026-06-18T14:36:04.491941+00:00,2026-06-18T14:36:05.323000+00:00,2026-06-18T14:36:09.381141+00:00,,831.1,4889.2,
LOG-03875,2026-06-18T14:36:04.492941+00:00,2026-06-18T14:36:05.325000+00:00,2026-06-18T14:36:09.381231+00:00,,832.1,4888.3,
LOG-03876,2026-06-18T14:36:04.493941+00:00,2026-06-18T14:36:05.327000+00:00,2026-06-18T14:36:09.381679+00:00,,833.1,4887.7,
LOG-03877,2026-06-18T14:36:04.494941+00:00,2026-06-18T14:36:05.329000+00:00,2026-06-18T14:36:09.381942+00:00,,834.1,4887.0,
LOG-03878,2026-06-18T14:36:04.495941+00:00,2026-06-18T14:36:05.331000+00:00,2026-06-18T14:36:09.382350+00:00,,835.1,4886.4,
LOG-03879,2026-06-18T14:36:04.496941+00:00,2026-06-18T14:36:05.333000+00:00,2026-06-18T14:36:09.382705+00:00,,836.1,4885.8,
LOG-03880,2026-06-18T14:36:04.497941+00:00,2026-06-18T14:36:05.335000+00:00,2026-06-18T14:36:09.383126+00:00,,837.1,4885.2,
LOG-03881,2026-06-18T14:36:04.498941+00:00,2026-06-18T14:36:05.337000+00:00,2026-06-18T14:36:09.383446+00:00,,838.1,4884.5,
LOG-03882,2026-06-18T14:36:04.499941+00:00,2026-06-18T14:36:05.339000+00:00,2026-06-18T14:36:09.384122+00:00,,839.1,4884.2,
LOG-03883,2026-06-18T14:36:04.500941+00:00,2026-06-18T14:36:05.341000+00:00,2026-06-18T14:36:09.384537+00:00,,840.1,4883.6,
LOG-03884,2026-06-18T14:36:04.501941+00:00,2026-06-18T14:36:05.343000+00:00,2026-06-18T14:36:09.384822+00:00,,841.1,4882.9,
LOG-03885,2026-06-18T14:36:04.502941+00:00,2026-06-18T14:36:05.345000+00:00,2026-06-18T14:36:09.385306+00:00,,842.1,4882.4,
LOG-03886,2026-06-18T14:36:04.503941+00:00,2026-06-18T14:36:05.347000+00:00,2026-06-18T14:36:09.385662+00:00,,843.1,4881.7,
LOG-03887,2026-06-18T14:36:04.504941+00:00,2026-06-18T14:36:05.349000+00:00,2026-06-18T14:36:09.386200+00:00,,844.1,4881.3,
LOG-03888,2026-06-18T14:36:04.505941+00:00,2026-06-18T14:36:05.351000+00:00,2026-06-18T14:36:09.386565+00:00,,845.1,4880.6,
LOG-03889,2026-06-18T14:36:04.506941+00:00,2026-06-18T14:36:05.353000+00:00,2026-06-18T14:36:09.387279+00:00,,846.1,4880.3,
LOG-03890,2026-06-18T14:36:04.507941+00:00,2026-06-18T14:36:05.355000+00:00,2026-06-18T14:36:09.387823+00:00,,847.1,4879.9,
LOG-03891,2026-06-18T14:36:04.508941+00:00,2026-06-18T14:36:05.357000+00:00,2026-06-18T14:36:09.388190+00:00,,848.1,4879.2,
LOG-03892,2026-06-18T14:36:04.509941+00:00,2026-06-18T14:36:05.359000+00:00,2026-06-18T14:36:09.388721+00:00,,849.1,4878.8,
LOG-03893,2026-06-18T14:36:04.510941+00:00,2026-06-18T14:36:05.361000+00:00,2026-06-18T14:36:09.389070+00:00,,850.1,4878.1,
LOG-03894,2026-06-18T14:36:04.511941+00:00,2026-06-18T14:36:05.363000+00:00,2026-06-18T14:36:09.389158+00:00,,851.1,4877.2,
LOG-03895,2026-06-18T14:36:04.512941+00:00,2026-06-18T14:36:05.365000+00:00,2026-06-18T14:36:09.389595+00:00,,852.1,4876.7,
LOG-03896,2026-06-18T14:36:04.513941+00:00,2026-06-18T14:36:05.367000+00:00,2026-06-18T14:36:09.389872+00:00,,853.1,4875.9,
LOG-03897,2026-06-18T14:36:04.514941+00:00,2026-06-18T14:36:05.369000+00:00,2026-06-18T14:36:09.390367+00:00,,854.1,4875.4,
LOG-03898,2026-06-18T14:36:04.515941+00:00,2026-06-18T14:36:05.371000+00:00,2026-06-18T14:36:09.390711+00:00,,855.1,4874.8,
LOG-03899,2026-06-18T14:36:04.516941+00:00,2026-06-18T14:36:05.373000+00:00,2026-06-18T14:36:09.391399+00:00,,856.1,4874.5,
LOG-03900,2026-06-18T14:36:04.517941+00:00,2026-06-18T14:36:05.375000+00:00,2026-06-18T14:36:09.391797+00:00,,857.1,4873.9,
LOG-03901,2026-06-18T14:36:04.518941+00:00,2026-06-18T14:36:05.377000+00:00,2026-06-18T14:36:09.392071+00:00,,858.1,4873.1,
LOG-03902,2026-06-18T14:36:04.519941+00:00,2026-06-18T14:36:05.379000+00:00,2026-06-18T14:36:09.392475+00:00,,859.1,4872.5,
LOG-03903,2026-06-18T14:36:04.520941+00:00,2026-06-18T14:36:05.381000+00:00,2026-06-18T14:36:09.392764+00:00,,860.1,4871.8,
LOG-03904,2026-06-18T14:36:04.521941+00:00,2026-06-18T14:36:05.383000+00:00,2026-06-18T14:36:09.393374+00:00,,861.1,4871.4,
LOG-03905,2026-06-18T14:36:04.522941+00:00,2026-06-18T14:36:05.385000+00:00,2026-06-18T14:36:09.393945+00:00,,862.1,4871.0,
LOG-03906,2026-06-18T14:36:04.523941+00:00,2026-06-18T14:36:05.387000+00:00,2026-06-18T14:36:09.394452+00:00,,863.1,4870.5,
LOG-03907,2026-06-18T14:36:04.524941+00:00,2026-06-18T14:36:05.389000+00:00,2026-06-18T14:36:09.394724+00:00,,864.1,4869.8,
LOG-03908,2026-06-18T14:36:04.525941+00:00,2026-06-18T14:36:05.391000+00:00,2026-06-18T14:36:09.395581+00:00,,865.1,4869.6,
LOG-03909,2026-06-18T14:36:04.526941+00:00,2026-06-18T14:36:05.393000+00:00,2026-06-18T14:36:09.396384+00:00,,866.1,4869.4,
LOG-03910,2026-06-18T14:36:04.527941+00:00,2026-06-18T14:36:05.395000+00:00,2026-06-18T14:36:09.397050+00:00,,867.1,4869.1,
LOG-03911,2026-06-18T14:36:04.528941+00:00,2026-06-18T14:36:05.397000+00:00,2026-06-18T14:36:09.397499+00:00,,868.1,4868.6,
LOG-03912,2026-06-18T14:36:04.529941+00:00,2026-06-18T14:36:05.399000+00:00,2026-06-18T14:36:09.398174+00:00,,869.1,4868.2,
LOG-03913,2026-06-18T14:36:04.530941+00:00,2026-06-18T14:36:05.401000+00:00,2026-06-18T14:36:09.398659+00:00,,870.1,4867.7,
LOG-03914,2026-06-18T14:36:04.531941+00:00,2026-06-18T14:36:05.403000+00:00,2026-06-18T14:36:09.398958+00:00,,871.1,4867.0,
LOG-03915,2026-06-18T14:36:04.532941+00:00,2026-06-18T14:36:05.405000+00:00,2026-06-18T14:36:09.399433+00:00,,872.1,4866.5,
LOG-03916,2026-06-18T14:36:04.533941+00:00,2026-06-18T14:36:05.407000+00:00,2026-06-18T14:36:09.399751+00:00,,873.1,4865.8,
LOG-03917,2026-06-18T14:36:04.534941+00:00,2026-06-18T14:36:05.409000+00:00,2026-06-18T14:36:09.400441+00:00,,874.1,4865.5,
LOG-03918,2026-06-18T14:36:04.535941+00:00,2026-06-18T14:36:05.411000+00:00,2026-06-18T14:36:09.401001+00:00,,875.1,4865.1,
LOG-03919,2026-06-18T14:36:04.536941+00:00,2026-06-18T14:36:05.413000+00:00,2026-06-18T14:36:09.401291+00:00,,876.1,4864.3,
LOG-03920,2026-06-18T14:36:04.537941+00:00,2026-06-18T14:36:05.415000+00:00,2026-06-18T14:36:09.401744+00:00,,877.1,4863.8,
LOG-03921,2026-06-18T14:36:04.538941+00:00,2026-06-18T14:36:05.417000+00:00,2026-06-18T14:36:09.402004+00:00,,878.1,4863.1,
LOG-03922,2026-06-18T14:36:04.539941+00:00,2026-06-18T14:36:05.419000+00:00,2026-06-18T14:36:09.402602+00:00,,879.1,4862.7,
LOG-03923,2026-06-18T14:36:04.540941+00:00,2026-06-18T14:36:05.421000+00:00,2026-06-18T14:36:09.403418+00:00,,880.1,4862.5,
LOG-03924,2026-06-18T14:36:04.541941+00:00,2026-06-18T14:36:05.423000+00:00,2026-06-18T14:36:09.404325+00:00,,881.1,4862.4,
LOG-03925,2026-06-18T14:36:04.542941+00:00,2026-06-18T14:36:05.425000+00:00,2026-06-18T14:36:09.405116+00:00,,882.1,4862.2,
LOG-03926,2026-06-18T14:36:04.543941+00:00,2026-06-18T14:36:05.427000+00:00,2026-06-18T14:36:09.405870+00:00,,883.1,4861.9,
LOG-03927,2026-06-18T14:36:04.544941+00:00,2026-06-18T14:36:05.429000+00:00,2026-06-18T14:36:09.406540+00:00,,884.1,4861.6,
LOG-03928,2026-06-18T14:36:04.545941+00:00,2026-06-18T14:36:05.431000+00:00,2026-06-18T14:36:09.406955+00:00,,885.1,4861.0,
LOG-03929,2026-06-18T14:36:04.546941+00:00,2026-06-18T14:36:05.433000+00:00,2026-06-18T14:36:09.407281+00:00,,886.1,4860.3,
LOG-03930,2026-06-18T14:36:04.547941+00:00,2026-06-18T14:36:05.435000+00:00,2026-06-18T14:36:09.407881+00:00,,887.1,4859.9,
LOG-03931,2026-06-18T14:36:04.548941+00:00,2026-06-18T14:36:05.437000+00:00,2026-06-18T14:36:09.408280+00:00,,888.1,4859.3,
LOG-03932,2026-06-18T14:36:04.549941+00:00,2026-06-18T14:36:05.439000+00:00,2026-06-18T14:36:09.408551+00:00,,889.1,4858.6,
LOG-03933,2026-06-18T14:36:04.550941+00:00,2026-06-18T14:36:05.441000+00:00,2026-06-18T14:36:09.409150+00:00,,890.1,4858.2,
LOG-03934,2026-06-18T14:36:04.551941+00:00,2026-06-18T14:36:05.443000+00:00,2026-06-18T14:36:09.409579+00:00,,891.1,4857.6,
LOG-03935,2026-06-18T14:36:04.552941+00:00,2026-06-18T14:36:05.445000+00:00,2026-06-18T14:36:09.409901+00:00,,892.1,4857.0,
LOG-03936,2026-06-18T14:36:04.553941+00:00,2026-06-18T14:36:05.447000+00:00,2026-06-18T14:36:09.410548+00:00,,893.1,4856.6,
LOG-03937,2026-06-18T14:36:04.554941+00:00,2026-06-18T14:36:05.449000+00:00,2026-06-18T14:36:09.410920+00:00,,894.1,4856.0,
LOG-03938,2026-06-18T14:36:04.555941+00:00,2026-06-18T14:36:05.451000+00:00,2026-06-18T14:36:09.411253+00:00,,895.1,4855.3,
LOG-03939,2026-06-18T14:36:04.556941+00:00,2026-06-18T14:36:05.453000+00:00,2026-06-18T14:36:09.411830+00:00,,896.1,4854.9,
LOG-03940,2026-06-18T14:36:04.557941+00:00,2026-06-18T14:36:05.455000+00:00,2026-06-18T14:36:09.412186+00:00,,897.1,4854.2,
LOG-03941,2026-06-18T14:36:04.558941+00:00,2026-06-18T14:36:05.457000+00:00,2026-06-18T14:36:09.412587+00:00,,898.1,4853.6,
LOG-03942,2026-06-18T14:36:04.559941+00:00,2026-06-18T14:36:05.459000+00:00,2026-06-18T14:36:09.413442+00:00,,899.1,4853.5,
LOG-03943,2026-06-18T14:36:04.560941+00:00,2026-06-18T14:36:05.461000+00:00,2026-06-18T14:36:09.413984+00:00,,900.1,4853.0,
LOG-03944,2026-06-18T14:36:04.561941+00:00,2026-06-18T14:36:05.463000+00:00,2026-06-18T14:36:09.414255+00:00,,901.1,4852.3,
LOG-03945,2026-06-18T14:36:04.562941+00:00,2026-06-18T14:36:05.465000+00:00,2026-06-18T14:36:09.414662+00:00,,902.1,4851.7,
LOG-03946,2026-06-18T14:36:04.563941+00:00,2026-06-18T14:36:05.467000+00:00,2026-06-18T14:36:09.414945+00:00,,903.1,4851.0,
LOG-03947,2026-06-18T14:36:04.564941+00:00,2026-06-18T14:36:05.469000+00:00,2026-06-18T14:36:09.415024+00:00,,904.1,4850.1,
LOG-03948,2026-06-18T14:36:04.565941+00:00,2026-06-18T14:36:05.471000+00:00,2026-06-18T14:36:09.415836+00:00,,905.1,4849.9,
LOG-03949,2026-06-18T14:36:04.566941+00:00,2026-06-18T14:36:05.473000+00:00,2026-06-18T14:36:09.416358+00:00,,906.1,4849.4,
LOG-03950,2026-06-18T14:36:04.567941+00:00,2026-06-18T14:36:05.475000+00:00,2026-06-18T14:36:09.416706+00:00,,907.1,4848.8,
LOG-03951,2026-06-18T14:36:04.568941+00:00,2026-06-18T14:36:05.477000+00:00,2026-06-18T14:36:09.417120+00:00,,908.1,4848.2,
LOG-03952,2026-06-18T14:36:04.569941+00:00,2026-06-18T14:36:05.479000+00:00,2026-06-18T14:36:09.417441+00:00,,909.1,4847.5,
LOG-03953,2026-06-18T14:36:04.570941+00:00,2026-06-18T14:36:05.481000+00:00,2026-06-18T14:36:09.418069+00:00,,910.1,4847.1,
LOG-03954,2026-06-18T14:36:04.571941+00:00,2026-06-18T14:36:05.483000+00:00,2026-06-18T14:36:09.418754+00:00,,911.1,4846.8,
LOG-03955,2026-06-18T14:36:04.572941+00:00,2026-06-18T14:36:05.485000+00:00,2026-06-18T14:36:09.419173+00:00,,912.1,4846.2,
LOG-03956,2026-06-18T14:36:04.573941+00:00,2026-06-18T14:36:05.487000+00:00,2026-06-18T14:36:09.419469+00:00,,913.1,4845.5,
LOG-03957,2026-06-18T14:36:04.574941+00:00,2026-06-18T14:36:05.489000+00:00,2026-06-18T14:36:09.419556+00:00,,914.1,4844.6,
LOG-03958,2026-06-18T14:36:04.575941+00:00,2026-06-18T14:36:05.491000+00:00,2026-06-18T14:36:09.419963+00:00,,915.1,4844.0,
LOG-03959,2026-06-18T14:36:04.576941+00:00,2026-06-18T14:36:05.493000+00:00,2026-06-18T14:36:09.420281+00:00,,916.1,4843.3,
LOG-03960,2026-06-18T14:36:04.577941+00:00,2026-06-18T14:36:05.495000+00:00,2026-06-18T14:36:09.421044+00:00,,917.1,4843.1,
LOG-03961,2026-06-18T14:36:04.578941+00:00,2026-06-18T14:36:05.497000+00:00,2026-06-18T14:36:09.421708+00:00,,918.1,4842.8,
LOG-03962,2026-06-18T14:36:04.579941+00:00,2026-06-18T14:36:05.499000+00:00,2026-06-18T14:36:09.422088+00:00,,919.1,4842.1,
LOG-03963,2026-06-18T14:36:04.580941+00:00,2026-06-18T14:36:05.501000+00:00,2026-06-18T14:36:09.422582+00:00,,920.1,4841.6,
LOG-03964,2026-06-18T14:36:04.581941+00:00,2026-06-18T14:36:05.503000+00:00,2026-06-18T14:36:09.422921+00:00,,921.1,4841.0,
LOG-03965,2026-06-18T14:36:04.582941+00:00,2026-06-18T14:36:05.505000+00:00,2026-06-18T14:36:09.423536+00:00,,922.1,4840.6,
LOG-03966,2026-06-18T14:36:04.583941+00:00,2026-06-18T14:36:05.507000+00:00,2026-06-18T14:36:09.423908+00:00,,923.1,4840.0,
LOG-03967,2026-06-18T14:36:04.584941+00:00,2026-06-18T14:36:05.509000+00:00,2026-06-18T14:36:09.424215+00:00,,924.1,4839.3,
LOG-03968,2026-06-18T14:36:04.585941+00:00,2026-06-18T14:36:05.511000+00:00,2026-06-18T14:36:09.424845+00:00,,925.1,4838.9,
LOG-03969,2026-06-18T14:36:04.586941+00:00,2026-06-18T14:36:05.513000+00:00,2026-06-18T14:36:09.425338+00:00,,926.1,4838.4,
LOG-03970,2026-06-18T14:36:04.587941+00:00,2026-06-18T14:36:05.515000+00:00,2026-06-18T14:36:09.425644+00:00,,927.1,4837.7,
LOG-03971,2026-06-18T14:36:04.588941+00:00,2026-06-18T14:36:05.517000+00:00,2026-06-18T14:36:09.426123+00:00,,928.1,4837.2,
LOG-03972,2026-06-18T14:36:04.589941+00:00,2026-06-18T14:36:05.519000+00:00,2026-06-18T14:36:09.426402+00:00,,929.1,4836.5,
LOG-03973,2026-06-18T14:36:04.590941+00:00,2026-06-18T14:36:05.521000+00:00,2026-06-18T14:36:09.426970+00:00,,930.1,4836.0,
LOG-03974,2026-06-18T14:36:04.591941+00:00,2026-06-18T14:36:05.523000+00:00,2026-06-18T14:36:09.427349+00:00,,931.1,4835.4,
LOG-03975,2026-06-18T14:36:04.592941+00:00,2026-06-18T14:36:05.525000+00:00,2026-06-18T14:36:09.427665+00:00,,932.1,4834.7,
LOG-03976,2026-06-18T14:36:04.593941+00:00,2026-06-18T14:36:05.527000+00:00,2026-06-18T14:36:09.428121+00:00,,933.1,4834.2,
LOG-03977,2026-06-18T14:36:04.594941+00:00,2026-06-18T14:36:05.529000+00:00,2026-06-18T14:36:09.428410+00:00,,934.1,4833.5,
LOG-03978,2026-06-18T14:36:04.595941+00:00,2026-06-18T14:36:05.531000+00:00,2026-06-18T14:36:09.429010+00:00,,935.1,4833.1,
LOG-03979,2026-06-18T14:36:04.596941+00:00,2026-06-18T14:36:05.533000+00:00,2026-06-18T14:36:09.429557+00:00,,936.1,4832.6,
LOG-03980,2026-06-18T14:36:04.597941+00:00,2026-06-18T14:36:05.535000+00:00,2026-06-18T14:36:09.429950+00:00,,937.1,4832.0,
LOG-03981,2026-06-18T14:36:04.598941+00:00,2026-06-18T14:36:05.537000+00:00,2026-06-18T14:36:09.430450+00:00,,938.1,4831.5,
LOG-03982,2026-06-18T14:36:04.599941+00:00,2026-06-18T14:36:05.539000+00:00,2026-06-18T14:36:09.430858+00:00,,939.1,4830.9,
LOG-03983,2026-06-18T14:36:04.600941+00:00,2026-06-18T14:36:05.541000+00:00,2026-06-18T14:36:09.431682+00:00,,940.1,4830.7,
LOG-03984,2026-06-18T14:36:04.601941+00:00,2026-06-18T14:36:05.543000+00:00,2026-06-18T14:36:09.432240+00:00,,941.1,4830.3,
LOG-03985,2026-06-18T14:36:04.602941+00:00,2026-06-18T14:36:05.545000+00:00,2026-06-18T14:36:09.432535+00:00,,942.1,4829.6,
LOG-03986,2026-06-18T14:36:04.603941+00:00,2026-06-18T14:36:05.547000+00:00,2026-06-18T14:36:09.432899+00:00,,943.1,4829.0,
LOG-03987,2026-06-18T14:36:04.604941+00:00,2026-06-18T14:36:05.549000+00:00,2026-06-18T14:36:09.433210+00:00,,944.1,4828.3,
LOG-03988,2026-06-18T14:36:04.605941+00:00,2026-06-18T14:36:05.551000+00:00,2026-06-18T14:36:09.433764+00:00,,945.1,4827.8,
LOG-03989,2026-06-18T14:36:04.606941+00:00,2026-06-18T14:36:05.553000+00:00,2026-06-18T14:36:09.434187+00:00,,946.1,4827.2,
LOG-03990,2026-06-18T14:36:04.607941+00:00,2026-06-18T14:36:05.555000+00:00,2026-06-18T14:36:09.434424+00:00,,947.1,4826.5,
LOG-03991,2026-06-18T14:36:04.608941+00:00,2026-06-18T14:36:05.557000+00:00,2026-06-18T14:36:09.434817+00:00,,948.1,4825.9,
LOG-03992,2026-06-18T14:36:04.609941+00:00,2026-06-18T14:36:05.559000+00:00,2026-06-18T14:36:09.435190+00:00,,949.1,4825.2,
LOG-03993,2026-06-18T14:36:04.610941+00:00,2026-06-18T14:36:05.561000+00:00,2026-06-18T14:36:09.436058+00:00,,950.1,4825.1,
LOG-03994,2026-06-18T14:36:04.611941+00:00,2026-06-18T14:36:05.563000+00:00,2026-06-18T14:36:09.436575+00:00,,951.1,4824.6,
LOG-03995,2026-06-18T14:36:04.612941+00:00,2026-06-18T14:36:05.565000+00:00,2026-06-18T14:36:09.436978+00:00,,952.1,4824.0,
LOG-03996,2026-06-18T14:36:04.613941+00:00,2026-06-18T14:36:05.567000+00:00,2026-06-18T14:36:09.437522+00:00,,953.1,4823.6,
LOG-03997,2026-06-18T14:36:04.614941+00:00,2026-06-18T14:36:05.569000+00:00,2026-06-18T14:36:09.438434+00:00,,954.1,4823.5,
LOG-03998,2026-06-18T14:36:04.615941+00:00,2026-06-18T14:36:05.571000+00:00,2026-06-18T14:36:09.438828+00:00,,955.1,4822.9,
LOG-03999,2026-06-18T14:36:04.616941+00:00,2026-06-18T14:36:05.573000+00:00,2026-06-18T14:36:09.439209+00:00,,956.1,4822.3,
LOG-04000,2026-06-18T14:36:04.617941+00:00,2026-06-18T14:36:05.575000+00:00,2026-06-18T14:36:09.439530+00:00,,957.1,4821.6,
LOG-04001,2026-06-18T14:36:04.618941+00:00,2026-06-18T14:36:05.577000+00:00,2026-06-18T14:36:09.439916+00:00,,958.1,4821.0,
LOG-04002,2026-06-18T14:36:04.619941+00:00,2026-06-18T14:36:05.579000+00:00,2026-06-18T14:36:09.440302+00:00,,959.1,4820.4,
LOG-04003,2026-06-18T14:36:04.620941+00:00,2026-06-18T14:36:05.581000+00:00,2026-06-18T14:36:09.440769+00:00,,960.1,4819.8,
LOG-04004,2026-06-18T14:36:04.621941+00:00,2026-06-18T14:36:05.583000+00:00,2026-06-18T14:36:09.441093+00:00,,961.1,4819.2,
LOG-04005,2026-06-18T14:36:04.622941+00:00,2026-06-18T14:36:05.585000+00:00,2026-06-18T14:36:09.441523+00:00,,962.1,4818.6,
LOG-04006,2026-06-18T14:36:04.623941+00:00,2026-06-18T14:36:05.587000+00:00,2026-06-18T14:36:09.441876+00:00,,963.1,4817.9,
LOG-04007,2026-06-18T14:36:04.624941+00:00,2026-06-18T14:36:05.589000+00:00,2026-06-18T14:36:09.442495+00:00,,964.1,4817.6,
LOG-04008,2026-06-18T14:36:04.625941+00:00,2026-06-18T14:36:05.591000+00:00,2026-06-18T14:36:09.443290+00:00,,965.1,4817.3,
LOG-04009,2026-06-18T14:36:04.626941+00:00,2026-06-18T14:36:05.593000+00:00,2026-06-18T14:36:09.443758+00:00,,966.1,4816.8,
LOG-04010,2026-06-18T14:36:04.627941+00:00,2026-06-18T14:36:05.595000+00:00,2026-06-18T14:36:09.444072+00:00,,967.1,4816.1,
LOG-04011,2026-06-18T14:36:04.628941+00:00,2026-06-18T14:36:05.597000+00:00,2026-06-18T14:36:09.444432+00:00,,968.1,4815.5,
LOG-04012,2026-06-18T14:36:04.629941+00:00,2026-06-18T14:36:05.599000+00:00,2026-06-18T14:36:09.444720+00:00,,969.1,4814.8,
LOG-04013,2026-06-18T14:36:04.630941+00:00,2026-06-18T14:36:05.601000+00:00,2026-06-18T14:36:09.446007+00:00,,970.1,4815.1,
LOG-04014,2026-06-18T14:36:04.631941+00:00,2026-06-18T14:36:05.603000+00:00,2026-06-18T14:36:09.446451+00:00,,971.1,4814.5,
LOG-04015,2026-06-18T14:36:04.632941+00:00,2026-06-18T14:36:05.605000+00:00,2026-06-18T14:36:09.447104+00:00,,972.1,4814.2,
LOG-04016,2026-06-18T14:36:04.633941+00:00,2026-06-18T14:36:05.607000+00:00,2026-06-18T14:36:09.447440+00:00,,973.1,4813.5,
LOG-04017,2026-06-18T14:36:04.634941+00:00,2026-06-18T14:36:05.609000+00:00,2026-06-18T14:36:09.448190+00:00,,974.1,4813.2,
LOG-04018,2026-06-18T14:36:04.635941+00:00,2026-06-18T14:36:05.611000+00:00,2026-06-18T14:36:09.448689+00:00,,975.1,4812.7,
LOG-04019,2026-06-18T14:36:04.636941+00:00,2026-06-18T14:36:05.613000+00:00,2026-06-18T14:36:09.449021+00:00,,976.1,4812.1,
LOG-04020,2026-06-18T14:36:04.637941+00:00,2026-06-18T14:36:05.615000+00:00,2026-06-18T14:36:09.449467+00:00,,977.1,4811.5,
LOG-04021,2026-06-18T14:36:04.638941+00:00,2026-06-18T14:36:05.617000+00:00,2026-06-18T14:36:09.449772+00:00,,978.1,4810.8,
LOG-04022,2026-06-18T14:36:04.639941+00:00,2026-06-18T14:36:05.619000+00:00,2026-06-18T14:36:09.450531+00:00,,979.1,4810.6,
LOG-04023,2026-06-18T14:36:04.640941+00:00,2026-06-18T14:36:05.621000+00:00,2026-06-18T14:36:09.451070+00:00,,980.1,4810.1,
LOG-04024,2026-06-18T14:36:04.641941+00:00,2026-06-18T14:36:05.623000+00:00,2026-06-18T14:36:09.451399+00:00,,981.1,4809.5,
LOG-04025,2026-06-18T14:36:04.642941+00:00,2026-06-18T14:36:05.625000+00:00,2026-06-18T14:36:09.451859+00:00,,982.1,4808.9,
LOG-04026,2026-06-18T14:36:04.643941+00:00,2026-06-18T14:36:05.627000+00:00,2026-06-18T14:36:09.453616+00:00,,983.1,4809.7,
LOG-04027,2026-06-18T14:36:04.644941+00:00,2026-06-18T14:36:05.629000+00:00,2026-06-18T14:36:09.454065+00:00,,984.1,4809.1,
LOG-04028,2026-06-18T14:36:04.645941+00:00,2026-06-18T14:36:05.631000+00:00,2026-06-18T14:36:09.454993+00:00,,985.1,4809.1,
LOG-04029,2026-06-18T14:36:04.646941+00:00,2026-06-18T14:36:05.633000+00:00,2026-06-18T14:36:09.455697+00:00,,986.1,4808.8,
LOG-04030,2026-06-18T14:36:04.647941+00:00,2026-06-18T14:36:05.635000+00:00,2026-06-18T14:36:09.456056+00:00,,987.1,4808.1,
LOG-04031,2026-06-18T14:36:04.648941+00:00,2026-06-18T14:36:05.637000+00:00,2026-06-18T14:36:09.456535+00:00,,988.1,4807.6,
LOG-04032,2026-06-18T14:36:04.649941+00:00,2026-06-18T14:36:05.639000+00:00,2026-06-18T14:36:09.456888+00:00,,989.1,4806.9,
LOG-04033,2026-06-18T14:36:04.650941+00:00,2026-06-18T14:36:05.641000+00:00,2026-06-18T14:36:09.457561+00:00,,990.1,4806.6,
LOG-04034,2026-06-18T14:36:04.651941+00:00,2026-06-18T14:36:05.643000+00:00,2026-06-18T14:36:09.458187+00:00,,991.1,4806.2,
LOG-04035,2026-06-18T14:36:04.652941+00:00,2026-06-18T14:36:05.645000+00:00,2026-06-18T14:36:09.458623+00:00,,992.1,4805.7,
LOG-04036,2026-06-18T14:36:04.653941+00:00,2026-06-18T14:36:05.647000+00:00,2026-06-18T14:36:09.458925+00:00,,993.1,4805.0,
LOG-04037,2026-06-18T14:36:04.654941+00:00,2026-06-18T14:36:05.649000+00:00,2026-06-18T14:36:09.459498+00:00,,994.1,4804.6,
LOG-04038,2026-06-18T14:36:04.655941+00:00,2026-06-18T14:36:05.651000+00:00,2026-06-18T14:36:09.460069+00:00,,995.1,4804.1,
LOG-04039,2026-06-18T14:36:04.656941+00:00,2026-06-18T14:36:05.653000+00:00,2026-06-18T14:36:09.460504+00:00,,996.1,4803.6,
LOG-04040,2026-06-18T14:36:04.657941+00:00,2026-06-18T14:36:05.655000+00:00,2026-06-18T14:36:09.460888+00:00,,997.1,4802.9,
LOG-04041,2026-06-18T14:36:04.658941+00:00,2026-06-18T14:36:05.657000+00:00,2026-06-18T14:36:09.461544+00:00,,998.1,4802.6,
LOG-04042,2026-06-18T14:36:04.659941+00:00,2026-06-18T14:36:05.659000+00:00,2026-06-18T14:36:09.461946+00:00,,999.1,4802.0,
LOG-04043,2026-06-18T14:36:04.660941+00:00,2026-06-18T14:36:05.661000+00:00,2026-06-18T14:36:09.462337+00:00,,1000.1,4801.4,
LOG-04044,2026-06-18T14:36:04.661941+00:00,2026-06-18T14:36:05.663000+00:00,2026-06-18T14:36:09.463221+00:00,,1001.1,4801.3,
LOG-04045,2026-06-18T14:36:04.662941+00:00,2026-06-18T14:36:05.665000+00:00,2026-06-18T14:36:09.463802+00:00,,1002.1,4800.9,
LOG-04046,2026-06-18T14:36:04.663941+00:00,2026-06-18T14:36:05.667000+00:00,2026-06-18T14:36:09.464130+00:00,,1003.1,4800.2,
LOG-04047,2026-06-18T14:36:04.664941+00:00,2026-06-18T14:36:05.669000+00:00,2026-06-18T14:36:09.464728+00:00,,1004.1,4799.8,
LOG-04048,2026-06-18T14:36:04.665941+00:00,2026-06-18T14:36:05.671000+00:00,2026-06-18T14:36:09.465198+00:00,,1005.1,4799.3,
LOG-04049,2026-06-18T14:36:04.666941+00:00,2026-06-18T14:36:05.673000+00:00,2026-06-18T14:36:09.465578+00:00,,1006.1,4798.6,
LOG-04050,2026-06-18T14:36:04.667941+00:00,2026-06-18T14:36:05.675000+00:00,2026-06-18T14:36:09.466018+00:00,,1007.1,4798.1,
LOG-04051,2026-06-18T14:36:04.668941+00:00,2026-06-18T14:36:05.677000+00:00,2026-06-18T14:36:09.466301+00:00,,1008.1,4797.4,
LOG-04052,2026-06-18T14:36:04.669941+00:00,2026-06-18T14:36:05.679000+00:00,2026-06-18T14:36:09.466718+00:00,,1009.1,4796.8,
LOG-04053,2026-06-18T14:36:04.670941+00:00,2026-06-18T14:36:05.681000+00:00,2026-06-18T14:36:09.467041+00:00,,1010.1,4796.1,
LOG-04054,2026-06-18T14:36:04.671941+00:00,2026-06-18T14:36:05.683000+00:00,2026-06-18T14:36:09.467658+00:00,,1011.1,4795.7,
LOG-04055,2026-06-18T14:36:04.672941+00:00,2026-06-18T14:36:05.685000+00:00,2026-06-18T14:36:09.468171+00:00,,1012.1,4795.2,
LOG-04056,2026-06-18T14:36:04.673941+00:00,2026-06-18T14:36:05.687000+00:00,2026-06-18T14:36:09.468519+00:00,,1013.1,4794.6,
LOG-04057,2026-06-18T14:36:04.674941+00:00,2026-06-18T14:36:05.689000+00:00,2026-06-18T14:36:09.469241+00:00,,1014.1,4794.3,
LOG-04058,2026-06-18T14:36:04.675941+00:00,2026-06-18T14:36:05.691000+00:00,2026-06-18T14:36:09.470023+00:00,,1015.1,4794.1,
LOG-04059,2026-06-18T14:36:04.676941+00:00,2026-06-18T14:36:05.693000+00:00,2026-06-18T14:36:09.470830+00:00,,1016.1,4793.9,
LOG-04060,2026-06-18T14:36:04.677941+00:00,2026-06-18T14:36:05.695000+00:00,2026-06-18T14:36:09.471646+00:00,,1017.1,4793.7,
LOG-04061,2026-06-18T14:36:04.678941+00:00,2026-06-18T14:36:05.697000+00:00,2026-06-18T14:36:09.472324+00:00,,1018.1,4793.4,
LOG-04062,2026-06-18T14:36:04.679941+00:00,2026-06-18T14:36:05.699000+00:00,2026-06-18T14:36:09.472714+00:00,,1019.1,4792.8,
LOG-04063,2026-06-18T14:36:04.680941+00:00,2026-06-18T14:36:05.701000+00:00,2026-06-18T14:36:09.473177+00:00,,1020.1,4792.2,
LOG-04064,2026-06-18T14:36:04.681941+00:00,2026-06-18T14:36:05.703000+00:00,2026-06-18T14:36:09.473500+00:00,,1021.1,4791.6,
LOG-04065,2026-06-18T14:36:04.682941+00:00,2026-06-18T14:36:05.705000+00:00,2026-06-18T14:36:09.474116+00:00,,1022.1,4791.2,
LOG-04066,2026-06-18T14:36:04.683941+00:00,2026-06-18T14:36:05.707000+00:00,2026-06-18T14:36:09.474562+00:00,,1023.1,4790.6,
LOG-04067,2026-06-18T14:36:04.684941+00:00,2026-06-18T14:36:05.709000+00:00,2026-06-18T14:36:09.474829+00:00,,1024.1,4789.9,
LOG-04068,2026-06-18T14:36:04.685941+00:00,2026-06-18T14:36:05.711000+00:00,2026-06-18T14:36:09.475475+00:00,,1025.1,4789.5,
LOG-04069,2026-06-18T14:36:04.686941+00:00,2026-06-18T14:36:05.713000+00:00,2026-06-18T14:36:09.475885+00:00,,1026.1,4788.9,
LOG-04070,2026-06-18T14:36:04.687941+00:00,2026-06-18T14:36:05.715000+00:00,2026-06-18T14:36:09.476144+00:00,,1027.1,4788.2,
LOG-04071,2026-06-18T14:36:04.688941+00:00,2026-06-18T14:36:05.717000+00:00,2026-06-18T14:36:09.476773+00:00,,1028.1,4787.8,
LOG-04072,2026-06-18T14:36:04.689941+00:00,2026-06-18T14:36:05.719000+00:00,2026-06-18T14:36:09.477411+00:00,,1029.1,4787.5,
LOG-04073,2026-06-18T14:36:04.690941+00:00,2026-06-18T14:36:05.721000+00:00,2026-06-18T14:36:09.478028+00:00,,1030.1,4787.1,
LOG-04074,2026-06-18T14:36:04.691941+00:00,2026-06-18T14:36:05.723000+00:00,2026-06-18T14:36:09.478388+00:00,,1031.1,4786.4,
LOG-04075,2026-06-18T14:36:04.692941+00:00,2026-06-18T14:36:05.725000+00:00,2026-06-18T14:36:09.478686+00:00,,1032.1,4785.7,
LOG-04076,2026-06-18T14:36:04.693941+00:00,2026-06-18T14:36:05.727000+00:00,2026-06-18T14:36:09.479240+00:00,,1033.1,4785.3,
LOG-04077,2026-06-18T14:36:04.694941+00:00,2026-06-18T14:36:05.729000+00:00,2026-06-18T14:36:09.479819+00:00,,1034.1,4784.9,
LOG-04078,2026-06-18T14:36:04.695941+00:00,2026-06-18T14:36:05.731000+00:00,2026-06-18T14:36:09.480431+00:00,2026-06-18T14:37:00.768544+00:00,1035.1,4784.5,56072.6
LOG-04079,2026-06-18T14:36:04.696941+00:00,2026-06-18T14:36:05.733000+00:00,2026-06-18T14:36:09.480826+00:00,,1036.1,4783.9,
LOG-04080,2026-06-18T14:36:04.697941+00:00,2026-06-18T14:36:05.735000+00:00,2026-06-18T14:36:09.481679+00:00,,1037.1,4783.7,
LOG-04081,2026-06-18T14:36:04.698941+00:00,2026-06-18T14:36:05.737000+00:00,2026-06-18T14:36:09.482233+00:00,,1038.1,4783.3,
LOG-04082,2026-06-18T14:36:04.699941+00:00,2026-06-18T14:36:05.739000+00:00,2026-06-18T14:36:11.595694+00:00,,1039.1,6895.8,
LOG-04083,2026-06-18T14:36:04.700941+00:00,2026-06-18T14:36:05.741000+00:00,2026-06-18T14:36:11.596074+00:00,,1040.1,6895.1,
LOG-04084,2026-06-18T14:36:04.701941+00:00,2026-06-18T14:36:05.743000+00:00,2026-06-18T14:36:11.596892+00:00,,1041.1,6895.0,
LOG-04085,2026-06-18T14:36:04.702941+00:00,2026-06-18T14:36:05.745000+00:00,2026-06-18T14:36:11.597382+00:00,,1042.1,6894.4,
LOG-04086,2026-06-18T14:36:04.703941+00:00,2026-06-18T14:36:05.747000+00:00,2026-06-18T14:36:11.597490+00:00,,1043.1,6893.5,
LOG-04087,2026-06-18T14:36:04.704941+00:00,2026-06-18T14:36:05.749000+00:00,2026-06-18T14:36:11.598072+00:00,,1044.1,6893.1,
LOG-04088,2026-06-18T14:36:04.705941+00:00,2026-06-18T14:36:05.752000+00:00,2026-06-18T14:36:11.598331+00:00,,1046.1,6892.4,
LOG-04089,2026-06-18T14:36:04.706941+00:00,2026-06-18T14:36:05.753000+00:00,2026-06-18T14:36:11.599074+00:00,,1046.1,6892.1,
LOG-04090,2026-06-18T14:36:04.707941+00:00,2026-06-18T14:36:05.755000+00:00,2026-06-18T14:36:11.599614+00:00,,1047.1,6891.7,
LOG-04091,2026-06-18T14:36:04.708941+00:00,2026-06-18T14:36:05.757000+00:00,2026-06-18T14:36:11.600560+00:00,,1048.1,6891.6,
LOG-04092,2026-06-18T14:36:04.709941+00:00,2026-06-18T14:36:05.759000+00:00,2026-06-18T14:36:11.601167+00:00,,1049.1,6891.2,
LOG-04093,2026-06-18T14:36:04.710941+00:00,2026-06-18T14:36:05.761000+00:00,2026-06-18T14:36:11.601706+00:00,,1050.1,6890.8,
LOG-04094,2026-06-18T14:36:04.711941+00:00,2026-06-18T14:36:05.763000+00:00,2026-06-18T14:36:11.602510+00:00,,1051.1,6890.6,
LOG-04095,2026-06-18T14:36:04.712941+00:00,2026-06-18T14:36:05.765000+00:00,2026-06-18T14:36:11.603224+00:00,,1052.1,6890.3,
LOG-04096,2026-06-18T14:36:04.713941+00:00,2026-06-18T14:36:05.767000+00:00,2026-06-18T14:36:11.603679+00:00,,1053.1,6889.7,
LOG-04097,2026-06-18T14:36:04.714941+00:00,2026-06-18T14:36:05.769000+00:00,2026-06-18T14:36:11.604466+00:00,,1054.1,6889.5,
LOG-04098,2026-06-18T14:36:04.715941+00:00,2026-06-18T14:36:05.771000+00:00,2026-06-18T14:36:11.605167+00:00,,1055.1,6889.2,
LOG-04099,2026-06-18T14:36:04.716941+00:00,2026-06-18T14:36:05.773000+00:00,2026-06-18T14:36:11.605846+00:00,,1056.1,6888.9,
LOG-04100,2026-06-18T14:36:04.717941+00:00,2026-06-18T14:36:05.775000+00:00,2026-06-18T14:36:11.606516+00:00,,1057.1,6888.6,
LOG-04101,2026-06-18T14:36:04.718941+00:00,2026-06-18T14:36:05.777000+00:00,2026-06-18T14:36:11.606968+00:00,,1058.1,6888.0,
LOG-04102,2026-06-18T14:36:04.719941+00:00,2026-06-18T14:36:05.779000+00:00,2026-06-18T14:36:11.607272+00:00,,1059.1,6887.3,
LOG-04103,2026-06-18T14:36:04.720941+00:00,2026-06-18T14:36:05.781000+00:00,2026-06-18T14:36:11.607687+00:00,,1060.1,6886.7,
LOG-04104,2026-06-18T14:36:04.721941+00:00,2026-06-18T14:36:05.783000+00:00,2026-06-18T14:36:11.607963+00:00,,1061.1,6886.0,
LOG-04105,2026-06-18T14:36:04.722941+00:00,2026-06-18T14:36:05.785000+00:00,2026-06-18T14:36:11.608460+00:00,,1062.1,6885.5,
LOG-04106,2026-06-18T14:36:04.723941+00:00,2026-06-18T14:36:05.787000+00:00,2026-06-18T14:36:11.608747+00:00,,1063.1,6884.8,
LOG-04107,2026-06-18T14:36:04.724941+00:00,2026-06-18T14:36:05.789000+00:00,2026-06-18T14:36:11.609190+00:00,,1064.1,6884.2,
LOG-04108,2026-06-18T14:36:04.725941+00:00,2026-06-18T14:36:05.791000+00:00,2026-06-18T14:36:11.609444+00:00,,1065.1,6883.5,
LOG-04109,2026-06-18T14:36:04.726941+00:00,2026-06-18T14:36:05.793000+00:00,2026-06-18T14:36:11.610029+00:00,,1066.1,6883.1,
LOG-04110,2026-06-18T14:36:05.819852+00:00,2026-06-18T14:36:05.896000+00:00,2026-06-18T14:36:11.610391+00:00,,76.1,5790.5,
LOG-04111,2026-06-18T14:36:05.820852+00:00,2026-06-18T14:36:05.898000+00:00,2026-06-18T14:36:11.610651+00:00,,77.1,5789.8,
LOG-04112,2026-06-18T14:36:05.821852+00:00,2026-06-18T14:36:05.900000+00:00,2026-06-18T14:36:11.611025+00:00,,78.1,5789.2,
LOG-04113,2026-06-18T14:36:05.822852+00:00,2026-06-18T14:36:05.902000+00:00,2026-06-18T14:36:11.611343+00:00,,79.1,5788.5,
LOG-04114,2026-06-18T14:36:05.823852+00:00,2026-06-18T14:36:05.904000+00:00,2026-06-18T14:36:11.611854+00:00,,80.1,5788.0,
LOG-04115,2026-06-18T14:36:05.824852+00:00,2026-06-18T14:36:05.906000+00:00,2026-06-18T14:36:11.612207+00:00,,81.1,5787.4,
LOG-04116,2026-06-18T14:36:05.825852+00:00,2026-06-18T14:36:05.908000+00:00,2026-06-18T14:36:11.613138+00:00,,82.1,5787.3,
LOG-04117,2026-06-18T14:36:05.826852+00:00,2026-06-18T14:36:05.910000+00:00,2026-06-18T14:36:11.613724+00:00,,83.1,5786.9,
LOG-04118,2026-06-18T14:36:05.827852+00:00,2026-06-18T14:36:05.912000+00:00,2026-06-18T14:36:11.614108+00:00,,84.1,5786.3,
LOG-04119,2026-06-18T14:36:05.828852+00:00,2026-06-18T14:36:05.914000+00:00,2026-06-18T14:36:11.614662+00:00,,85.1,5785.8,
LOG-04120,2026-06-18T14:36:05.829852+00:00,2026-06-18T14:36:05.916000+00:00,2026-06-18T14:36:11.614971+00:00,,86.1,5785.1,
LOG-04121,2026-06-18T14:36:05.830852+00:00,2026-06-18T14:36:05.918000+00:00,2026-06-18T14:36:11.615551+00:00,,87.1,5784.7,
LOG-04122,2026-06-18T14:36:05.831852+00:00,2026-06-18T14:36:05.920000+00:00,2026-06-18T14:36:11.616104+00:00,,88.1,5784.3,
LOG-04123,2026-06-18T14:36:05.832852+00:00,2026-06-18T14:36:05.922000+00:00,2026-06-18T14:36:11.616572+00:00,,89.1,5783.7,
LOG-04124,2026-06-18T14:36:05.833852+00:00,2026-06-18T14:36:05.924000+00:00,2026-06-18T14:36:11.616955+00:00,,90.1,5783.1,
LOG-04125,2026-06-18T14:36:05.834852+00:00,2026-06-18T14:36:05.926000+00:00,2026-06-18T14:36:11.617433+00:00,,91.1,5782.6,
LOG-04126,2026-06-18T14:36:05.835852+00:00,2026-06-18T14:36:05.928000+00:00,2026-06-18T14:36:11.617727+00:00,,92.1,5781.9,
LOG-04127,2026-06-18T14:36:05.836852+00:00,2026-06-18T14:36:05.930000+00:00,2026-06-18T14:36:11.618235+00:00,,93.1,5781.4,
LOG-04128,2026-06-18T14:36:05.837852+00:00,2026-06-18T14:36:05.932000+00:00,2026-06-18T14:36:11.618522+00:00,,94.1,5780.7,
LOG-04129,2026-06-18T14:36:05.838852+00:00,2026-06-18T14:36:05.934000+00:00,2026-06-18T14:36:11.618926+00:00,,95.1,5780.1,
LOG-04130,2026-06-18T14:36:05.839852+00:00,2026-06-18T14:36:05.936000+00:00,2026-06-18T14:36:11.619229+00:00,,96.1,5779.4,
LOG-04131,2026-06-18T14:36:05.840852+00:00,2026-06-18T14:36:05.938000+00:00,2026-06-18T14:36:11.619633+00:00,,97.1,5778.8,
LOG-04132,2026-06-18T14:36:05.841852+00:00,2026-06-18T14:36:05.940000+00:00,2026-06-18T14:36:11.619891+00:00,,98.1,5778.0,
LOG-04133,2026-06-18T14:36:05.842852+00:00,2026-06-18T14:36:05.942000+00:00,2026-06-18T14:36:11.620502+00:00,,99.1,5777.6,
LOG-04134,2026-06-18T14:36:05.843852+00:00,2026-06-18T14:36:05.944000+00:00,2026-06-18T14:36:11.620822+00:00,,100.1,5777.0,
LOG-04135,2026-06-18T14:36:05.844852+00:00,2026-06-18T14:36:05.946000+00:00,2026-06-18T14:36:11.621679+00:00,,101.1,5776.8,
LOG-04136,2026-06-18T14:36:05.845852+00:00,2026-06-18T14:36:05.948000+00:00,2026-06-18T14:36:11.622643+00:00,,102.1,5776.8,
LOG-04137,2026-06-18T14:36:05.846852+00:00,2026-06-18T14:36:05.950000+00:00,2026-06-18T14:36:11.623580+00:00,,103.1,5776.7,
LOG-04138,2026-06-18T14:36:05.847852+00:00,2026-06-18T14:36:05.952000+00:00,2026-06-18T14:36:11.624119+00:00,,104.1,5776.3,
LOG-04139,2026-06-18T14:36:05.848852+00:00,2026-06-18T14:36:05.954000+00:00,2026-06-18T14:36:11.624516+00:00,,105.1,5775.7,
LOG-04140,2026-06-18T14:36:05.849852+00:00,2026-06-18T14:36:05.956000+00:00,2026-06-18T14:36:11.625318+00:00,,106.1,5775.5,
LOG-04141,2026-06-18T14:36:05.850852+00:00,2026-06-18T14:36:05.958000+00:00,2026-06-18T14:36:11.625783+00:00,,107.1,5774.9,
LOG-04142,2026-06-18T14:36:05.851852+00:00,2026-06-18T14:36:05.960000+00:00,2026-06-18T14:36:11.626127+00:00,,108.1,5774.3,
LOG-04143,2026-06-18T14:36:05.852852+00:00,2026-06-18T14:36:05.962000+00:00,2026-06-18T14:36:11.626578+00:00,,109.1,5773.7,
LOG-04144,2026-06-18T14:36:05.853852+00:00,2026-06-18T14:36:05.964000+00:00,2026-06-18T14:36:11.626899+00:00,,110.1,5773.0,
LOG-04145,2026-06-18T14:36:05.854852+00:00,2026-06-18T14:36:05.966000+00:00,2026-06-18T14:36:11.627739+00:00,,111.1,5772.9,
LOG-04146,2026-06-18T14:36:05.855852+00:00,2026-06-18T14:36:05.968000+00:00,2026-06-18T14:36:11.628487+00:00,,112.1,5772.6,
LOG-04147,2026-06-18T14:36:05.856852+00:00,2026-06-18T14:36:05.970000+00:00,2026-06-18T14:36:11.629335+00:00,,113.1,5772.5,
LOG-04148,2026-06-18T14:36:05.857852+00:00,2026-06-18T14:36:05.972000+00:00,2026-06-18T14:36:11.629954+00:00,,114.1,5772.1,
LOG-04149,2026-06-18T14:36:05.858852+00:00,2026-06-18T14:36:05.974000+00:00,2026-06-18T14:36:11.630341+00:00,,115.1,5771.5,
LOG-04150,2026-06-18T14:36:05.859852+00:00,2026-06-18T14:36:05.976000+00:00,2026-06-18T14:36:11.630975+00:00,,116.1,5771.1,
LOG-04151,2026-06-18T14:36:05.860852+00:00,2026-06-18T14:36:05.978000+00:00,2026-06-18T14:36:11.631292+00:00,,117.1,5770.4,
LOG-04152,2026-06-18T14:36:05.861852+00:00,2026-06-18T14:36:05.980000+00:00,2026-06-18T14:36:11.631779+00:00,,118.1,5769.9,
LOG-04153,2026-06-18T14:36:05.862852+00:00,2026-06-18T14:36:05.982000+00:00,2026-06-18T14:36:11.632114+00:00,,119.1,5769.3,
LOG-04154,2026-06-18T14:36:05.863852+00:00,2026-06-18T14:36:05.984000+00:00,2026-06-18T14:36:11.632559+00:00,,120.1,5768.7,
LOG-04155,2026-06-18T14:36:05.864852+00:00,2026-06-18T14:36:05.986000+00:00,2026-06-18T14:36:11.632869+00:00,,121.1,5768.0,
LOG-04156,2026-06-18T14:36:05.865852+00:00,2026-06-18T14:36:05.988000+00:00,2026-06-18T14:36:11.633285+00:00,,122.1,5767.4,
LOG-04157,2026-06-18T14:36:05.866852+00:00,2026-06-18T14:36:05.990000+00:00,2026-06-18T14:36:11.633620+00:00,,123.1,5766.8,
LOG-04158,2026-06-18T14:36:05.867852+00:00,2026-06-18T14:36:05.992000+00:00,2026-06-18T14:36:11.634201+00:00,,124.1,5766.3,
LOG-04159,2026-06-18T14:36:05.868852+00:00,2026-06-18T14:36:05.994000+00:00,2026-06-18T14:36:11.634636+00:00,,125.1,5765.8,
LOG-04160,2026-06-18T14:36:05.869852+00:00,2026-06-18T14:36:05.996000+00:00,2026-06-18T14:36:11.634929+00:00,,126.1,5765.1,
LOG-04161,2026-06-18T14:36:05.870852+00:00,2026-06-18T14:36:05.998000+00:00,2026-06-18T14:36:11.635318+00:00,,127.1,5764.5,
LOG-04162,2026-06-18T14:36:05.871852+00:00,2026-06-18T14:36:06+00:00,2026-06-18T14:36:11.635588+00:00,,128.1,5763.7,
LOG-04163,2026-06-18T14:36:05.872852+00:00,2026-06-18T14:36:06.002000+00:00,2026-06-18T14:36:11.635963+00:00,,129.1,5763.1,
LOG-04164,2026-06-18T14:36:05.873852+00:00,2026-06-18T14:36:06.004000+00:00,2026-06-18T14:36:11.636338+00:00,,130.1,5762.5,
LOG-04165,2026-06-18T14:36:05.874852+00:00,2026-06-18T14:36:06.006000+00:00,2026-06-18T14:36:11.636837+00:00,,131.1,5762.0,
LOG-04166,2026-06-18T14:36:05.875852+00:00,2026-06-18T14:36:06.008000+00:00,2026-06-18T14:36:11.637177+00:00,,132.1,5761.3,
LOG-04167,2026-06-18T14:36:05.876852+00:00,2026-06-18T14:36:06.010000+00:00,2026-06-18T14:36:11.637599+00:00,,133.1,5760.7,
LOG-04168,2026-06-18T14:36:05.877852+00:00,2026-06-18T14:36:06.012000+00:00,2026-06-18T14:36:11.638415+00:00,,134.1,5760.6,
LOG-04169,2026-06-18T14:36:05.878852+00:00,2026-06-18T14:36:06.014000+00:00,2026-06-18T14:36:11.638875+00:00,,135.1,5760.0,
LOG-04170,2026-06-18T14:36:05.879852+00:00,2026-06-18T14:36:06.016000+00:00,2026-06-18T14:36:11.639424+00:00,,136.1,5759.6,
LOG-04171,2026-06-18T14:36:05.880852+00:00,2026-06-18T14:36:06.018000+00:00,2026-06-18T14:36:11.639786+00:00,,137.1,5758.9,
LOG-04172,2026-06-18T14:36:05.881852+00:00,2026-06-18T14:36:06.020000+00:00,2026-06-18T14:36:11.640166+00:00,,138.1,5758.3,
LOG-04173,2026-06-18T14:36:05.882852+00:00,2026-06-18T14:36:06.022000+00:00,2026-06-18T14:36:11.640452+00:00,,139.1,5757.6,
LOG-04174,2026-06-18T14:36:05.883852+00:00,2026-06-18T14:36:06.024000+00:00,2026-06-18T14:36:11.640856+00:00,,140.1,5757.0,
LOG-04175,2026-06-18T14:36:05.884852+00:00,2026-06-18T14:36:06.026000+00:00,2026-06-18T14:36:11.641195+00:00,,141.1,5756.3,
LOG-04176,2026-06-18T14:36:05.885852+00:00,2026-06-18T14:36:06.028000+00:00,2026-06-18T14:36:11.641767+00:00,,142.1,5755.9,
LOG-04177,2026-06-18T14:36:05.886852+00:00,2026-06-18T14:36:06.030000+00:00,2026-06-18T14:36:11.642098+00:00,,143.1,5755.2,
LOG-04178,2026-06-18T14:36:05.887852+00:00,2026-06-18T14:36:06.032000+00:00,2026-06-18T14:36:11.642507+00:00,,144.1,5754.7,
LOG-04179,2026-06-18T14:36:05.888852+00:00,2026-06-18T14:36:06.034000+00:00,2026-06-18T14:36:11.642762+00:00,,145.1,5753.9,
LOG-04180,2026-06-18T14:36:05.889852+00:00,2026-06-18T14:36:06.036000+00:00,2026-06-18T14:36:11.643298+00:00,,146.1,5753.4,
LOG-04181,2026-06-18T14:36:05.890852+00:00,2026-06-18T14:36:06.038000+00:00,2026-06-18T14:36:11.643693+00:00,,147.1,5752.8,
LOG-04182,2026-06-18T14:36:05.891852+00:00,2026-06-18T14:36:06.040000+00:00,2026-06-18T14:36:11.644026+00:00,,148.1,5752.2,
LOG-04183,2026-06-18T14:36:05.892852+00:00,2026-06-18T14:36:06.042000+00:00,2026-06-18T14:36:11.644784+00:00,,149.1,5751.9,
LOG-04184,2026-06-18T14:36:05.893852+00:00,2026-06-18T14:36:06.044000+00:00,2026-06-18T14:36:11.645308+00:00,,150.1,5751.5,
LOG-04185,2026-06-18T14:36:05.894852+00:00,2026-06-18T14:36:06.046000+00:00,2026-06-18T14:36:11.645674+00:00,,151.1,5750.8,
LOG-04186,2026-06-18T14:36:05.895852+00:00,2026-06-18T14:36:06.048000+00:00,2026-06-18T14:36:11.646202+00:00,,152.1,5750.3,
LOG-04187,2026-06-18T14:36:05.896852+00:00,2026-06-18T14:36:06.050000+00:00,2026-06-18T14:36:11.647051+00:00,,153.1,5750.2,
LOG-04188,2026-06-18T14:36:05.897852+00:00,2026-06-18T14:36:06.052000+00:00,2026-06-18T14:36:11.647524+00:00,,154.1,5749.7,
LOG-04189,2026-06-18T14:36:05.898852+00:00,2026-06-18T14:36:06.054000+00:00,2026-06-18T14:36:11.648253+00:00,,155.1,5749.4,
LOG-04190,2026-06-18T14:36:05.899852+00:00,2026-06-18T14:36:06.056000+00:00,2026-06-18T14:36:11.648667+00:00,,156.1,5748.8,
LOG-04191,2026-06-18T14:36:05.900852+00:00,2026-06-18T14:36:06.058000+00:00,2026-06-18T14:36:11.648937+00:00,,157.1,5748.1,
LOG-04192,2026-06-18T14:36:05.901852+00:00,2026-06-18T14:36:06.060000+00:00,2026-06-18T14:36:11.649345+00:00,,158.1,5747.5,
LOG-04193,2026-06-18T14:36:05.902852+00:00,2026-06-18T14:36:06.062000+00:00,2026-06-18T14:36:11.649592+00:00,,159.1,5746.7,
LOG-04194,2026-06-18T14:36:05.903852+00:00,2026-06-18T14:36:06.064000+00:00,2026-06-18T14:36:11.649987+00:00,,160.1,5746.1,
LOG-04195,2026-06-18T14:36:05.904852+00:00,2026-06-18T14:36:06.066000+00:00,2026-06-18T14:36:11.650287+00:00,,161.1,5745.4,
LOG-04196,2026-06-18T14:36:05.905852+00:00,2026-06-18T14:36:06.068000+00:00,2026-06-18T14:36:11.650860+00:00,,162.1,5745.0,
LOG-04197,2026-06-18T14:36:05.906852+00:00,2026-06-18T14:36:06.070000+00:00,2026-06-18T14:36:11.651303+00:00,,163.1,5744.5,
LOG-04198,2026-06-18T14:36:05.907852+00:00,2026-06-18T14:36:06.072000+00:00,2026-06-18T14:36:11.651653+00:00,,164.1,5743.8,
LOG-04199,2026-06-18T14:36:05.908852+00:00,2026-06-18T14:36:06.074000+00:00,2026-06-18T14:36:11.652104+00:00,,165.1,5743.3,
LOG-04200,2026-06-18T14:36:05.909852+00:00,2026-06-18T14:36:06.076000+00:00,2026-06-18T14:36:11.652429+00:00,,166.1,5742.6,
LOG-04201,2026-06-18T14:36:05.910852+00:00,2026-06-18T14:36:06.078000+00:00,2026-06-18T14:36:11.653137+00:00,,167.1,5742.3,
LOG-04202,2026-06-18T14:36:05.911852+00:00,2026-06-18T14:36:06.080000+00:00,2026-06-18T14:36:11.653818+00:00,,168.1,5742.0,
LOG-04203,2026-06-18T14:36:05.912852+00:00,2026-06-18T14:36:06.082000+00:00,2026-06-18T14:36:11.654313+00:00,,169.1,5741.5,
LOG-04204,2026-06-18T14:36:05.913852+00:00,2026-06-18T14:36:06.084000+00:00,2026-06-18T14:36:11.654706+00:00,,170.1,5740.9,
LOG-04205,2026-06-18T14:36:05.914852+00:00,2026-06-18T14:36:06.086000+00:00,2026-06-18T14:36:11.655193+00:00,,171.1,5740.3,
LOG-04206,2026-06-18T14:36:05.915852+00:00,2026-06-18T14:36:06.088000+00:00,2026-06-18T14:36:11.655564+00:00,,172.1,5739.7,
LOG-04207,2026-06-18T14:36:05.916852+00:00,2026-06-18T14:36:06.090000+00:00,2026-06-18T14:36:11.656399+00:00,,173.1,5739.5,
LOG-04208,2026-06-18T14:36:05.917852+00:00,2026-06-18T14:36:06.092000+00:00,2026-06-18T14:36:11.656890+00:00,,174.1,5739.0,
LOG-04209,2026-06-18T14:36:05.918852+00:00,2026-06-18T14:36:06.094000+00:00,2026-06-18T14:36:11.657212+00:00,,175.1,5738.4,
LOG-04210,2026-06-18T14:36:05.919852+00:00,2026-06-18T14:36:06.096000+00:00,2026-06-18T14:36:11.657689+00:00,,176.1,5737.8,
LOG-04211,2026-06-18T14:36:05.920852+00:00,2026-06-18T14:36:06.098000+00:00,2026-06-18T14:36:11.657964+00:00,,177.1,5737.1,
LOG-04212,2026-06-18T14:36:05.921852+00:00,2026-06-18T14:36:06.100000+00:00,2026-06-18T14:36:11.658573+00:00,,178.1,5736.7,
LOG-04213,2026-06-18T14:36:05.922852+00:00,2026-06-18T14:36:06.102000+00:00,2026-06-18T14:36:11.659208+00:00,,179.1,5736.4,
LOG-04214,2026-06-18T14:36:05.923852+00:00,2026-06-18T14:36:06.104000+00:00,2026-06-18T14:36:11.659804+00:00,,180.1,5736.0,
LOG-04215,2026-06-18T14:36:05.924852+00:00,2026-06-18T14:36:06.106000+00:00,2026-06-18T14:36:11.660179+00:00,,181.1,5735.3,
LOG-04216,2026-06-18T14:36:05.925852+00:00,2026-06-18T14:36:06.108000+00:00,2026-06-18T14:36:11.660480+00:00,,182.1,5734.6,
LOG-04217,2026-06-18T14:36:05.926852+00:00,2026-06-18T14:36:06.110000+00:00,2026-06-18T14:36:11.660885+00:00,,183.1,5734.0,
LOG-04218,2026-06-18T14:36:05.927852+00:00,2026-06-18T14:36:06.112000+00:00,2026-06-18T14:36:11.661152+00:00,,184.1,5733.3,
LOG-04219,2026-06-18T14:36:05.928852+00:00,2026-06-18T14:36:06.114000+00:00,2026-06-18T14:36:11.661568+00:00,,185.1,5732.7,
LOG-04220,2026-06-18T14:36:05.929852+00:00,2026-06-18T14:36:06.116000+00:00,2026-06-18T14:36:11.661816+00:00,,186.1,5732.0,
LOG-04221,2026-06-18T14:36:05.930852+00:00,2026-06-18T14:36:06.118000+00:00,2026-06-18T14:36:11.662510+00:00,,187.1,5731.7,
LOG-04222,2026-06-18T14:36:05.931852+00:00,2026-06-18T14:36:06.120000+00:00,2026-06-18T14:36:11.663311+00:00,,188.1,5731.5,
LOG-04223,2026-06-18T14:36:05.932852+00:00,2026-06-18T14:36:06.122000+00:00,2026-06-18T14:36:11.663850+00:00,,189.1,5731.0,
LOG-04224,2026-06-18T14:36:05.933852+00:00,2026-06-18T14:36:06.124000+00:00,2026-06-18T14:36:11.664173+00:00,,190.1,5730.3,
LOG-04225,2026-06-18T14:36:05.934852+00:00,2026-06-18T14:36:06.126000+00:00,2026-06-18T14:36:11.664614+00:00,,191.1,5729.8,
LOG-04226,2026-06-18T14:36:05.935852+00:00,2026-06-18T14:36:06.128000+00:00,2026-06-18T14:36:11.664906+00:00,,192.1,5729.1,
LOG-04227,2026-06-18T14:36:05.936852+00:00,2026-06-18T14:36:06.130000+00:00,2026-06-18T14:36:11.665371+00:00,,193.1,5728.5,
LOG-04228,2026-06-18T14:36:05.937852+00:00,2026-06-18T14:36:06.132000+00:00,2026-06-18T14:36:11.665666+00:00,,194.1,5727.8,
LOG-04229,2026-06-18T14:36:05.938852+00:00,2026-06-18T14:36:06.134000+00:00,2026-06-18T14:36:11.666260+00:00,,195.1,5727.4,
LOG-04230,2026-06-18T14:36:05.939852+00:00,2026-06-18T14:36:06.136000+00:00,2026-06-18T14:36:11.666656+00:00,,196.1,5726.8,
LOG-04231,2026-06-18T14:36:05.940852+00:00,2026-06-18T14:36:06.138000+00:00,2026-06-18T14:36:11.666984+00:00,,197.1,5726.1,
LOG-04232,2026-06-18T14:36:05.941852+00:00,2026-06-18T14:36:06.140000+00:00,2026-06-18T14:36:11.667551+00:00,,198.1,5725.7,
LOG-04233,2026-06-18T14:36:05.942852+00:00,2026-06-18T14:36:06.142000+00:00,2026-06-18T14:36:11.668101+00:00,,199.1,5725.2,
LOG-04234,2026-06-18T14:36:05.943852+00:00,2026-06-18T14:36:06.144000+00:00,2026-06-18T14:36:11.668450+00:00,,200.1,5724.6,
LOG-04235,2026-06-18T14:36:05.944852+00:00,2026-06-18T14:36:06.146000+00:00,2026-06-18T14:36:11.668706+00:00,,201.1,5723.9,
LOG-04236,2026-06-18T14:36:05.945852+00:00,2026-06-18T14:36:06.148000+00:00,2026-06-18T14:36:11.669071+00:00,,202.1,5723.2,
LOG-04237,2026-06-18T14:36:05.946852+00:00,2026-06-18T14:36:06.150000+00:00,2026-06-18T14:36:11.669309+00:00,,203.1,5722.5,
LOG-04238,2026-06-18T14:36:05.947852+00:00,2026-06-18T14:36:06.152000+00:00,2026-06-18T14:36:11.669810+00:00,,204.1,5722.0,
LOG-04239,2026-06-18T14:36:05.948852+00:00,2026-06-18T14:36:06.154000+00:00,2026-06-18T14:36:11.670158+00:00,,205.1,5721.3,
LOG-04240,2026-06-18T14:36:05.949852+00:00,2026-06-18T14:36:06.156000+00:00,2026-06-18T14:36:11.670891+00:00,,206.1,5721.0,
LOG-04241,2026-06-18T14:36:05.950852+00:00,2026-06-18T14:36:06.158000+00:00,2026-06-18T14:36:11.671745+00:00,,207.1,5720.9,
LOG-04242,2026-06-18T14:36:05.951852+00:00,2026-06-18T14:36:06.160000+00:00,2026-06-18T14:36:11.672344+00:00,,208.1,5720.5,
LOG-04243,2026-06-18T14:36:05.952852+00:00,2026-06-18T14:36:06.162000+00:00,2026-06-18T14:36:11.672726+00:00,,209.1,5719.9,
LOG-04244,2026-06-18T14:36:05.953852+00:00,2026-06-18T14:36:06.164000+00:00,2026-06-18T14:36:11.673232+00:00,,210.1,5719.4,
LOG-04245,2026-06-18T14:36:05.954852+00:00,2026-06-18T14:36:06.166000+00:00,2026-06-18T14:36:11.673550+00:00,,211.1,5718.7,
LOG-04246,2026-06-18T14:36:05.955852+00:00,2026-06-18T14:36:06.168000+00:00,2026-06-18T14:36:11.674268+00:00,,212.1,5718.4,
LOG-04247,2026-06-18T14:36:05.956852+00:00,2026-06-18T14:36:06.170000+00:00,2026-06-18T14:36:11.674764+00:00,,213.1,5717.9,
LOG-04248,2026-06-18T14:36:05.957852+00:00,2026-06-18T14:36:06.172000+00:00,2026-06-18T14:36:11.675048+00:00,,214.1,5717.2,
LOG-04249,2026-06-18T14:36:05.958852+00:00,2026-06-18T14:36:06.174000+00:00,2026-06-18T14:36:11.675496+00:00,,215.1,5716.6,
LOG-04250,2026-06-18T14:36:05.959852+00:00,2026-06-18T14:36:06.176000+00:00,2026-06-18T14:36:11.675784+00:00,,216.1,5715.9,
LOG-04251,2026-06-18T14:36:05.960852+00:00,2026-06-18T14:36:06.178000+00:00,2026-06-18T14:36:11.676215+00:00,,217.1,5715.4,
LOG-04252,2026-06-18T14:36:05.961852+00:00,2026-06-18T14:36:06.180000+00:00,2026-06-18T14:36:11.676573+00:00,,218.1,5714.7,
LOG-04253,2026-06-18T14:36:05.962852+00:00,2026-06-18T14:36:06.182000+00:00,2026-06-18T14:36:11.677228+00:00,,219.1,5714.4,
LOG-04254,2026-06-18T14:36:05.963852+00:00,2026-06-18T14:36:06.184000+00:00,2026-06-18T14:36:11.677677+00:00,,220.1,5713.8,
LOG-04255,2026-06-18T14:36:05.964852+00:00,2026-06-18T14:36:06.186000+00:00,2026-06-18T14:36:11.678335+00:00,,221.1,5713.5,
LOG-04256,2026-06-18T14:36:05.965852+00:00,2026-06-18T14:36:06.188000+00:00,2026-06-18T14:36:11.678697+00:00,,222.1,5712.8,
LOG-04257,2026-06-18T14:36:05.966852+00:00,2026-06-18T14:36:06.190000+00:00,2026-06-18T14:36:11.679554+00:00,,223.1,5712.7,
LOG-04258,2026-06-18T14:36:05.967852+00:00,2026-06-18T14:36:06.192000+00:00,2026-06-18T14:36:11.680315+00:00,,224.1,5712.5,
LOG-04259,2026-06-18T14:36:05.968852+00:00,2026-06-18T14:36:06.194000+00:00,2026-06-18T14:36:11.680889+00:00,,225.1,5712.0,
LOG-04260,2026-06-18T14:36:05.969852+00:00,2026-06-18T14:36:06.196000+00:00,2026-06-18T14:36:11.681215+00:00,,226.1,5711.4,
LOG-04261,2026-06-18T14:36:05.970852+00:00,2026-06-18T14:36:06.198000+00:00,2026-06-18T14:36:11.681641+00:00,,227.1,5710.8,
LOG-04262,2026-06-18T14:36:05.971852+00:00,2026-06-18T14:36:06.200000+00:00,2026-06-18T14:36:11.681942+00:00,,228.1,5710.1,
LOG-04263,2026-06-18T14:36:05.972852+00:00,2026-06-18T14:36:06.202000+00:00,2026-06-18T14:36:11.682522+00:00,,229.1,5709.7,
LOG-04264,2026-06-18T14:36:05.973852+00:00,2026-06-18T14:36:06.204000+00:00,2026-06-18T14:36:11.682904+00:00,,230.1,5709.1,
LOG-04265,2026-06-18T14:36:05.974852+00:00,2026-06-18T14:36:06.206000+00:00,2026-06-18T14:36:11.683254+00:00,,231.1,5708.4,
LOG-04266,2026-06-18T14:36:05.975852+00:00,2026-06-18T14:36:06.208000+00:00,2026-06-18T14:36:11.683702+00:00,,232.1,5707.8,
LOG-04267,2026-06-18T14:36:05.976852+00:00,2026-06-18T14:36:06.210000+00:00,2026-06-18T14:36:11.683993+00:00,,233.1,5707.1,
LOG-04268,2026-06-18T14:36:05.977852+00:00,2026-06-18T14:36:06.212000+00:00,2026-06-18T14:36:11.684451+00:00,,234.1,5706.6,
LOG-04269,2026-06-18T14:36:05.978852+00:00,2026-06-18T14:36:06.214000+00:00,2026-06-18T14:36:11.684815+00:00,,235.1,5706.0,
LOG-04270,2026-06-18T14:36:05.979852+00:00,2026-06-18T14:36:06.216000+00:00,2026-06-18T14:36:11.685335+00:00,,236.1,5705.5,
LOG-04271,2026-06-18T14:36:05.980852+00:00,2026-06-18T14:36:06.218000+00:00,2026-06-18T14:36:11.685643+00:00,,237.1,5704.8,
LOG-04272,2026-06-18T14:36:05.981852+00:00,2026-06-18T14:36:06.220000+00:00,2026-06-18T14:36:11.686326+00:00,,238.1,5704.5,
LOG-04273,2026-06-18T14:36:05.982852+00:00,2026-06-18T14:36:06.222000+00:00,2026-06-18T14:36:11.687011+00:00,,239.1,5704.2,
LOG-04274,2026-06-18T14:36:05.983852+00:00,2026-06-18T14:36:06.224000+00:00,2026-06-18T14:36:11.687647+00:00,,240.1,5703.8,
LOG-04275,2026-06-18T14:36:05.984852+00:00,2026-06-18T14:36:06.226000+00:00,2026-06-18T14:36:11.688509+00:00,,241.1,5703.7,
LOG-04276,2026-06-18T14:36:05.985852+00:00,2026-06-18T14:36:06.228000+00:00,2026-06-18T14:36:11.689323+00:00,,242.1,5703.5,
LOG-04277,2026-06-18T14:36:05.986852+00:00,2026-06-18T14:36:06.230000+00:00,2026-06-18T14:36:11.689932+00:00,,243.1,5703.1,
LOG-04278,2026-06-18T14:36:05.987852+00:00,2026-06-18T14:36:06.232000+00:00,2026-06-18T14:36:11.690622+00:00,,244.1,5702.8,
LOG-04279,2026-06-18T14:36:05.988852+00:00,2026-06-18T14:36:06.234000+00:00,2026-06-18T14:36:11.691043+00:00,,245.1,5702.2,
LOG-04280,2026-06-18T14:36:05.989852+00:00,2026-06-18T14:36:06.236000+00:00,2026-06-18T14:36:11.691340+00:00,,246.1,5701.5,
LOG-04281,2026-06-18T14:36:05.990852+00:00,2026-06-18T14:36:06.238000+00:00,2026-06-18T14:36:11.691715+00:00,,247.1,5700.9,
LOG-04282,2026-06-18T14:36:05.991852+00:00,2026-06-18T14:36:06.240000+00:00,2026-06-18T14:36:11.691964+00:00,,248.1,5700.1,
LOG-04283,2026-06-18T14:36:05.992852+00:00,2026-06-18T14:36:06.242000+00:00,2026-06-18T14:36:11.692332+00:00,,249.1,5699.5,
LOG-04284,2026-06-18T14:36:05.993852+00:00,2026-06-18T14:36:06.244000+00:00,2026-06-18T14:36:11.692676+00:00,,250.1,5698.8,
LOG-04285,2026-06-18T14:36:05.994852+00:00,2026-06-18T14:36:06.246000+00:00,2026-06-18T14:36:11.693325+00:00,,251.1,5698.5,
LOG-04286,2026-06-18T14:36:05.995852+00:00,2026-06-18T14:36:06.248000+00:00,2026-06-18T14:36:11.693897+00:00,,252.1,5698.0,
LOG-04287,2026-06-18T14:36:05.996852+00:00,2026-06-18T14:36:06.250000+00:00,2026-06-18T14:36:11.694299+00:00,,253.1,5697.4,
LOG-04288,2026-06-18T14:36:05.997852+00:00,2026-06-18T14:36:06.252000+00:00,2026-06-18T14:36:11.694551+00:00,,254.1,5696.7,
LOG-04289,2026-06-18T14:36:05.998852+00:00,2026-06-18T14:36:06.254000+00:00,2026-06-18T14:36:11.695069+00:00,,255.1,5696.2,
LOG-04290,2026-06-18T14:36:05.999852+00:00,2026-06-18T14:36:06.256000+00:00,2026-06-18T14:36:11.695471+00:00,,256.1,5695.6,
LOG-04291,2026-06-18T14:36:06.000852+00:00,2026-06-18T14:36:06.258000+00:00,2026-06-18T14:36:11.695805+00:00,,257.1,5695.0,
LOG-04292,2026-06-18T14:36:06.001852+00:00,2026-06-18T14:36:06.260000+00:00,2026-06-18T14:36:11.696360+00:00,,258.1,5694.5,
LOG-04293,2026-06-18T14:36:06.002852+00:00,2026-06-18T14:36:06.262000+00:00,2026-06-18T14:36:11.697194+00:00,,259.1,5694.3,
LOG-04294,2026-06-18T14:36:06.003852+00:00,2026-06-18T14:36:06.264000+00:00,2026-06-18T14:36:11.697644+00:00,,260.1,5693.8,
LOG-04295,2026-06-18T14:36:06.004852+00:00,2026-06-18T14:36:06.266000+00:00,2026-06-18T14:36:11.698198+00:00,,261.1,5693.3,
LOG-04296,2026-06-18T14:36:06.005852+00:00,2026-06-18T14:36:06.268000+00:00,2026-06-18T14:36:11.698552+00:00,,262.1,5692.7,
LOG-04297,2026-06-18T14:36:06.006852+00:00,2026-06-18T14:36:06.270000+00:00,2026-06-18T14:36:11.699232+00:00,,263.1,5692.4,
LOG-04298,2026-06-18T14:36:06.007852+00:00,2026-06-18T14:36:06.272000+00:00,2026-06-18T14:36:11.699710+00:00,,264.1,5691.9,
LOG-04299,2026-06-18T14:36:06.008852+00:00,2026-06-18T14:36:06.274000+00:00,2026-06-18T14:36:11.700063+00:00,,265.1,5691.2,
LOG-04300,2026-06-18T14:36:06.009852+00:00,2026-06-18T14:36:06.276000+00:00,2026-06-18T14:36:11.700740+00:00,,266.1,5690.9,
LOG-04301,2026-06-18T14:36:06.010852+00:00,2026-06-18T14:36:06.278000+00:00,2026-06-18T14:36:11.701169+00:00,,267.1,5690.3,
LOG-04302,2026-06-18T14:36:06.011852+00:00,2026-06-18T14:36:06.280000+00:00,2026-06-18T14:36:11.701406+00:00,,268.1,5689.6,
LOG-04303,2026-06-18T14:36:06.012852+00:00,2026-06-18T14:36:06.282000+00:00,2026-06-18T14:36:11.702017+00:00,,269.1,5689.2,
LOG-04304,2026-06-18T14:36:06.013852+00:00,2026-06-18T14:36:06.284000+00:00,2026-06-18T14:36:11.702615+00:00,,270.1,5688.8,
LOG-04305,2026-06-18T14:36:06.014852+00:00,2026-06-18T14:36:06.286000+00:00,2026-06-18T14:36:11.703058+00:00,,271.1,5688.2,
LOG-04306,2026-06-18T14:36:06.015852+00:00,2026-06-18T14:36:06.288000+00:00,2026-06-18T14:36:11.703392+00:00,,272.1,5687.5,
LOG-04307,2026-06-18T14:36:06.016852+00:00,2026-06-18T14:36:06.290000+00:00,2026-06-18T14:36:11.704095+00:00,,273.1,5687.2,
LOG-04308,2026-06-18T14:36:06.017852+00:00,2026-06-18T14:36:06.292000+00:00,2026-06-18T14:36:11.704760+00:00,,274.1,5686.9,
LOG-04309,2026-06-18T14:36:06.018852+00:00,2026-06-18T14:36:06.294000+00:00,2026-06-18T14:36:11.705656+00:00,,275.1,5686.8,
LOG-04310,2026-06-18T14:36:06.019852+00:00,2026-06-18T14:36:06.296000+00:00,2026-06-18T14:36:11.706215+00:00,,276.1,5686.4,
LOG-04311,2026-06-18T14:36:06.020852+00:00,2026-06-18T14:36:06.298000+00:00,2026-06-18T14:36:11.706511+00:00,,277.1,5685.7,
LOG-04312,2026-06-18T14:36:06.021852+00:00,2026-06-18T14:36:06.300000+00:00,2026-06-18T14:36:11.707208+00:00,,278.1,5685.4,
LOG-04313,2026-06-18T14:36:06.022852+00:00,2026-06-18T14:36:06.302000+00:00,2026-06-18T14:36:11.707970+00:00,,279.1,5685.1,
LOG-04314,2026-06-18T14:36:06.023852+00:00,2026-06-18T14:36:06.304000+00:00,2026-06-18T14:36:11.708516+00:00,,280.1,5684.7,
LOG-04315,2026-06-18T14:36:06.024852+00:00,2026-06-18T14:36:06.306000+00:00,2026-06-18T14:36:11.708854+00:00,,281.1,5684.0,
LOG-04316,2026-06-18T14:36:06.025852+00:00,2026-06-18T14:36:06.308000+00:00,2026-06-18T14:36:11.709288+00:00,,282.1,5683.4,
LOG-04317,2026-06-18T14:36:06.026852+00:00,2026-06-18T14:36:06.310000+00:00,2026-06-18T14:36:11.709571+00:00,,283.1,5682.7,
LOG-04318,2026-06-18T14:36:06.027852+00:00,2026-06-18T14:36:06.312000+00:00,2026-06-18T14:36:11.709970+00:00,,284.1,5682.1,
LOG-04319,2026-06-18T14:36:06.028852+00:00,2026-06-18T14:36:06.314000+00:00,2026-06-18T14:36:11.710264+00:00,,285.1,5681.4,
LOG-04320,2026-06-18T14:36:06.029852+00:00,2026-06-18T14:36:06.316000+00:00,2026-06-18T14:36:11.710880+00:00,,286.1,5681.0,
LOG-04321,2026-06-18T14:36:06.030852+00:00,2026-06-18T14:36:06.318000+00:00,2026-06-18T14:36:11.711471+00:00,,287.1,5680.6,
LOG-04322,2026-06-18T14:36:06.031852+00:00,2026-06-18T14:36:06.320000+00:00,2026-06-18T14:36:11.711886+00:00,,288.1,5680.0,
LOG-04323,2026-06-18T14:36:06.032852+00:00,2026-06-18T14:36:06.322000+00:00,2026-06-18T14:36:11.712192+00:00,,289.1,5679.3,
LOG-04324,2026-06-18T14:36:06.033852+00:00,2026-06-18T14:36:06.324000+00:00,2026-06-18T14:36:11.712818+00:00,,290.1,5679.0,
LOG-04325,2026-06-18T14:36:06.034852+00:00,2026-06-18T14:36:06.326000+00:00,2026-06-18T14:36:11.713623+00:00,,291.1,5678.8,
LOG-04326,2026-06-18T14:36:06.035852+00:00,2026-06-18T14:36:06.328000+00:00,2026-06-18T14:36:11.714208+00:00,,292.1,5678.4,
LOG-04327,2026-06-18T14:36:06.036852+00:00,2026-06-18T14:36:06.330000+00:00,2026-06-18T14:36:11.714630+00:00,,293.1,5677.8,
LOG-04328,2026-06-18T14:36:06.037852+00:00,2026-06-18T14:36:06.332000+00:00,2026-06-18T14:36:11.715383+00:00,,294.1,5677.5,
LOG-04329,2026-06-18T14:36:06.038852+00:00,2026-06-18T14:36:06.334000+00:00,2026-06-18T14:36:11.715972+00:00,,295.1,5677.1,
LOG-04330,2026-06-18T14:36:06.039852+00:00,2026-06-18T14:36:06.336000+00:00,2026-06-18T14:36:11.716551+00:00,,296.1,5676.7,
LOG-04331,2026-06-18T14:36:06.040852+00:00,2026-06-18T14:36:06.338000+00:00,2026-06-18T14:36:11.716906+00:00,,297.1,5676.1,
LOG-04332,2026-06-18T14:36:06.041852+00:00,2026-06-18T14:36:06.340000+00:00,2026-06-18T14:36:11.717176+00:00,,298.1,5675.3,
LOG-04333,2026-06-18T14:36:06.042852+00:00,2026-06-18T14:36:06.342000+00:00,2026-06-18T14:36:11.717738+00:00,,299.1,5674.9,
LOG-04334,2026-06-18T14:36:06.043852+00:00,2026-06-18T14:36:06.344000+00:00,2026-06-18T14:36:11.718315+00:00,2026-06-18T14:37:03.808689+00:00,300.1,5674.5,57764.8
LOG-04335,2026-06-18T14:36:06.044852+00:00,2026-06-18T14:36:06.346000+00:00,2026-06-18T14:36:11.718745+00:00,,301.1,5673.9,
LOG-04336,2026-06-18T14:36:06.045852+00:00,2026-06-18T14:36:06.348000+00:00,2026-06-18T14:36:11.719045+00:00,,302.1,5673.2,
LOG-04337,2026-06-18T14:36:06.046852+00:00,2026-06-18T14:36:06.350000+00:00,2026-06-18T14:36:11.719776+00:00,,303.1,5672.9,
LOG-04338,2026-06-18T14:36:06.047852+00:00,2026-06-18T14:36:06.352000+00:00,2026-06-18T14:36:11.720193+00:00,,304.1,5672.3,
LOG-04339,2026-06-18T14:36:06.048852+00:00,2026-06-18T14:36:06.354000+00:00,2026-06-18T14:36:11.720539+00:00,,305.1,5671.7,
LOG-04340,2026-06-18T14:36:06.049852+00:00,2026-06-18T14:36:06.356000+00:00,2026-06-18T14:36:11.721295+00:00,,306.1,5671.4,
LOG-04341,2026-06-18T14:36:06.050852+00:00,2026-06-18T14:36:06.358000+00:00,2026-06-18T14:36:11.721917+00:00,,307.1,5671.1,
LOG-04342,2026-06-18T14:36:06.051852+00:00,2026-06-18T14:36:06.360000+00:00,2026-06-18T14:36:11.722352+00:00,,308.1,5670.5,
LOG-04343,2026-06-18T14:36:06.052852+00:00,2026-06-18T14:36:06.362000+00:00,2026-06-18T14:36:11.723082+00:00,,309.1,5670.2,
LOG-04344,2026-06-18T14:36:06.053852+00:00,2026-06-18T14:36:06.364000+00:00,2026-06-18T14:36:11.723487+00:00,,310.1,5669.6,
LOG-04345,2026-06-18T14:36:06.054852+00:00,2026-06-18T14:36:06.366000+00:00,2026-06-18T14:36:11.723864+00:00,,311.1,5669.0,
LOG-04346,2026-06-18T14:36:06.055852+00:00,2026-06-18T14:36:06.368000+00:00,2026-06-18T14:36:11.724320+00:00,,312.1,5668.5,
LOG-04347,2026-06-18T14:36:06.056852+00:00,2026-06-18T14:36:06.370000+00:00,2026-06-18T14:36:11.724697+00:00,,313.1,5667.8,
LOG-04348,2026-06-18T14:36:06.057852+00:00,2026-06-18T14:36:06.372000+00:00,2026-06-18T14:36:11.725198+00:00,,314.1,5667.3,
LOG-04349,2026-06-18T14:36:06.058852+00:00,2026-06-18T14:36:06.374000+00:00,2026-06-18T14:36:11.725493+00:00,,315.1,5666.6,
LOG-04350,2026-06-18T14:36:06.059852+00:00,2026-06-18T14:36:06.376000+00:00,2026-06-18T14:36:11.725942+00:00,,316.1,5666.1,
LOG-04351,2026-06-18T14:36:06.060852+00:00,2026-06-18T14:36:06.378000+00:00,2026-06-18T14:36:11.726217+00:00,,317.1,5665.4,
LOG-04352,2026-06-18T14:36:06.061852+00:00,2026-06-18T14:36:06.380000+00:00,2026-06-18T14:36:11.726828+00:00,,318.1,5665.0,
LOG-04353,2026-06-18T14:36:06.062852+00:00,2026-06-18T14:36:06.382000+00:00,2026-06-18T14:36:11.727215+00:00,,319.1,5664.4,
LOG-04354,2026-06-18T14:36:06.063852+00:00,2026-06-18T14:36:06.384000+00:00,2026-06-18T14:36:11.727479+00:00,,320.1,5663.6,
LOG-04355,2026-06-18T14:36:06.064852+00:00,2026-06-18T14:36:06.386000+00:00,2026-06-18T14:36:11.727862+00:00,,321.1,5663.0,
LOG-04356,2026-06-18T14:36:06.065852+00:00,2026-06-18T14:36:06.388000+00:00,2026-06-18T14:36:11.728148+00:00,,322.1,5662.3,
LOG-04357,2026-06-18T14:36:06.066852+00:00,2026-06-18T14:36:06.390000+00:00,2026-06-18T14:36:11.729018+00:00,,323.1,5662.2,
LOG-04358,2026-06-18T14:36:06.067852+00:00,2026-06-18T14:36:06.392000+00:00,2026-06-18T14:36:11.729946+00:00,,324.1,5662.1,
LOG-04359,2026-06-18T14:36:06.068852+00:00,2026-06-18T14:36:06.394000+00:00,2026-06-18T14:36:11.730744+00:00,,325.1,5661.9,
LOG-04360,2026-06-18T14:36:06.069852+00:00,2026-06-18T14:36:06.396000+00:00,2026-06-18T14:36:11.731347+00:00,,326.1,5661.5,
LOG-04361,2026-06-18T14:36:06.070852+00:00,2026-06-18T14:36:06.398000+00:00,2026-06-18T14:36:11.731666+00:00,,327.1,5660.8,
LOG-04362,2026-06-18T14:36:06.071852+00:00,2026-06-18T14:36:06.400000+00:00,2026-06-18T14:36:11.732095+00:00,,328.1,5660.2,
LOG-04363,2026-06-18T14:36:06.072852+00:00,2026-06-18T14:36:06.402000+00:00,2026-06-18T14:36:11.732350+00:00,,329.1,5659.5,
LOG-04364,2026-06-18T14:36:06.073852+00:00,2026-06-18T14:36:06.408000+00:00,2026-06-18T14:36:11.733059+00:00,,334.1,5659.2,
LOG-04365,2026-06-18T14:36:06.074852+00:00,2026-06-18T14:36:06.409000+00:00,2026-06-18T14:36:11.733502+00:00,,334.1,5658.6,
LOG-04366,2026-06-18T14:36:06.075852+00:00,2026-06-18T14:36:06.411000+00:00,2026-06-18T14:36:11.733813+00:00,,335.1,5658.0,
LOG-04367,2026-06-18T14:36:06.076852+00:00,2026-06-18T14:36:06.414000+00:00,2026-06-18T14:36:11.734270+00:00,,337.1,5657.4,
LOG-04368,2026-06-18T14:36:06.077852+00:00,2026-06-18T14:36:06.415000+00:00,2026-06-18T14:36:11.734573+00:00,,337.1,5656.7,
LOG-04369,2026-06-18T14:36:06.078852+00:00,2026-06-18T14:36:06.417000+00:00,2026-06-18T14:36:11.734995+00:00,,338.1,5656.1,
LOG-04370,2026-06-18T14:36:06.079852+00:00,2026-06-18T14:36:06.419000+00:00,2026-06-18T14:36:11.735227+00:00,,339.1,5655.4,
LOG-04371,2026-06-18T14:36:06.080852+00:00,2026-06-18T14:36:06.421000+00:00,2026-06-18T14:36:11.735588+00:00,,340.1,5654.7,
LOG-04372,2026-06-18T14:36:06.081852+00:00,2026-06-18T14:36:06.423000+00:00,2026-06-18T14:36:11.735838+00:00,,341.1,5654.0,
LOG-04373,2026-06-18T14:36:06.082852+00:00,2026-06-18T14:36:06.425000+00:00,2026-06-18T14:36:11.736277+00:00,,342.1,5653.4,
LOG-04374,2026-06-18T14:36:06.083852+00:00,2026-06-18T14:36:06.427000+00:00,2026-06-18T14:36:11.736569+00:00,,343.1,5652.7,
LOG-04375,2026-06-18T14:36:06.084852+00:00,2026-06-18T14:36:06.430000+00:00,2026-06-18T14:36:11.736972+00:00,,345.1,5652.1,
LOG-04376,2026-06-18T14:36:06.085852+00:00,2026-06-18T14:36:06.432000+00:00,2026-06-18T14:36:11.737299+00:00,,346.1,5651.4,
LOG-04377,2026-06-18T14:36:06.086852+00:00,2026-06-18T14:36:06.433000+00:00,2026-06-18T14:36:11.738071+00:00,,346.1,5651.2,
LOG-04378,2026-06-18T14:36:06.087852+00:00,2026-06-18T14:36:06.435000+00:00,2026-06-18T14:36:11.738936+00:00,,347.1,5651.1,
LOG-04379,2026-06-18T14:36:06.088852+00:00,2026-06-18T14:36:06.437000+00:00,2026-06-18T14:36:11.739577+00:00,,348.1,5650.7,
LOG-04380,2026-06-18T14:36:06.089852+00:00,2026-06-18T14:36:06.439000+00:00,2026-06-18T14:36:11.739947+00:00,,349.1,5650.1,
LOG-04381,2026-06-18T14:36:06.090852+00:00,2026-06-18T14:36:06.441000+00:00,2026-06-18T14:36:11.740399+00:00,,350.1,5649.5,
LOG-04382,2026-06-18T14:36:06.091852+00:00,2026-06-18T14:36:06.443000+00:00,2026-06-18T14:36:11.740681+00:00,,351.1,5648.8,
LOG-04383,2026-06-18T14:36:06.092852+00:00,2026-06-18T14:36:06.445000+00:00,2026-06-18T14:36:11.741089+00:00,,352.1,5648.2,
LOG-04384,2026-06-18T14:36:06.093852+00:00,2026-06-18T14:36:06.447000+00:00,2026-06-18T14:36:11.741389+00:00,,353.1,5647.5,
LOG-04385,2026-06-18T14:36:06.094852+00:00,2026-06-18T14:36:06.449000+00:00,2026-06-18T14:36:11.741949+00:00,,354.1,5647.1,
LOG-04386,2026-06-18T14:36:06.095852+00:00,2026-06-18T14:36:06.451000+00:00,2026-06-18T14:36:11.742694+00:00,,355.1,5646.8,
LOG-04387,2026-06-18T14:36:06.096852+00:00,2026-06-18T14:36:06.454000+00:00,2026-06-18T14:36:11.743173+00:00,,357.1,5646.3,
LOG-04388,2026-06-18T14:36:06.097852+00:00,2026-06-18T14:36:06.456000+00:00,2026-06-18T14:36:11.743509+00:00,,358.1,5645.7,
LOG-04389,2026-06-18T14:36:06.098852+00:00,2026-06-18T14:36:06.458000+00:00,2026-06-18T14:36:11.743935+00:00,,359.1,5645.1,
LOG-04390,2026-06-18T14:36:06.099852+00:00,2026-06-18T14:36:06.460000+00:00,2026-06-18T14:36:11.744237+00:00,,360.1,5644.4,
LOG-04391,2026-06-18T14:36:06.100852+00:00,2026-06-18T14:36:06.461000+00:00,2026-06-18T14:36:11.744650+00:00,,360.1,5643.8,
LOG-04392,2026-06-18T14:36:06.101852+00:00,2026-06-18T14:36:06.463000+00:00,2026-06-18T14:36:11.744891+00:00,,361.1,5643.0,
LOG-04393,2026-06-18T14:36:06.102852+00:00,2026-06-18T14:36:06.465000+00:00,2026-06-18T14:36:11.745274+00:00,,362.1,5642.4,
LOG-04394,2026-06-18T14:36:06.103852+00:00,2026-06-18T14:36:06.467000+00:00,2026-06-18T14:36:11.745388+00:00,,363.1,5641.5,
LOG-04395,2026-06-18T14:36:06.104852+00:00,2026-06-18T14:36:06.469000+00:00,2026-06-18T14:36:11.745644+00:00,,364.1,5640.8,
LOG-04396,2026-06-18T14:36:06.105852+00:00,2026-06-18T14:36:06.471000+00:00,2026-06-18T14:36:11.746368+00:00,,365.1,5640.5,
LOG-04397,2026-06-18T14:36:06.106852+00:00,2026-06-18T14:36:06.473000+00:00,2026-06-18T14:36:11.747569+00:00,,366.1,5640.7,
LOG-04398,2026-06-18T14:36:06.107852+00:00,2026-06-18T14:36:06.475000+00:00,2026-06-18T14:36:11.747939+00:00,,367.1,5640.1,
LOG-04399,2026-06-18T14:36:06.108852+00:00,2026-06-18T14:36:06.477000+00:00,2026-06-18T14:36:11.748435+00:00,,368.1,5639.6,
LOG-04400,2026-06-18T14:36:06.109852+00:00,2026-06-18T14:36:06.479000+00:00,2026-06-18T14:36:11.748799+00:00,,369.1,5638.9,
LOG-04401,2026-06-18T14:36:06.110852+00:00,2026-06-18T14:36:06.481000+00:00,2026-06-18T14:36:11.749288+00:00,,370.1,5638.4,
LOG-04402,2026-06-18T14:36:06.111852+00:00,2026-06-18T14:36:06.483000+00:00,2026-06-18T14:36:11.749700+00:00,,371.1,5637.8,
LOG-04403,2026-06-18T14:36:06.112852+00:00,2026-06-18T14:36:06.485000+00:00,2026-06-18T14:36:11.750403+00:00,,372.1,5637.6,
LOG-04404,2026-06-18T14:36:06.113852+00:00,2026-06-18T14:36:06.487000+00:00,2026-06-18T14:36:11.750828+00:00,,373.1,5637.0,
LOG-04405,2026-06-18T14:36:06.114852+00:00,2026-06-18T14:36:06.489000+00:00,2026-06-18T14:36:11.751081+00:00,,374.1,5636.2,
LOG-04406,2026-06-18T14:36:06.115852+00:00,2026-06-18T14:36:06.492000+00:00,2026-06-18T14:36:11.751621+00:00,,376.1,5635.8,
LOG-04407,2026-06-18T14:36:06.116852+00:00,2026-06-18T14:36:06.493000+00:00,2026-06-18T14:36:11.751986+00:00,,376.1,5635.1,
LOG-04408,2026-06-18T14:36:06.117852+00:00,2026-06-18T14:36:06.495000+00:00,2026-06-18T14:36:11.752278+00:00,,377.1,5634.4,
LOG-04409,2026-06-18T14:36:06.118852+00:00,2026-06-18T14:36:06.497000+00:00,2026-06-18T14:36:11.752649+00:00,,378.1,5633.8,
LOG-04410,2026-06-18T14:36:06.119852+00:00,2026-06-18T14:36:06.499000+00:00,2026-06-18T14:36:11.752910+00:00,,379.1,5633.1,
LOG-04411,2026-06-18T14:36:06.120852+00:00,2026-06-18T14:36:06.501000+00:00,2026-06-18T14:36:11.753339+00:00,,380.1,5632.5,
LOG-04412,2026-06-18T14:36:06.121852+00:00,2026-06-18T14:36:06.503000+00:00,2026-06-18T14:36:11.753642+00:00,,381.1,5631.8,
LOG-04413,2026-06-18T14:36:06.122852+00:00,2026-06-18T14:36:06.505000+00:00,2026-06-18T14:36:11.754041+00:00,,382.1,5631.2,
LOG-04414,2026-06-18T14:36:06.123852+00:00,2026-06-18T14:36:06.508000+00:00,2026-06-18T14:36:11.754349+00:00,,384.1,5630.5,
LOG-04415,2026-06-18T14:36:06.124852+00:00,2026-06-18T14:36:06.509000+00:00,2026-06-18T14:36:11.754815+00:00,,384.1,5630.0,
LOG-04416,2026-06-18T14:36:06.125852+00:00,2026-06-18T14:36:06.512000+00:00,2026-06-18T14:36:11.755618+00:00,,386.1,5629.8,
LOG-04417,2026-06-18T14:36:06.126852+00:00,2026-06-18T14:36:06.513000+00:00,2026-06-18T14:36:11.756076+00:00,,386.1,5629.2,
LOG-04418,2026-06-18T14:36:06.127852+00:00,2026-06-18T14:36:06.515000+00:00,2026-06-18T14:36:11.756852+00:00,,387.1,5629.0,
LOG-04419,2026-06-18T14:36:06.128852+00:00,2026-06-18T14:36:06.517000+00:00,2026-06-18T14:36:11.757285+00:00,,388.1,5628.4,
LOG-04420,2026-06-18T14:36:06.129852+00:00,2026-06-18T14:36:06.519000+00:00,2026-06-18T14:36:11.757546+00:00,,389.1,5627.7,
LOG-04421,2026-06-18T14:36:06.130852+00:00,2026-06-18T14:36:06.521000+00:00,2026-06-18T14:36:11.757942+00:00,,390.1,5627.1,
LOG-04422,2026-06-18T14:36:06.131852+00:00,2026-06-18T14:36:06.523000+00:00,2026-06-18T14:36:11.758253+00:00,,391.1,5626.4,
LOG-04423,2026-06-18T14:36:06.132852+00:00,2026-06-18T14:36:06.525000+00:00,2026-06-18T14:36:11.758740+00:00,,392.1,5625.9,
LOG-04424,2026-06-18T14:36:06.133852+00:00,2026-06-18T14:36:06.527000+00:00,2026-06-18T14:36:11.759008+00:00,,393.1,5625.2,
LOG-04425,2026-06-18T14:36:06.134852+00:00,2026-06-18T14:36:06.529000+00:00,2026-06-18T14:36:11.759413+00:00,,394.1,5624.6,
LOG-04426,2026-06-18T14:36:06.135852+00:00,2026-06-18T14:36:06.531000+00:00,2026-06-18T14:36:11.759646+00:00,,395.1,5623.8,
LOG-04427,2026-06-18T14:36:06.136852+00:00,2026-06-18T14:36:06.533000+00:00,2026-06-18T14:36:11.760051+00:00,,396.1,5623.2,
LOG-04428,2026-06-18T14:36:06.137852+00:00,2026-06-18T14:36:06.535000+00:00,2026-06-18T14:36:11.760313+00:00,,397.1,5622.5,
LOG-04429,2026-06-18T14:36:06.138852+00:00,2026-06-18T14:36:06.540000+00:00,2026-06-18T14:36:11.760938+00:00,,401.1,5622.1,
LOG-04430,2026-06-18T14:36:06.139852+00:00,2026-06-18T14:36:06.542000+00:00,2026-06-18T14:36:11.761355+00:00,,402.1,5621.5,
LOG-04431,2026-06-18T14:36:06.140852+00:00,2026-06-18T14:36:06.543000+00:00,2026-06-18T14:36:11.761646+00:00,,402.1,5620.8,
LOG-04432,2026-06-18T14:36:06.141852+00:00,2026-06-18T14:36:06.545000+00:00,2026-06-18T14:36:11.762296+00:00,,403.1,5620.4,
LOG-04433,2026-06-18T14:36:06.142852+00:00,2026-06-18T14:36:06.547000+00:00,2026-06-18T14:36:11.763033+00:00,,404.1,5620.2,
LOG-04434,2026-06-18T14:36:06.143852+00:00,2026-06-18T14:36:06.549000+00:00,2026-06-18T14:36:11.763929+00:00,,405.1,5620.1,
LOG-04435,2026-06-18T14:36:06.144852+00:00,2026-06-18T14:36:06.551000+00:00,2026-06-18T14:36:11.764488+00:00,,406.1,5619.6,
LOG-04436,2026-06-18T14:36:06.145852+00:00,2026-06-18T14:36:06.553000+00:00,2026-06-18T14:36:11.764781+00:00,,407.1,5618.9,
LOG-04437,2026-06-18T14:36:06.146852+00:00,2026-06-18T14:36:06.555000+00:00,2026-06-18T14:36:11.765221+00:00,,408.1,5618.4,
LOG-04438,2026-06-18T14:36:06.147852+00:00,2026-06-18T14:36:06.557000+00:00,2026-06-18T14:36:11.765559+00:00,,409.1,5617.7,
LOG-04439,2026-06-18T14:36:06.148852+00:00,2026-06-18T14:36:06.559000+00:00,2026-06-18T14:36:11.766060+00:00,,410.1,5617.2,
LOG-04440,2026-06-18T14:36:06.149852+00:00,2026-06-18T14:36:06.561000+00:00,2026-06-18T14:36:11.766332+00:00,,411.1,5616.5,
LOG-04441,2026-06-18T14:36:06.150852+00:00,2026-06-18T14:36:06.563000+00:00,2026-06-18T14:36:11.766729+00:00,,412.1,5615.9,
LOG-04442,2026-06-18T14:36:06.151852+00:00,2026-06-18T14:36:06.565000+00:00,2026-06-18T14:36:11.766986+00:00,,413.1,5615.1,
LOG-04443,2026-06-18T14:36:06.152852+00:00,2026-06-18T14:36:06.567000+00:00,2026-06-18T14:36:11.767397+00:00,,414.1,5614.5,
LOG-04444,2026-06-18T14:36:06.153852+00:00,2026-06-18T14:36:06.569000+00:00,2026-06-18T14:36:11.767648+00:00,,415.1,5613.8,
LOG-04445,2026-06-18T14:36:06.154852+00:00,2026-06-18T14:36:06.571000+00:00,2026-06-18T14:36:11.768205+00:00,,416.1,5613.4,
LOG-04446,2026-06-18T14:36:06.155852+00:00,2026-06-18T14:36:06.573000+00:00,2026-06-18T14:36:11.768590+00:00,,417.1,5612.7,
LOG-04447,2026-06-18T14:36:06.156852+00:00,2026-06-18T14:36:06.575000+00:00,2026-06-18T14:36:11.768916+00:00,,418.1,5612.1,
LOG-04448,2026-06-18T14:36:06.157852+00:00,2026-06-18T14:36:06.577000+00:00,2026-06-18T14:36:11.769395+00:00,,419.1,5611.5,
LOG-04449,2026-06-18T14:36:06.158852+00:00,2026-06-18T14:36:06.579000+00:00,2026-06-18T14:36:11.769664+00:00,,420.1,5610.8,
LOG-04450,2026-06-18T14:36:06.159852+00:00,2026-06-18T14:36:06.581000+00:00,2026-06-18T14:36:11.770268+00:00,,421.1,5610.4,
LOG-04451,2026-06-18T14:36:06.160852+00:00,2026-06-18T14:36:06.583000+00:00,2026-06-18T14:36:11.771509+00:00,,422.1,5610.7,
LOG-04452,2026-06-18T14:36:06.161852+00:00,2026-06-18T14:36:06.585000+00:00,2026-06-18T14:36:11.772850+00:00,,423.1,5611.0,
LOG-04453,2026-06-18T14:36:06.162852+00:00,2026-06-18T14:36:06.587000+00:00,2026-06-18T14:36:11.773380+00:00,,424.1,5610.5,
LOG-04454,2026-06-18T14:36:06.163852+00:00,2026-06-18T14:36:06.590000+00:00,2026-06-18T14:36:11.773708+00:00,,426.1,5609.9,
LOG-04455,2026-06-18T14:36:06.164852+00:00,2026-06-18T14:36:06.592000+00:00,2026-06-18T14:36:11.774345+00:00,,427.1,5609.5,
LOG-04456,2026-06-18T14:36:06.165852+00:00,2026-06-18T14:36:06.593000+00:00,2026-06-18T14:36:11.775161+00:00,,427.1,5609.3,
LOG-04457,2026-06-18T14:36:06.166852+00:00,2026-06-18T14:36:06.595000+00:00,2026-06-18T14:36:11.775560+00:00,,428.1,5608.7,
LOG-04458,2026-06-18T14:36:06.167852+00:00,2026-06-18T14:36:06.597000+00:00,2026-06-18T14:36:11.776059+00:00,,429.1,5608.2,
LOG-04459,2026-06-18T14:36:06.168852+00:00,2026-06-18T14:36:06.599000+00:00,2026-06-18T14:36:11.776420+00:00,,430.1,5607.6,
LOG-04460,2026-06-18T14:36:06.169852+00:00,2026-06-18T14:36:06.601000+00:00,2026-06-18T14:36:11.776899+00:00,,431.1,5607.0,
LOG-04461,2026-06-18T14:36:06.170852+00:00,2026-06-18T14:36:06.603000+00:00,2026-06-18T14:36:11.777176+00:00,,432.1,5606.3,
LOG-04462,2026-06-18T14:36:06.171852+00:00,2026-06-18T14:36:06.605000+00:00,2026-06-18T14:36:11.777782+00:00,,433.1,5605.9,
LOG-04463,2026-06-18T14:36:06.172852+00:00,2026-06-18T14:36:06.607000+00:00,2026-06-18T14:36:11.778241+00:00,,434.1,5605.4,
LOG-04464,2026-06-18T14:36:06.173852+00:00,2026-06-18T14:36:06.609000+00:00,2026-06-18T14:36:11.778548+00:00,,435.1,5604.7,
LOG-04465,2026-06-18T14:36:06.174852+00:00,2026-06-18T14:36:06.611000+00:00,2026-06-18T14:36:11.781794+00:00,,436.1,5606.9,
LOG-04466,2026-06-18T14:36:06.175852+00:00,2026-06-18T14:36:06.613000+00:00,2026-06-18T14:36:11.783071+00:00,,437.1,5607.2,
LOG-04467,2026-06-18T14:36:06.176852+00:00,2026-06-18T14:36:06.615000+00:00,2026-06-18T14:36:11.784479+00:00,,438.1,5607.6,
LOG-04468,2026-06-18T14:36:06.177852+00:00,2026-06-18T14:36:06.618000+00:00,2026-06-18T14:36:11.785792+00:00,,440.1,5607.9,
LOG-04469,2026-06-18T14:36:06.178852+00:00,2026-06-18T14:36:06.619000+00:00,2026-06-18T14:36:11.787697+00:00,,440.1,5608.8,
LOG-04470,2026-06-18T14:36:06.179852+00:00,2026-06-18T14:36:06.621000+00:00,2026-06-18T14:36:11.789720+00:00,,441.1,5609.9,
LOG-04471,2026-06-18T14:36:06.180852+00:00,2026-06-18T14:36:06.623000+00:00,2026-06-18T14:36:11.790798+00:00,,442.1,5609.9,
LOG-04472,2026-06-18T14:36:06.181852+00:00,2026-06-18T14:36:06.625000+00:00,2026-06-18T14:36:11.791769+00:00,,443.1,5609.9,
LOG-04473,2026-06-18T14:36:06.182852+00:00,2026-06-18T14:36:06.627000+00:00,2026-06-18T14:36:11.792577+00:00,,444.1,5609.7,
LOG-04474,2026-06-18T14:36:06.183852+00:00,2026-06-18T14:36:06.629000+00:00,2026-06-18T14:36:11.795503+00:00,,445.1,5611.7,
LOG-04475,2026-06-18T14:36:06.184852+00:00,2026-06-18T14:36:06.631000+00:00,2026-06-18T14:36:11.797254+00:00,,446.1,5612.4,
LOG-04476,2026-06-18T14:36:06.185852+00:00,2026-06-18T14:36:06.633000+00:00,2026-06-18T14:36:11.798908+00:00,,447.1,5613.1,
LOG-04477,2026-06-18T14:36:06.186852+00:00,2026-06-18T14:36:06.635000+00:00,2026-06-18T14:36:11.799613+00:00,,448.1,5612.8,
LOG-04478,2026-06-18T14:36:06.187852+00:00,2026-06-18T14:36:06.637000+00:00,2026-06-18T14:36:11.800739+00:00,,449.1,5612.9,
LOG-04479,2026-06-18T14:36:06.188852+00:00,2026-06-18T14:36:06.639000+00:00,2026-06-18T14:36:11.801258+00:00,,450.1,5612.4,
LOG-04480,2026-06-18T14:36:06.189852+00:00,2026-06-18T14:36:06.641000+00:00,2026-06-18T14:36:11.802027+00:00,,451.1,5612.2,
LOG-04481,2026-06-18T14:36:06.190852+00:00,2026-06-18T14:36:06.643000+00:00,2026-06-18T14:36:11.802485+00:00,,452.1,5611.6,
LOG-04482,2026-06-18T14:36:06.191852+00:00,2026-06-18T14:36:06.645000+00:00,2026-06-18T14:36:11.802858+00:00,,453.1,5611.0,
LOG-04483,2026-06-18T14:36:06.192852+00:00,2026-06-18T14:36:06.647000+00:00,2026-06-18T14:36:11.803625+00:00,,454.1,5610.8,
LOG-04484,2026-06-18T14:36:06.193852+00:00,2026-06-18T14:36:06.649000+00:00,2026-06-18T14:36:11.804325+00:00,,455.1,5610.5,
LOG-04485,2026-06-18T14:36:06.194852+00:00,2026-06-18T14:36:06.651000+00:00,2026-06-18T14:36:11.804820+00:00,,456.1,5610.0,
LOG-04486,2026-06-18T14:36:06.195852+00:00,2026-06-18T14:36:06.653000+00:00,2026-06-18T14:36:11.806012+00:00,,457.1,5610.2,
LOG-04487,2026-06-18T14:36:06.196852+00:00,2026-06-18T14:36:06.655000+00:00,2026-06-18T14:36:11.806640+00:00,,458.1,5609.8,
LOG-04488,2026-06-18T14:36:06.197852+00:00,2026-06-18T14:36:06.659000+00:00,2026-06-18T14:36:11.807747+00:00,,461.1,5609.9,
LOG-04489,2026-06-18T14:36:06.198852+00:00,2026-06-18T14:36:06.659000+00:00,2026-06-18T14:36:11.807075+00:00,,460.1,5608.2,
LOG-04490,2026-06-18T14:36:06.199852+00:00,2026-06-18T14:36:06.661000+00:00,2026-06-18T14:36:11.808167+00:00,,461.1,5608.3,
LOG-04491,2026-06-18T14:36:06.200852+00:00,2026-06-18T14:36:06.664000+00:00,2026-06-18T14:36:11.809036+00:00,,463.1,5608.2,
LOG-04492,2026-06-18T14:36:06.201852+00:00,2026-06-18T14:36:06.666000+00:00,2026-06-18T14:36:11.809680+00:00,,464.1,5607.8,
LOG-04493,2026-06-18T14:36:06.202852+00:00,2026-06-18T14:36:06.668000+00:00,2026-06-18T14:36:11.810081+00:00,,465.1,5607.2,
LOG-04494,2026-06-18T14:36:06.203852+00:00,2026-06-18T14:36:06.670000+00:00,2026-06-18T14:36:11.810990+00:00,,466.1,5607.1,
LOG-04495,2026-06-18T14:36:06.204852+00:00,2026-06-18T14:36:06.672000+00:00,2026-06-18T14:36:11.811824+00:00,,467.1,5607.0,
LOG-04496,2026-06-18T14:36:06.205852+00:00,2026-06-18T14:36:06.674000+00:00,2026-06-18T14:36:11.812541+00:00,,468.1,5606.7,
LOG-04497,2026-06-18T14:36:06.206852+00:00,2026-06-18T14:36:06.676000+00:00,2026-06-18T14:36:11.813077+00:00,,469.1,5606.2,
LOG-04498,2026-06-18T14:36:06.207852+00:00,2026-06-18T14:36:06.678000+00:00,2026-06-18T14:36:11.814005+00:00,,470.1,5606.2,
LOG-04499,2026-06-18T14:36:06.208852+00:00,2026-06-18T14:36:06.680000+00:00,2026-06-18T14:36:11.814496+00:00,,471.1,5605.6,
LOG-04500,2026-06-18T14:36:06.209852+00:00,2026-06-18T14:36:06.682000+00:00,2026-06-18T14:36:11.814969+00:00,,472.1,5605.1,
LOG-04501,2026-06-18T14:36:06.210852+00:00,2026-06-18T14:36:06.685000+00:00,2026-06-18T14:36:11.815697+00:00,,474.1,5604.8,
LOG-04502,2026-06-18T14:36:06.211852+00:00,2026-06-18T14:36:06.686000+00:00,2026-06-18T14:36:11.816378+00:00,,474.1,5604.5,
LOG-04503,2026-06-18T14:36:06.212852+00:00,2026-06-18T14:36:06.688000+00:00,2026-06-18T14:36:11.816889+00:00,,475.1,5604.0,
LOG-04504,2026-06-18T14:36:06.213852+00:00,2026-06-18T14:36:06.690000+00:00,2026-06-18T14:36:11.817295+00:00,,476.1,5603.4,
LOG-04505,2026-06-18T14:36:06.214852+00:00,2026-06-18T14:36:06.692000+00:00,2026-06-18T14:36:11.817725+00:00,,477.1,5602.9,
LOG-04506,2026-06-18T14:36:06.215852+00:00,2026-06-18T14:36:06.694000+00:00,2026-06-18T14:36:11.818023+00:00,,478.1,5602.2,
LOG-04507,2026-06-18T14:36:06.216852+00:00,2026-06-18T14:36:06.696000+00:00,2026-06-18T14:36:11.818240+00:00,,479.1,5601.4,
LOG-04508,2026-06-18T14:36:06.217852+00:00,2026-06-18T14:36:06.698000+00:00,2026-06-18T14:36:11.819114+00:00,,480.1,5601.3,
LOG-04509,2026-06-18T14:36:06.218852+00:00,2026-06-18T14:36:06.700000+00:00,2026-06-18T14:36:11.819868+00:00,,481.1,5601.0,
LOG-04510,2026-06-18T14:36:06.219852+00:00,2026-06-18T14:36:06.702000+00:00,2026-06-18T14:36:11.820424+00:00,,482.1,5600.6,
LOG-04511,2026-06-18T14:36:06.220852+00:00,2026-06-18T14:36:06.704000+00:00,2026-06-18T14:36:11.820776+00:00,,483.1,5599.9,
LOG-04512,2026-06-18T14:36:06.221852+00:00,2026-06-18T14:36:06.706000+00:00,2026-06-18T14:36:11.821611+00:00,,484.1,5599.8,
LOG-04513,2026-06-18T14:36:06.222852+00:00,2026-06-18T14:36:06.708000+00:00,2026-06-18T14:36:11.822161+00:00,,485.1,5599.3,
LOG-04514,2026-06-18T14:36:06.223852+00:00,2026-06-18T14:36:06.710000+00:00,2026-06-18T14:36:11.822611+00:00,,486.1,5598.8,
LOG-04515,2026-06-18T14:36:06.224852+00:00,2026-06-18T14:36:06.712000+00:00,2026-06-18T14:36:11.823539+00:00,,487.1,5598.7,
LOG-04516,2026-06-18T14:36:06.225852+00:00,2026-06-18T14:36:06.714000+00:00,2026-06-18T14:36:11.824385+00:00,,488.1,5598.5,
LOG-04517,2026-06-18T14:36:06.226852+00:00,2026-06-18T14:36:06.716000+00:00,2026-06-18T14:36:11.825151+00:00,,489.1,5598.3,
LOG-04518,2026-06-18T14:36:06.227852+00:00,2026-06-18T14:36:06.718000+00:00,2026-06-18T14:36:11.825796+00:00,,490.1,5597.9,
LOG-04519,2026-06-18T14:36:06.228852+00:00,2026-06-18T14:36:06.720000+00:00,2026-06-18T14:36:11.826477+00:00,,491.1,5597.6,
LOG-04520,2026-06-18T14:36:06.229852+00:00,2026-06-18T14:36:06.722000+00:00,2026-06-18T14:36:11.826931+00:00,,492.1,5597.1,
LOG-04521,2026-06-18T14:36:06.230852+00:00,2026-06-18T14:36:06.724000+00:00,2026-06-18T14:36:11.827277+00:00,,493.1,5596.4,
LOG-04522,2026-06-18T14:36:06.231852+00:00,2026-06-18T14:36:06.727000+00:00,2026-06-18T14:36:11.827703+00:00,,495.1,5595.9,
LOG-04523,2026-06-18T14:36:06.232852+00:00,2026-06-18T14:36:06.728000+00:00,2026-06-18T14:36:11.828017+00:00,,495.1,5595.2,
LOG-04524,2026-06-18T14:36:06.233852+00:00,2026-06-18T14:36:06.730000+00:00,2026-06-18T14:36:11.828450+00:00,,496.1,5594.6,
LOG-04525,2026-06-18T14:36:06.234852+00:00,2026-06-18T14:36:06.732000+00:00,2026-06-18T14:36:11.828785+00:00,,497.1,5593.9,
LOG-04526,2026-06-18T14:36:06.235852+00:00,2026-06-18T14:36:06.734000+00:00,2026-06-18T14:36:11.829505+00:00,,498.1,5593.7,
LOG-04527,2026-06-18T14:36:06.236852+00:00,2026-06-18T14:36:06.736000+00:00,2026-06-18T14:36:11.830342+00:00,,499.1,5593.5,
LOG-04528,2026-06-18T14:36:06.237852+00:00,2026-06-18T14:36:06.738000+00:00,2026-06-18T14:36:11.830878+00:00,,500.1,5593.0,
LOG-04529,2026-06-18T14:36:06.238852+00:00,2026-06-18T14:36:06.740000+00:00,2026-06-18T14:36:11.831498+00:00,,501.1,5592.6,
LOG-04530,2026-06-18T14:36:06.239852+00:00,2026-06-18T14:36:06.742000+00:00,2026-06-18T14:36:11.832260+00:00,,502.1,5592.4,
LOG-04531,2026-06-18T14:36:06.240852+00:00,2026-06-18T14:36:06.744000+00:00,2026-06-18T14:36:11.832825+00:00,,503.1,5592.0,
LOG-04532,2026-06-18T14:36:06.241852+00:00,2026-06-18T14:36:06.746000+00:00,2026-06-18T14:36:11.833603+00:00,,504.1,5591.8,
LOG-04533,2026-06-18T14:36:06.242852+00:00,2026-06-18T14:36:06.748000+00:00,2026-06-18T14:36:11.834291+00:00,,505.1,5591.4,
LOG-04534,2026-06-18T14:36:06.243852+00:00,2026-06-18T14:36:06.750000+00:00,2026-06-18T14:36:11.834892+00:00,,506.1,5591.0,
LOG-04535,2026-06-18T14:36:06.244852+00:00,2026-06-18T14:36:06.752000+00:00,2026-06-18T14:36:11.835292+00:00,,507.1,5590.4,
LOG-04536,2026-06-18T14:36:06.245852+00:00,2026-06-18T14:36:06.756000+00:00,2026-06-18T14:36:11.836067+00:00,,510.1,5590.2,
LOG-04537,2026-06-18T14:36:06.246852+00:00,2026-06-18T14:36:06.757000+00:00,2026-06-18T14:36:11.836776+00:00,,510.1,5589.9,
LOG-04538,2026-06-18T14:36:06.247852+00:00,2026-06-18T14:36:06.759000+00:00,2026-06-18T14:36:11.837376+00:00,,511.1,5589.5,
LOG-04539,2026-06-18T14:36:06.248852+00:00,2026-06-18T14:36:06.761000+00:00,2026-06-18T14:36:11.837805+00:00,,512.1,5589.0,
LOG-04540,2026-06-18T14:36:06.249852+00:00,2026-06-18T14:36:06.763000+00:00,2026-06-18T14:36:11.839067+00:00,,513.1,5589.2,
LOG-04541,2026-06-18T14:36:06.250852+00:00,2026-06-18T14:36:06.765000+00:00,2026-06-18T14:36:11.839517+00:00,,514.1,5588.7,
LOG-04542,2026-06-18T14:36:06.251852+00:00,2026-06-18T14:36:06.767000+00:00,2026-06-18T14:36:11.840086+00:00,,515.1,5588.2,
LOG-04543,2026-06-18T14:36:06.252852+00:00,2026-06-18T14:36:06.769000+00:00,2026-06-18T14:36:11.840410+00:00,,516.1,5587.6,
LOG-04544,2026-06-18T14:36:06.253852+00:00,2026-06-18T14:36:06.771000+00:00,2026-06-18T14:36:11.840891+00:00,,517.1,5587.0,
LOG-04545,2026-06-18T14:36:06.254852+00:00,2026-06-18T14:36:06.773000+00:00,2026-06-18T14:36:11.841770+00:00,,518.1,5586.9,
LOG-04546,2026-06-18T14:36:06.255852+00:00,2026-06-18T14:36:06.775000+00:00,2026-06-18T14:36:11.842123+00:00,,519.1,5586.3,
LOG-04547,2026-06-18T14:36:06.256852+00:00,2026-06-18T14:36:06.777000+00:00,2026-06-18T14:36:11.842225+00:00,,520.1,5585.4,
LOG-04548,2026-06-18T14:36:06.257852+00:00,2026-06-18T14:36:06.778000+00:00,2026-06-18T14:36:11.842942+00:00,,520.1,5585.1,
LOG-04549,2026-06-18T14:36:06.258852+00:00,2026-06-18T14:36:06.780000+00:00,2026-06-18T14:36:11.843367+00:00,,521.1,5584.5,
LOG-04550,2026-06-18T14:36:06.259852+00:00,2026-06-18T14:36:06.782000+00:00,2026-06-18T14:36:11.844072+00:00,,522.1,5584.2,
LOG-04551,2026-06-18T14:36:06.260852+00:00,2026-06-18T14:36:06.784000+00:00,2026-06-18T14:36:11.844855+00:00,,523.1,5584.0,
LOG-04552,2026-06-18T14:36:06.261852+00:00,2026-06-18T14:36:06.786000+00:00,2026-06-18T14:36:11.845425+00:00,,524.1,5583.6,
LOG-04553,2026-06-18T14:36:06.262852+00:00,2026-06-18T14:36:06.788000+00:00,2026-06-18T14:36:11.845835+00:00,,525.1,5583.0,
LOG-04554,2026-06-18T14:36:06.263852+00:00,2026-06-18T14:36:06.790000+00:00,2026-06-18T14:36:11.846861+00:00,,526.1,5583.0,
LOG-04555,2026-06-18T14:36:06.264852+00:00,2026-06-18T14:36:06.792000+00:00,2026-06-18T14:36:11.847409+00:00,,527.1,5582.6,
LOG-04556,2026-06-18T14:36:06.265852+00:00,2026-06-18T14:36:06.794000+00:00,2026-06-18T14:36:11.847818+00:00,,528.1,5582.0,
LOG-04557,2026-06-18T14:36:06.266852+00:00,2026-06-18T14:36:06.796000+00:00,2026-06-18T14:36:11.848409+00:00,,529.1,5581.6,
LOG-04558,2026-06-18T14:36:06.267852+00:00,2026-06-18T14:36:06.798000+00:00,2026-06-18T14:36:11.848791+00:00,,530.1,5580.9,
LOG-04559,2026-06-18T14:36:06.268852+00:00,2026-06-18T14:36:06.800000+00:00,2026-06-18T14:36:11.849327+00:00,,531.1,5580.5,
LOG-04560,2026-06-18T14:36:06.269852+00:00,2026-06-18T14:36:06.802000+00:00,2026-06-18T14:36:11.849630+00:00,,532.1,5579.8,
LOG-04561,2026-06-18T14:36:06.270852+00:00,2026-06-18T14:36:06.804000+00:00,2026-06-18T14:36:11.850083+00:00,,533.1,5579.2,
LOG-04562,2026-06-18T14:36:06.271852+00:00,2026-06-18T14:36:06.806000+00:00,2026-06-18T14:36:11.850522+00:00,,534.1,5578.7,
LOG-04563,2026-06-18T14:36:06.272852+00:00,2026-06-18T14:36:06.807000+00:00,2026-06-18T14:36:11.851290+00:00,,534.1,5578.4,
LOG-04564,2026-06-18T14:36:06.273852+00:00,2026-06-18T14:36:06.809000+00:00,2026-06-18T14:36:11.852124+00:00,,535.1,5578.3,
LOG-04565,2026-06-18T14:36:06.274852+00:00,2026-06-18T14:36:06.811000+00:00,2026-06-18T14:36:11.852927+00:00,,536.1,5578.1,
LOG-04566,2026-06-18T14:36:06.275852+00:00,2026-06-18T14:36:06.813000+00:00,2026-06-18T14:36:11.853667+00:00,,537.1,5577.8,
LOG-04567,2026-06-18T14:36:06.276852+00:00,2026-06-18T14:36:06.815000+00:00,2026-06-18T14:36:11.854457+00:00,,538.1,5577.6,
LOG-04568,2026-06-18T14:36:06.277852+00:00,2026-06-18T14:36:06.817000+00:00,2026-06-18T14:36:11.855076+00:00,,539.1,5577.2,
LOG-04569,2026-06-18T14:36:06.278852+00:00,2026-06-18T14:36:06.819000+00:00,2026-06-18T14:36:11.855622+00:00,,540.1,5576.8,
LOG-04570,2026-06-18T14:36:06.279852+00:00,2026-06-18T14:36:06.821000+00:00,2026-06-18T14:36:11.856110+00:00,,541.1,5576.3,
LOG-04571,2026-06-18T14:36:06.280852+00:00,2026-06-18T14:36:06.823000+00:00,2026-06-18T14:36:11.856484+00:00,,542.1,5575.6,
LOG-04572,2026-06-18T14:36:06.281852+00:00,2026-06-18T14:36:06.825000+00:00,2026-06-18T14:36:11.857183+00:00,,543.1,5575.3,
LOG-04573,2026-06-18T14:36:06.282852+00:00,2026-06-18T14:36:06.827000+00:00,2026-06-18T14:36:11.857692+00:00,,544.1,5574.8,
LOG-04574,2026-06-18T14:36:06.283852+00:00,2026-06-18T14:36:06.829000+00:00,2026-06-18T14:36:11.858005+00:00,,545.1,5574.2,
LOG-04575,2026-06-18T14:36:06.284852+00:00,2026-06-18T14:36:06.831000+00:00,2026-06-18T14:36:11.858414+00:00,,546.1,5573.6,
LOG-04576,2026-06-18T14:36:06.285852+00:00,2026-06-18T14:36:06.833000+00:00,2026-06-18T14:36:11.858710+00:00,,547.1,5572.9,
LOG-04577,2026-06-18T14:36:06.286852+00:00,2026-06-18T14:36:06.835000+00:00,2026-06-18T14:36:11.859138+00:00,,548.1,5572.3,
LOG-04578,2026-06-18T14:36:06.287852+00:00,2026-06-18T14:36:06.837000+00:00,2026-06-18T14:36:11.859462+00:00,,549.1,5571.6,
LOG-04579,2026-06-18T14:36:06.288852+00:00,2026-06-18T14:36:06.839000+00:00,2026-06-18T14:36:11.859850+00:00,,550.1,5571.0,
LOG-04580,2026-06-18T14:36:06.289852+00:00,2026-06-18T14:36:06.841000+00:00,2026-06-18T14:36:11.860216+00:00,,551.1,5570.4,
LOG-04581,2026-06-18T14:36:06.290852+00:00,2026-06-18T14:36:06.843000+00:00,2026-06-18T14:36:11.860701+00:00,,552.1,5569.8,
LOG-04582,2026-06-18T14:36:06.291852+00:00,2026-06-18T14:36:06.845000+00:00,2026-06-18T14:36:11.860995+00:00,,553.1,5569.1,
LOG-04583,2026-06-18T14:36:06.292852+00:00,2026-06-18T14:36:06.847000+00:00,2026-06-18T14:36:11.861416+00:00,,554.1,5568.6,
LOG-04584,2026-06-18T14:36:06.293852+00:00,2026-06-18T14:36:06.849000+00:00,2026-06-18T14:36:11.861709+00:00,,555.1,5567.9,
LOG-04585,2026-06-18T14:36:06.294852+00:00,2026-06-18T14:36:06.851000+00:00,2026-06-18T14:36:11.862219+00:00,,556.1,5567.4,
LOG-04586,2026-06-18T14:36:06.295852+00:00,2026-06-18T14:36:06.853000+00:00,2026-06-18T14:36:11.862545+00:00,,557.1,5566.7,
LOG-04587,2026-06-18T14:36:06.296852+00:00,2026-06-18T14:36:06.855000+00:00,2026-06-18T14:36:11.863026+00:00,,558.1,5566.2,
LOG-04588,2026-06-18T14:36:06.297852+00:00,2026-06-18T14:36:06.857000+00:00,2026-06-18T14:36:11.863525+00:00,,559.1,5565.7,
LOG-04589,2026-06-18T14:36:06.298852+00:00,2026-06-18T14:36:06.859000+00:00,2026-06-18T14:36:11.864146+00:00,,560.1,5565.3,
LOG-04590,2026-06-18T14:36:06.299852+00:00,2026-06-18T14:36:06.861000+00:00,2026-06-18T14:36:11.864451+00:00,,561.1,5564.6,
LOG-04591,2026-06-18T14:36:06.300852+00:00,2026-06-18T14:36:06.863000+00:00,2026-06-18T14:36:11.865059+00:00,,562.1,5564.2,
LOG-04592,2026-06-18T14:36:06.301852+00:00,2026-06-18T14:36:06.865000+00:00,2026-06-18T14:36:11.865605+00:00,,563.1,5563.8,
LOG-04593,2026-06-18T14:36:06.302852+00:00,2026-06-18T14:36:06.867000+00:00,2026-06-18T14:36:11.865965+00:00,,564.1,5563.1,
LOG-04594,2026-06-18T14:36:06.303852+00:00,2026-06-18T14:36:06.869000+00:00,2026-06-18T14:36:11.866645+00:00,,565.1,5562.8,
LOG-04595,2026-06-18T14:36:06.304852+00:00,2026-06-18T14:36:06.871000+00:00,2026-06-18T14:36:11.867223+00:00,,566.1,5562.4,
LOG-04596,2026-06-18T14:36:06.305852+00:00,2026-06-18T14:36:06.873000+00:00,2026-06-18T14:36:11.867560+00:00,,567.1,5561.7,
LOG-04597,2026-06-18T14:36:06.306852+00:00,2026-06-18T14:36:06.875000+00:00,2026-06-18T14:36:11.868217+00:00,,568.1,5561.4,
LOG-04598,2026-06-18T14:36:06.307852+00:00,2026-06-18T14:36:06.877000+00:00,2026-06-18T14:36:11.868812+00:00,,569.1,5561.0,
LOG-04599,2026-06-18T14:36:06.308852+00:00,2026-06-18T14:36:06.879000+00:00,2026-06-18T14:36:11.869708+00:00,,570.1,5560.9,
LOG-04600,2026-06-18T14:36:06.309852+00:00,2026-06-18T14:36:06.881000+00:00,2026-06-18T14:36:11.870618+00:00,,571.1,5560.8,
LOG-04601,2026-06-18T14:36:06.310852+00:00,2026-06-18T14:36:06.883000+00:00,2026-06-18T14:36:11.871190+00:00,,572.1,5560.3,
LOG-04602,2026-06-18T14:36:06.311852+00:00,2026-06-18T14:36:06.885000+00:00,2026-06-18T14:36:11.871555+00:00,,573.1,5559.7,
LOG-04603,2026-06-18T14:36:06.312852+00:00,2026-06-18T14:36:06.887000+00:00,2026-06-18T14:36:11.872046+00:00,,574.1,5559.2,
LOG-04604,2026-06-18T14:36:06.313852+00:00,2026-06-18T14:36:06.889000+00:00,2026-06-18T14:36:11.872340+00:00,,575.1,5558.5,
LOG-04605,2026-06-18T14:36:06.314852+00:00,2026-06-18T14:36:06.891000+00:00,2026-06-18T14:36:11.872740+00:00,,576.1,5557.9,
LOG-04606,2026-06-18T14:36:06.315852+00:00,2026-06-18T14:36:06.893000+00:00,2026-06-18T14:36:11.872998+00:00,,577.1,5557.1,
LOG-04607,2026-06-18T14:36:06.316852+00:00,2026-06-18T14:36:06.895000+00:00,2026-06-18T14:36:11.873417+00:00,,578.1,5556.6,
LOG-04608,2026-06-18T14:36:06.317852+00:00,2026-06-18T14:36:06.897000+00:00,2026-06-18T14:36:11.873738+00:00,,579.1,5555.9,
LOG-04609,2026-06-18T14:36:06.318852+00:00,2026-06-18T14:36:06.899000+00:00,2026-06-18T14:36:11.874153+00:00,,580.1,5555.3,
LOG-04610,2026-06-18T14:36:06.319852+00:00,2026-06-18T14:36:06.901000+00:00,2026-06-18T14:36:11.874410+00:00,,581.1,5554.6,
LOG-04611,2026-06-18T14:36:06.320852+00:00,2026-06-18T14:36:06.903000+00:00,2026-06-18T14:36:11.874829+00:00,,582.1,5554.0,
LOG-04612,2026-06-18T14:36:06.321852+00:00,2026-06-18T14:36:06.905000+00:00,2026-06-18T14:36:11.875082+00:00,,583.1,5553.2,
LOG-04613,2026-06-18T14:36:06.322852+00:00,2026-06-18T14:36:06.907000+00:00,2026-06-18T14:36:11.875471+00:00,,584.1,5552.6,
LOG-04614,2026-06-18T14:36:06.323852+00:00,2026-06-18T14:36:06.909000+00:00,2026-06-18T14:36:11.875731+00:00,,585.1,5551.9,
LOG-04615,2026-06-18T14:36:06.324852+00:00,2026-06-18T14:36:06.911000+00:00,2026-06-18T14:36:11.876348+00:00,,586.1,5551.5,
LOG-04616,2026-06-18T14:36:06.325852+00:00,2026-06-18T14:36:06.913000+00:00,2026-06-18T14:36:11.876736+00:00,,587.1,5550.9,
LOG-04617,2026-06-18T14:36:06.326852+00:00,2026-06-18T14:36:06.915000+00:00,2026-06-18T14:36:11.877051+00:00,,588.1,5550.2,
LOG-04618,2026-06-18T14:36:06.327852+00:00,2026-06-18T14:36:06.917000+00:00,2026-06-18T14:36:11.877656+00:00,,589.1,5549.8,
LOG-04619,2026-06-18T14:36:06.328852+00:00,2026-06-18T14:36:06.919000+00:00,2026-06-18T14:36:11.878049+00:00,,590.1,5549.2,
LOG-04620,2026-06-18T14:36:06.329852+00:00,2026-06-18T14:36:06.921000+00:00,2026-06-18T14:36:11.878360+00:00,,591.1,5548.5,
LOG-04621,2026-06-18T14:36:06.330852+00:00,2026-06-18T14:36:06.923000+00:00,2026-06-18T14:36:11.879066+00:00,,592.1,5548.2,
LOG-04622,2026-06-18T14:36:06.331852+00:00,2026-06-18T14:36:06.925000+00:00,2026-06-18T14:36:11.879872+00:00,,593.1,5548.0,
LOG-04623,2026-06-18T14:36:06.332852+00:00,2026-06-18T14:36:06.927000+00:00,2026-06-18T14:36:11.880370+00:00,,594.1,5547.5,
LOG-04624,2026-06-18T14:36:06.333852+00:00,2026-06-18T14:36:06.929000+00:00,2026-06-18T14:36:11.880683+00:00,,595.1,5546.8,
LOG-04625,2026-06-18T14:36:06.334852+00:00,2026-06-18T14:36:06.931000+00:00,2026-06-18T14:36:11.881138+00:00,,596.1,5546.3,
LOG-04626,2026-06-18T14:36:06.335852+00:00,2026-06-18T14:36:06.933000+00:00,2026-06-18T14:36:11.881549+00:00,,597.1,5545.7,
LOG-04627,2026-06-18T14:36:06.336852+00:00,2026-06-18T14:36:06.935000+00:00,2026-06-18T14:36:11.882174+00:00,,598.1,5545.3,
LOG-04628,2026-06-18T14:36:06.337852+00:00,2026-06-18T14:36:06.937000+00:00,2026-06-18T14:36:11.882539+00:00,,599.1,5544.7,
LOG-04629,2026-06-18T14:36:06.338852+00:00,2026-06-18T14:36:06.939000+00:00,2026-06-18T14:36:11.883062+00:00,,600.1,5544.2,
LOG-04630,2026-06-18T14:36:06.339852+00:00,2026-06-18T14:36:06.941000+00:00,2026-06-18T14:36:11.883379+00:00,,601.1,5543.5,
LOG-04631,2026-06-18T14:36:06.340852+00:00,2026-06-18T14:36:06.943000+00:00,2026-06-18T14:36:11.883829+00:00,,602.1,5543.0,
LOG-04632,2026-06-18T14:36:06.341852+00:00,2026-06-18T14:36:06.945000+00:00,2026-06-18T14:36:11.884130+00:00,,603.1,5542.3,
LOG-04633,2026-06-18T14:36:06.342852+00:00,2026-06-18T14:36:06.947000+00:00,2026-06-18T14:36:11.884704+00:00,,604.1,5541.9,
LOG-04634,2026-06-18T14:36:06.343852+00:00,2026-06-18T14:36:06.949000+00:00,2026-06-18T14:36:11.885072+00:00,,605.1,5541.2,
LOG-04635,2026-06-18T14:36:06.344852+00:00,2026-06-18T14:36:06.951000+00:00,2026-06-18T14:36:11.885352+00:00,,606.1,5540.5,
LOG-04636,2026-06-18T14:36:06.345852+00:00,2026-06-18T14:36:06.953000+00:00,2026-06-18T14:36:11.885879+00:00,,607.1,5540.0,
LOG-04637,2026-06-18T14:36:06.346852+00:00,2026-06-18T14:36:06.955000+00:00,2026-06-18T14:36:11.886023+00:00,,608.1,5539.2,
LOG-04638,2026-06-18T14:36:06.347852+00:00,2026-06-18T14:36:06.957000+00:00,2026-06-18T14:36:11.886425+00:00,,609.1,5538.6,
LOG-04639,2026-06-18T14:36:06.348852+00:00,2026-06-18T14:36:06.959000+00:00,2026-06-18T14:36:11.886676+00:00,,610.1,5537.8,
LOG-04640,2026-06-18T14:36:06.349852+00:00,2026-06-18T14:36:06.961000+00:00,2026-06-18T14:36:11.887227+00:00,,611.1,5537.4,
LOG-04641,2026-06-18T14:36:06.350852+00:00,2026-06-18T14:36:06.963000+00:00,2026-06-18T14:36:11.887592+00:00,,612.1,5536.7,
LOG-04642,2026-06-18T14:36:06.351852+00:00,2026-06-18T14:36:06.965000+00:00,2026-06-18T14:36:11.888413+00:00,,613.1,5536.6,
LOG-04643,2026-06-18T14:36:06.352852+00:00,2026-06-18T14:36:06.967000+00:00,2026-06-18T14:36:11.889101+00:00,,614.1,5536.2,
LOG-04644,2026-06-18T14:36:06.353852+00:00,2026-06-18T14:36:06.969000+00:00,2026-06-18T14:36:11.889625+00:00,,615.1,5535.8,
LOG-04645,2026-06-18T14:36:06.354852+00:00,2026-06-18T14:36:06.971000+00:00,2026-06-18T14:36:11.889913+00:00,,616.1,5535.1,
LOG-04646,2026-06-18T14:36:06.355852+00:00,2026-06-18T14:36:06.973000+00:00,2026-06-18T14:36:11.890327+00:00,,617.1,5534.5,
LOG-04647,2026-06-18T14:36:06.356852+00:00,2026-06-18T14:36:06.975000+00:00,2026-06-18T14:36:11.890663+00:00,,618.1,5533.8,
LOG-04648,2026-06-18T14:36:06.357852+00:00,2026-06-18T14:36:06.977000+00:00,2026-06-18T14:36:11.891091+00:00,,619.1,5533.2,
LOG-04649,2026-06-18T14:36:06.358852+00:00,2026-06-18T14:36:06.979000+00:00,2026-06-18T14:36:11.891475+00:00,,620.1,5532.6,
LOG-04650,2026-06-18T14:36:06.359852+00:00,2026-06-18T14:36:06.981000+00:00,2026-06-18T14:36:11.892114+00:00,,621.1,5532.3,
LOG-04651,2026-06-18T14:36:06.360852+00:00,2026-06-18T14:36:06.983000+00:00,2026-06-18T14:36:11.892642+00:00,,622.1,5531.8,
LOG-04652,2026-06-18T14:36:06.361852+00:00,2026-06-18T14:36:06.985000+00:00,2026-06-18T14:36:11.893035+00:00,,623.1,5531.2,
LOG-04653,2026-06-18T14:36:06.362852+00:00,2026-06-18T14:36:06.987000+00:00,2026-06-18T14:36:11.893855+00:00,,624.1,5531.0,
LOG-04654,2026-06-18T14:36:06.363852+00:00,2026-06-18T14:36:06.989000+00:00,2026-06-18T14:36:11.894366+00:00,,625.1,5530.5,
LOG-04655,2026-06-18T14:36:06.364852+00:00,2026-06-18T14:36:06.991000+00:00,2026-06-18T14:36:11.894707+00:00,,626.1,5529.9,
LOG-04656,2026-06-18T14:36:06.365852+00:00,2026-06-18T14:36:06.993000+00:00,2026-06-18T14:36:11.895127+00:00,,627.1,5529.3,
LOG-04657,2026-06-18T14:36:06.366852+00:00,2026-06-18T14:36:06.995000+00:00,2026-06-18T14:36:11.895439+00:00,,628.1,5528.6,
LOG-04658,2026-06-18T14:36:06.367852+00:00,2026-06-18T14:36:06.997000+00:00,2026-06-18T14:36:11.897005+00:00,,629.1,5529.2,
LOG-04659,2026-06-18T14:36:06.368852+00:00,2026-06-18T14:36:06.999000+00:00,2026-06-18T14:36:11.898040+00:00,,630.1,5529.2,
LOG-04660,2026-06-18T14:36:06.369852+00:00,2026-06-18T14:36:07.001000+00:00,2026-06-18T14:36:11.898657+00:00,,631.1,5528.8,
LOG-04661,2026-06-18T14:36:06.370852+00:00,2026-06-18T14:36:07.004000+00:00,2026-06-18T14:36:11.899001+00:00,,633.1,5528.1,
LOG-04662,2026-06-18T14:36:06.371852+00:00,2026-06-18T14:36:07.005000+00:00,2026-06-18T14:36:11.899503+00:00,,633.1,5527.7,
LOG-04663,2026-06-18T14:36:06.372852+00:00,2026-06-18T14:36:07.007000+00:00,2026-06-18T14:36:11.899814+00:00,,634.1,5527.0,
LOG-04664,2026-06-18T14:36:06.373852+00:00,2026-06-18T14:36:07.009000+00:00,2026-06-18T14:36:11.900204+00:00,,635.1,5526.4,
LOG-04665,2026-06-18T14:36:06.374852+00:00,2026-06-18T14:36:07.011000+00:00,2026-06-18T14:36:11.900493+00:00,,636.1,5525.6,
LOG-04666,2026-06-18T14:36:06.375852+00:00,2026-06-18T14:36:07.013000+00:00,2026-06-18T14:36:11.900940+00:00,,637.1,5525.1,
LOG-04667,2026-06-18T14:36:06.376852+00:00,2026-06-18T14:36:07.015000+00:00,2026-06-18T14:36:11.901330+00:00,,638.1,5524.5,
LOG-04668,2026-06-18T14:36:06.377852+00:00,2026-06-18T14:36:07.017000+00:00,2026-06-18T14:36:11.901765+00:00,,639.1,5523.9,
LOG-04669,2026-06-18T14:36:06.378852+00:00,2026-06-18T14:36:07.019000+00:00,2026-06-18T14:36:11.902077+00:00,,640.1,5523.2,
LOG-04670,2026-06-18T14:36:06.379852+00:00,2026-06-18T14:36:07.021000+00:00,2026-06-18T14:36:11.902532+00:00,,641.1,5522.7,
LOG-04671,2026-06-18T14:36:06.380852+00:00,2026-06-18T14:36:07.023000+00:00,2026-06-18T14:36:11.902854+00:00,,642.1,5522.0,
LOG-04672,2026-06-18T14:36:06.381852+00:00,2026-06-18T14:36:07.025000+00:00,2026-06-18T14:36:11.902941+00:00,,643.1,5521.1,
LOG-04673,2026-06-18T14:36:06.382852+00:00,2026-06-18T14:36:07.027000+00:00,2026-06-18T14:36:11.903681+00:00,,644.1,5520.8,
LOG-04674,2026-06-18T14:36:06.383852+00:00,2026-06-18T14:36:07.029000+00:00,2026-06-18T14:36:11.904128+00:00,,645.1,5520.3,
LOG-04675,2026-06-18T14:36:06.384852+00:00,2026-06-18T14:36:07.031000+00:00,2026-06-18T14:36:11.905025+00:00,,646.1,5520.2,
LOG-04676,2026-06-18T14:36:06.385852+00:00,2026-06-18T14:36:07.033000+00:00,2026-06-18T14:36:11.905638+00:00,,647.1,5519.8,
LOG-04677,2026-06-18T14:36:06.386852+00:00,2026-06-18T14:36:07.035000+00:00,2026-06-18T14:36:11.906018+00:00,,648.1,5519.2,
LOG-04678,2026-06-18T14:36:06.387852+00:00,2026-06-18T14:36:07.037000+00:00,2026-06-18T14:36:11.906788+00:00,,649.1,5518.9,
LOG-04679,2026-06-18T14:36:06.388852+00:00,2026-06-18T14:36:07.039000+00:00,2026-06-18T14:36:11.907458+00:00,,650.1,5518.6,
LOG-04680,2026-06-18T14:36:06.389852+00:00,2026-06-18T14:36:07.041000+00:00,2026-06-18T14:36:11.907927+00:00,,651.1,5518.1,
LOG-04681,2026-06-18T14:36:06.390852+00:00,2026-06-18T14:36:07.043000+00:00,2026-06-18T14:36:11.908694+00:00,,652.1,5517.8,
LOG-04682,2026-06-18T14:36:06.391852+00:00,2026-06-18T14:36:07.045000+00:00,2026-06-18T14:36:11.909081+00:00,,653.1,5517.2,
LOG-04683,2026-06-18T14:36:06.392852+00:00,2026-06-18T14:36:07.047000+00:00,2026-06-18T14:36:11.909854+00:00,,654.1,5517.0,
LOG-04684,2026-06-18T14:36:06.393852+00:00,2026-06-18T14:36:07.049000+00:00,2026-06-18T14:36:11.910595+00:00,,655.1,5516.7,
LOG-04685,2026-06-18T14:36:06.394852+00:00,2026-06-18T14:36:07.051000+00:00,2026-06-18T14:36:11.911111+00:00,,656.1,5516.3,
LOG-04686,2026-06-18T14:36:06.395852+00:00,2026-06-18T14:36:07.053000+00:00,2026-06-18T14:36:11.911391+00:00,,657.1,5515.5,
LOG-04687,2026-06-18T14:36:06.396852+00:00,2026-06-18T14:36:07.055000+00:00,2026-06-18T14:36:11.911956+00:00,,658.1,5515.1,
LOG-04688,2026-06-18T14:36:06.397852+00:00,2026-06-18T14:36:07.057000+00:00,2026-06-18T14:36:11.912394+00:00,,659.1,5514.5,
LOG-04689,2026-06-18T14:36:06.398852+00:00,2026-06-18T14:36:07.059000+00:00,2026-06-18T14:36:11.912737+00:00,,660.1,5513.9,
LOG-04690,2026-06-18T14:36:06.399852+00:00,2026-06-18T14:36:07.061000+00:00,2026-06-18T14:36:11.913733+00:00,,661.1,5513.9,
LOG-04691,2026-06-18T14:36:06.400852+00:00,2026-06-18T14:36:07.065000+00:00,2026-06-18T14:36:11.914471+00:00,,664.1,5513.6,
LOG-04692,2026-06-18T14:36:06.401852+00:00,2026-06-18T14:36:07.066000+00:00,2026-06-18T14:36:11.914912+00:00,,664.1,5513.1,
LOG-04693,2026-06-18T14:36:06.402852+00:00,2026-06-18T14:36:07.068000+00:00,2026-06-18T14:36:11.915223+00:00,,665.1,5512.4,
LOG-04694,2026-06-18T14:36:06.403852+00:00,2026-06-18T14:36:07.070000+00:00,2026-06-18T14:36:11.915845+00:00,,666.1,5512.0,
LOG-04695,2026-06-18T14:36:06.404852+00:00,2026-06-18T14:36:07.072000+00:00,2026-06-18T14:36:11.916211+00:00,,667.1,5511.4,
LOG-04696,2026-06-18T14:36:06.405852+00:00,2026-06-18T14:36:07.074000+00:00,2026-06-18T14:36:11.916363+00:00,,668.1,5510.5,
LOG-04697,2026-06-18T14:36:06.406852+00:00,2026-06-18T14:36:07.076000+00:00,2026-06-18T14:36:11.916652+00:00,,669.1,5509.8,
LOG-04698,2026-06-18T14:36:06.407852+00:00,2026-06-18T14:36:07.078000+00:00,2026-06-18T14:36:11.917255+00:00,,670.1,5509.4,
LOG-04699,2026-06-18T14:36:06.408852+00:00,2026-06-18T14:36:07.080000+00:00,2026-06-18T14:36:11.917675+00:00,,671.1,5508.8,
LOG-04700,2026-06-18T14:36:06.409852+00:00,2026-06-18T14:36:07.082000+00:00,2026-06-18T14:36:11.917952+00:00,,672.1,5508.1,
LOG-04701,2026-06-18T14:36:06.410852+00:00,2026-06-18T14:36:07.084000+00:00,2026-06-18T14:36:11.918783+00:00,,673.1,5507.9,
LOG-04702,2026-06-18T14:36:06.411852+00:00,2026-06-18T14:36:07.086000+00:00,2026-06-18T14:36:11.919531+00:00,,674.1,5507.7,
LOG-04703,2026-06-18T14:36:06.412852+00:00,2026-06-18T14:36:07.088000+00:00,2026-06-18T14:36:11.920234+00:00,,675.1,5507.4,
LOG-04704,2026-06-18T14:36:06.413852+00:00,2026-06-18T14:36:07.090000+00:00,2026-06-18T14:36:11.920984+00:00,,676.1,5507.1,
LOG-04705,2026-06-18T14:36:06.414852+00:00,2026-06-18T14:36:07.092000+00:00,2026-06-18T14:36:11.921832+00:00,,677.1,5507.0,
LOG-04706,2026-06-18T14:36:06.415852+00:00,2026-06-18T14:36:07.094000+00:00,2026-06-18T14:36:11.922556+00:00,,678.1,5506.7,
LOG-04707,2026-06-18T14:36:06.416852+00:00,2026-06-18T14:36:07.096000+00:00,2026-06-18T14:36:11.922946+00:00,,679.1,5506.1,
LOG-04708,2026-06-18T14:36:06.417852+00:00,2026-06-18T14:36:07.098000+00:00,2026-06-18T14:36:11.923295+00:00,,680.1,5505.4,
LOG-04709,2026-06-18T14:36:06.418852+00:00,2026-06-18T14:36:07.100000+00:00,2026-06-18T14:36:11.923438+00:00,,681.1,5504.6,
LOG-04710,2026-06-18T14:36:06.419852+00:00,2026-06-18T14:36:07.102000+00:00,2026-06-18T14:36:11.923536+00:00,,682.1,5503.7,
LOG-04711,2026-06-18T14:36:06.420852+00:00,2026-06-18T14:36:07.104000+00:00,2026-06-18T14:36:11.923624+00:00,,683.1,5502.8,
LOG-04712,2026-06-18T14:36:06.421852+00:00,2026-06-18T14:36:07.106000+00:00,2026-06-18T14:36:11.923730+00:00,,684.1,5501.9,
LOG-04713,2026-06-18T14:36:06.422852+00:00,2026-06-18T14:36:07.108000+00:00,2026-06-18T14:36:11.924401+00:00,,685.1,5501.5,
LOG-04714,2026-06-18T14:36:06.423852+00:00,2026-06-18T14:36:07.110000+00:00,2026-06-18T14:36:11.924820+00:00,,686.1,5501.0,
LOG-04715,2026-06-18T14:36:06.424852+00:00,2026-06-18T14:36:07.112000+00:00,2026-06-18T14:36:11.925427+00:00,,687.1,5500.6,
LOG-04716,2026-06-18T14:36:06.425852+00:00,2026-06-18T14:36:07.114000+00:00,2026-06-18T14:36:11.925775+00:00,,688.1,5499.9,
LOG-04717,2026-06-18T14:36:06.426852+00:00,2026-06-18T14:36:07.116000+00:00,2026-06-18T14:36:11.926204+00:00,,689.1,5499.4,
LOG-04718,2026-06-18T14:36:06.427852+00:00,2026-06-18T14:36:07.118000+00:00,2026-06-18T14:36:11.926478+00:00,,690.1,5498.6,
LOG-04719,2026-06-18T14:36:06.428852+00:00,2026-06-18T14:36:07.120000+00:00,2026-06-18T14:36:11.926865+00:00,,691.1,5498.0,
LOG-04720,2026-06-18T14:36:06.429852+00:00,2026-06-18T14:36:07.122000+00:00,2026-06-18T14:36:11.927136+00:00,,692.1,5497.3,
LOG-04721,2026-06-18T14:36:06.430852+00:00,2026-06-18T14:36:07.124000+00:00,2026-06-18T14:36:11.927617+00:00,,693.1,5496.8,
LOG-04722,2026-06-18T14:36:06.431852+00:00,2026-06-18T14:36:07.126000+00:00,2026-06-18T14:36:11.927908+00:00,,694.1,5496.1,
LOG-04723,2026-06-18T14:36:06.432852+00:00,2026-06-18T14:36:07.128000+00:00,2026-06-18T14:36:11.928518+00:00,,695.1,5495.7,
LOG-04724,2026-06-18T14:36:06.433852+00:00,2026-06-18T14:36:07.130000+00:00,2026-06-18T14:36:11.929270+00:00,,696.1,5495.4,
LOG-04725,2026-06-18T14:36:06.434852+00:00,2026-06-18T14:36:07.132000+00:00,2026-06-18T14:36:11.930076+00:00,,697.1,5495.2,
LOG-04726,2026-06-18T14:36:06.435852+00:00,2026-06-18T14:36:07.134000+00:00,2026-06-18T14:36:11.930918+00:00,,698.1,5495.1,
LOG-04727,2026-06-18T14:36:06.436852+00:00,2026-06-18T14:36:07.136000+00:00,2026-06-18T14:36:11.931687+00:00,,699.1,5494.8,
LOG-04728,2026-06-18T14:36:06.437852+00:00,2026-06-18T14:36:07.138000+00:00,2026-06-18T14:36:11.932127+00:00,,700.1,5494.3,
LOG-04729,2026-06-18T14:36:06.438852+00:00,2026-06-18T14:36:07.140000+00:00,2026-06-18T14:36:11.932430+00:00,,701.1,5493.6,
LOG-04730,2026-06-18T14:36:06.439852+00:00,2026-06-18T14:36:07.142000+00:00,2026-06-18T14:36:11.933005+00:00,,702.1,5493.2,
LOG-04731,2026-06-18T14:36:06.440852+00:00,2026-06-18T14:36:07.144000+00:00,2026-06-18T14:36:11.933482+00:00,,703.1,5492.6,
LOG-04732,2026-06-18T14:36:06.441852+00:00,2026-06-18T14:36:07.146000+00:00,2026-06-18T14:36:11.933820+00:00,,704.1,5492.0,
LOG-04733,2026-06-18T14:36:06.442852+00:00,2026-06-18T14:36:07.148000+00:00,2026-06-18T14:36:11.934315+00:00,,705.1,5491.5,
LOG-04734,2026-06-18T14:36:06.443852+00:00,2026-06-18T14:36:07.150000+00:00,2026-06-18T14:36:11.934706+00:00,,706.1,5490.9,
LOG-04735,2026-06-18T14:36:06.444852+00:00,2026-06-18T14:36:07.152000+00:00,2026-06-18T14:36:11.935408+00:00,,707.1,5490.6,
LOG-04736,2026-06-18T14:36:06.445852+00:00,2026-06-18T14:36:07.154000+00:00,2026-06-18T14:36:11.936120+00:00,,708.1,5490.3,
LOG-04737,2026-06-18T14:36:06.446852+00:00,2026-06-18T14:36:07.156000+00:00,2026-06-18T14:36:11.936531+00:00,,709.1,5489.7,
LOG-04738,2026-06-18T14:36:06.447852+00:00,2026-06-18T14:36:07.158000+00:00,2026-06-18T14:36:11.936819+00:00,,710.1,5489.0,
LOG-04739,2026-06-18T14:36:06.448852+00:00,2026-06-18T14:36:07.160000+00:00,2026-06-18T14:36:11.937444+00:00,,711.1,5488.6,
LOG-04740,2026-06-18T14:36:06.449852+00:00,2026-06-18T14:36:07.162000+00:00,2026-06-18T14:36:11.938251+00:00,,712.1,5488.4,
LOG-04741,2026-06-18T14:36:06.450852+00:00,2026-06-18T14:36:07.165000+00:00,2026-06-18T14:36:11.939060+00:00,,714.1,5488.2,
LOG-04742,2026-06-18T14:36:06.451852+00:00,2026-06-18T14:36:07.166000+00:00,2026-06-18T14:36:11.939668+00:00,,714.1,5487.8,
LOG-04743,2026-06-18T14:36:06.452852+00:00,2026-06-18T14:36:07.168000+00:00,2026-06-18T14:36:11.940037+00:00,,715.1,5487.2,
LOG-04744,2026-06-18T14:36:06.453852+00:00,2026-06-18T14:36:07.170000+00:00,2026-06-18T14:36:11.940714+00:00,,716.1,5486.9,
LOG-04745,2026-06-18T14:36:06.454852+00:00,2026-06-18T14:36:07.172000+00:00,2026-06-18T14:36:11.941210+00:00,,717.1,5486.4,
LOG-04746,2026-06-18T14:36:06.455852+00:00,2026-06-18T14:36:07.175000+00:00,2026-06-18T14:36:11.941521+00:00,,719.1,5485.7,
LOG-04747,2026-06-18T14:36:06.456852+00:00,2026-06-18T14:36:07.177000+00:00,2026-06-18T14:36:11.942110+00:00,,720.1,5485.3,
LOG-04748,2026-06-18T14:36:06.457852+00:00,2026-06-18T14:36:07.178000+00:00,2026-06-18T14:36:11.942588+00:00,,720.1,5484.7,
LOG-04749,2026-06-18T14:36:06.458852+00:00,2026-06-18T14:36:07.180000+00:00,2026-06-18T14:36:11.942925+00:00,,721.1,5484.1,
LOG-04750,2026-06-18T14:36:06.459852+00:00,2026-06-18T14:36:07.182000+00:00,2026-06-18T14:36:11.943562+00:00,,722.1,5483.7,
LOG-04751,2026-06-18T14:36:06.460852+00:00,2026-06-18T14:36:07.184000+00:00,2026-06-18T14:36:11.944126+00:00,,723.1,5483.3,
LOG-04752,2026-06-18T14:36:06.461852+00:00,2026-06-18T14:36:07.186000+00:00,2026-06-18T14:36:11.944556+00:00,,724.1,5482.7,
LOG-04753,2026-06-18T14:36:06.462852+00:00,2026-06-18T14:36:07.188000+00:00,2026-06-18T14:36:11.944881+00:00,,725.1,5482.0,
LOG-04754,2026-06-18T14:36:06.463852+00:00,2026-06-18T14:36:07.190000+00:00,2026-06-18T14:36:11.945298+00:00,,726.1,5481.4,
LOG-04755,2026-06-18T14:36:06.464852+00:00,2026-06-18T14:36:07.192000+00:00,2026-06-18T14:36:11.945661+00:00,,727.1,5480.8,
LOG-04756,2026-06-18T14:36:06.465852+00:00,2026-06-18T14:36:07.194000+00:00,2026-06-18T14:36:11.946602+00:00,,728.1,5480.7,
LOG-04757,2026-06-18T14:36:06.466852+00:00,2026-06-18T14:36:07.196000+00:00,2026-06-18T14:36:11.947212+00:00,,729.1,5480.4,
LOG-04758,2026-06-18T14:36:06.467852+00:00,2026-06-18T14:36:07.198000+00:00,2026-06-18T14:36:11.947522+00:00,,730.1,5479.7,
LOG-04759,2026-06-18T14:36:06.468852+00:00,2026-06-18T14:36:07.200000+00:00,2026-06-18T14:36:11.948143+00:00,,731.1,5479.3,
LOG-04760,2026-06-18T14:36:06.469852+00:00,2026-06-18T14:36:07.202000+00:00,2026-06-18T14:36:11.948753+00:00,,732.1,5478.9,
LOG-04761,2026-06-18T14:36:06.470852+00:00,2026-06-18T14:36:07.205000+00:00,2026-06-18T14:36:11.949193+00:00,,734.1,5478.3,
LOG-04762,2026-06-18T14:36:06.471852+00:00,2026-06-18T14:36:07.206000+00:00,2026-06-18T14:36:11.949685+00:00,,734.1,5477.8,
LOG-04763,2026-06-18T14:36:06.472852+00:00,2026-06-18T14:36:07.208000+00:00,2026-06-18T14:36:11.950016+00:00,,735.1,5477.2,
LOG-04764,2026-06-18T14:36:06.473852+00:00,2026-06-18T14:36:07.210000+00:00,2026-06-18T14:36:11.950817+00:00,,736.1,5477.0,
LOG-04765,2026-06-18T14:36:06.474852+00:00,2026-06-18T14:36:07.212000+00:00,2026-06-18T14:36:11.951325+00:00,,737.1,5476.5,
LOG-04766,2026-06-18T14:36:06.475852+00:00,2026-06-18T14:36:07.214000+00:00,2026-06-18T14:36:11.952105+00:00,,738.1,5476.3,
LOG-04767,2026-06-18T14:36:06.476852+00:00,2026-06-18T14:36:07.216000+00:00,2026-06-18T14:36:11.952761+00:00,,739.1,5475.9,
LOG-04768,2026-06-18T14:36:06.477852+00:00,2026-06-18T14:36:07.218000+00:00,2026-06-18T14:36:11.953511+00:00,,740.1,5475.7,
LOG-04769,2026-06-18T14:36:06.478852+00:00,2026-06-18T14:36:07.220000+00:00,2026-06-18T14:36:11.954578+00:00,,741.1,5475.7,
LOG-04770,2026-06-18T14:36:06.479852+00:00,2026-06-18T14:36:07.222000+00:00,2026-06-18T14:36:11.955402+00:00,,742.1,5475.5,
LOG-04771,2026-06-18T14:36:06.480852+00:00,2026-06-18T14:36:07.224000+00:00,2026-06-18T14:36:11.956119+00:00,,743.1,5475.3,
LOG-04772,2026-06-18T14:36:06.481852+00:00,2026-06-18T14:36:07.226000+00:00,2026-06-18T14:36:11.957125+00:00,,744.1,5475.3,
LOG-04773,2026-06-18T14:36:06.482852+00:00,2026-06-18T14:36:07.228000+00:00,2026-06-18T14:36:11.957271+00:00,,745.1,5474.4,
LOG-04774,2026-06-18T14:36:06.483852+00:00,2026-06-18T14:36:07.230000+00:00,2026-06-18T14:36:11.957971+00:00,,746.1,5474.1,
LOG-04775,2026-06-18T14:36:06.484852+00:00,2026-06-18T14:36:07.232000+00:00,2026-06-18T14:36:11.958411+00:00,,747.1,5473.6,
LOG-04776,2026-06-18T14:36:06.485852+00:00,2026-06-18T14:36:07.234000+00:00,2026-06-18T14:36:11.959020+00:00,,748.1,5473.2,
LOG-04777,2026-06-18T14:36:06.486852+00:00,2026-06-18T14:36:07.236000+00:00,2026-06-18T14:36:11.959440+00:00,,749.1,5472.6,
LOG-04778,2026-06-18T14:36:06.487852+00:00,2026-06-18T14:36:07.238000+00:00,2026-06-18T14:36:11.960382+00:00,,750.1,5472.5,
LOG-04779,2026-06-18T14:36:06.488852+00:00,2026-06-18T14:36:07.240000+00:00,2026-06-18T14:36:11.961026+00:00,,751.1,5472.2,
LOG-04780,2026-06-18T14:36:06.489852+00:00,2026-06-18T14:36:07.242000+00:00,2026-06-18T14:36:11.961570+00:00,,752.1,5471.7,
LOG-04781,2026-06-18T14:36:06.490852+00:00,2026-06-18T14:36:07.244000+00:00,2026-06-18T14:36:11.962347+00:00,,753.1,5471.5,
LOG-04782,2026-06-18T14:36:06.491852+00:00,2026-06-18T14:36:07.246000+00:00,2026-06-18T14:36:11.963433+00:00,,754.1,5471.6,
LOG-04783,2026-06-18T14:36:06.492852+00:00,2026-06-18T14:36:07.248000+00:00,2026-06-18T14:36:11.964400+00:00,,755.1,5471.5,
LOG-04784,2026-06-18T14:36:06.493852+00:00,2026-06-18T14:36:07.250000+00:00,2026-06-18T14:36:11.965490+00:00,,756.1,5471.6,
LOG-04785,2026-06-18T14:36:06.494852+00:00,2026-06-18T14:36:07.252000+00:00,2026-06-18T14:36:11.966525+00:00,,757.1,5471.7,
LOG-04786,2026-06-18T14:36:06.495852+00:00,2026-06-18T14:36:07.254000+00:00,2026-06-18T14:36:11.967570+00:00,,758.1,5471.7,
LOG-04787,2026-06-18T14:36:06.496852+00:00,2026-06-18T14:36:07.256000+00:00,2026-06-18T14:36:11.968535+00:00,,759.1,5471.7,
LOG-04788,2026-06-18T14:36:06.497852+00:00,2026-06-18T14:36:07.258000+00:00,2026-06-18T14:36:11.969425+00:00,,760.1,5471.6,
LOG-04789,2026-06-18T14:36:06.498852+00:00,2026-06-18T14:36:07.260000+00:00,2026-06-18T14:36:11.970286+00:00,,761.1,5471.4,
LOG-04790,2026-06-18T14:36:06.499852+00:00,2026-06-18T14:36:07.262000+00:00,2026-06-18T14:36:11.970932+00:00,,762.1,5471.1,
LOG-04791,2026-06-18T14:36:06.500852+00:00,2026-06-18T14:36:07.264000+00:00,2026-06-18T14:36:11.971555+00:00,,763.1,5470.7,
LOG-04792,2026-06-18T14:36:06.501852+00:00,2026-06-18T14:36:07.266000+00:00,2026-06-18T14:36:11.971694+00:00,,764.1,5469.8,
LOG-04793,2026-06-18T14:36:06.502852+00:00,2026-06-18T14:36:07.268000+00:00,2026-06-18T14:36:11.972488+00:00,,765.1,5469.6,
LOG-04794,2026-06-18T14:36:06.503852+00:00,2026-06-18T14:36:07.270000+00:00,2026-06-18T14:36:11.972941+00:00,,766.1,5469.1,
LOG-04795,2026-06-18T14:36:06.504852+00:00,2026-06-18T14:36:07.272000+00:00,2026-06-18T14:36:11.974491+00:00,,767.1,5469.6,
LOG-04796,2026-06-18T14:36:06.505852+00:00,2026-06-18T14:36:07.274000+00:00,2026-06-18T14:36:11.974654+00:00,,768.1,5468.8,
LOG-04797,2026-06-18T14:36:06.506852+00:00,2026-06-18T14:36:07.276000+00:00,2026-06-18T14:36:11.975154+00:00,,769.1,5468.3,
LOG-04798,2026-06-18T14:36:06.507852+00:00,2026-06-18T14:36:07.278000+00:00,2026-06-18T14:36:11.975266+00:00,,770.1,5467.4,
LOG-04799,2026-06-18T14:36:06.508852+00:00,2026-06-18T14:36:07.280000+00:00,2026-06-18T14:36:11.975369+00:00,,771.1,5466.5,
LOG-04800,2026-06-18T14:36:06.509852+00:00,2026-06-18T14:36:07.282000+00:00,2026-06-18T14:36:11.975467+00:00,,772.1,5465.6,
LOG-04801,2026-06-18T14:36:06.510852+00:00,2026-06-18T14:36:07.284000+00:00,2026-06-18T14:36:11.976676+00:00,,773.1,5465.8,
LOG-04802,2026-06-18T14:36:06.511852+00:00,2026-06-18T14:36:07.286000+00:00,2026-06-18T14:36:11.978008+00:00,,774.1,5466.2,
LOG-04803,2026-06-18T14:36:06.512852+00:00,2026-06-18T14:36:07.288000+00:00,2026-06-18T14:36:11.978766+00:00,,775.1,5465.9,
LOG-04804,2026-06-18T14:36:06.513852+00:00,2026-06-18T14:36:07.290000+00:00,2026-06-18T14:36:11.979351+00:00,,776.1,5465.5,
LOG-04805,2026-06-18T14:36:06.514852+00:00,2026-06-18T14:36:07.292000+00:00,2026-06-18T14:36:11.980097+00:00,,777.1,5465.2,
LOG-04806,2026-06-18T14:36:06.515852+00:00,2026-06-18T14:36:07.294000+00:00,2026-06-18T14:36:11.980220+00:00,,778.1,5464.4,
LOG-04807,2026-06-18T14:36:06.516852+00:00,2026-06-18T14:36:07.296000+00:00,2026-06-18T14:36:11.980327+00:00,,779.1,5463.5,
LOG-04808,2026-06-18T14:36:06.517852+00:00,2026-06-18T14:36:07.298000+00:00,2026-06-18T14:36:11.980427+00:00,,780.1,5462.6,
LOG-04809,2026-06-18T14:36:06.518852+00:00,2026-06-18T14:36:07.300000+00:00,2026-06-18T14:36:11.980526+00:00,,781.1,5461.7,
LOG-04810,2026-06-18T14:36:06.519852+00:00,2026-06-18T14:36:07.302000+00:00,2026-06-18T14:36:11.980951+00:00,,782.1,5461.1,
LOG-04811,2026-06-18T14:36:06.520852+00:00,2026-06-18T14:36:07.304000+00:00,2026-06-18T14:36:11.981090+00:00,,783.1,5460.2,
LOG-04812,2026-06-18T14:36:06.521852+00:00,2026-06-18T14:36:07.307000+00:00,2026-06-18T14:36:11.981204+00:00,,785.1,5459.4,
LOG-04813,2026-06-18T14:36:06.522852+00:00,2026-06-18T14:36:07.308000+00:00,2026-06-18T14:36:11.982077+00:00,,785.1,5459.2,
LOG-04814,2026-06-18T14:36:06.523852+00:00,2026-06-18T14:36:07.310000+00:00,2026-06-18T14:36:11.982675+00:00,,786.1,5458.8,
LOG-04815,2026-06-18T14:36:06.524852+00:00,2026-06-18T14:36:07.312000+00:00,2026-06-18T14:36:11.984434+00:00,,787.1,5459.6,
LOG-04816,2026-06-18T14:36:06.525852+00:00,2026-06-18T14:36:07.314000+00:00,2026-06-18T14:36:11.987084+00:00,,788.1,5461.2,
LOG-04817,2026-06-18T14:36:06.526852+00:00,2026-06-18T14:36:07.316000+00:00,2026-06-18T14:36:11.988116+00:00,,789.1,5461.3,
LOG-04818,2026-06-18T14:36:06.527852+00:00,2026-06-18T14:36:07.318000+00:00,2026-06-18T14:36:11.989301+00:00,,790.1,5461.4,
LOG-04819,2026-06-18T14:36:06.528852+00:00,2026-06-18T14:36:07.320000+00:00,2026-06-18T14:36:11.990122+00:00,,791.1,5461.3,
LOG-04820,2026-06-18T14:36:06.529852+00:00,2026-06-18T14:36:07.322000+00:00,2026-06-18T14:36:11.990570+00:00,,792.1,5460.7,
LOG-04821,2026-06-18T14:36:06.530852+00:00,2026-06-18T14:36:07.324000+00:00,2026-06-18T14:36:11.991630+00:00,,793.1,5460.8,
LOG-04822,2026-06-18T14:36:06.531852+00:00,2026-06-18T14:36:07.331000+00:00,2026-06-18T14:36:11.993495+00:00,,799.1,5461.6,
LOG-04823,2026-06-18T14:36:06.532852+00:00,2026-06-18T14:36:07.331000+00:00,2026-06-18T14:36:11.992461+00:00,,798.1,5459.6,
LOG-04824,2026-06-18T14:36:06.533852+00:00,2026-06-18T14:36:07.332000+00:00,2026-06-18T14:36:11.994429+00:00,,798.1,5460.6,
LOG-04825,2026-06-18T14:36:06.534852+00:00,2026-06-18T14:36:07.334000+00:00,2026-06-18T14:36:11.995339+00:00,,799.1,5460.5,
LOG-04826,2026-06-18T14:36:06.535852+00:00,2026-06-18T14:36:07.336000+00:00,2026-06-18T14:36:11.996434+00:00,,800.1,5460.6,
LOG-04827,2026-06-18T14:36:06.536852+00:00,2026-06-18T14:36:07.338000+00:00,2026-06-18T14:36:11.997505+00:00,,801.1,5460.7,
LOG-04828,2026-06-18T14:36:06.537852+00:00,2026-06-18T14:36:07.340000+00:00,2026-06-18T14:36:11.998243+00:00,,802.1,5460.4,
LOG-04829,2026-06-18T14:36:06.538852+00:00,2026-06-18T14:36:07.342000+00:00,2026-06-18T14:36:11.999259+00:00,,803.1,5460.4,
LOG-04830,2026-06-18T14:36:06.539852+00:00,2026-06-18T14:36:07.344000+00:00,2026-06-18T14:36:11.999754+00:00,,804.1,5459.9,
LOG-04831,2026-06-18T14:36:06.540852+00:00,2026-06-18T14:36:07.346000+00:00,2026-06-18T14:36:12.000402+00:00,,805.1,5459.5,
LOG-04832,2026-06-18T14:36:06.541852+00:00,2026-06-18T14:36:07.348000+00:00,2026-06-18T14:36:12.000750+00:00,,806.1,5458.9,
LOG-04833,2026-06-18T14:36:06.542852+00:00,2026-06-18T14:36:07.350000+00:00,2026-06-18T14:36:12.001694+00:00,,807.1,5458.8,
LOG-04834,2026-06-18T14:36:06.543852+00:00,2026-06-18T14:36:07.352000+00:00,2026-06-18T14:36:12.002317+00:00,,808.1,5458.5,
LOG-04835,2026-06-18T14:36:06.544852+00:00,2026-06-18T14:36:07.355000+00:00,2026-06-18T14:36:12.002700+00:00,,810.1,5457.8,
LOG-04836,2026-06-18T14:36:06.545852+00:00,2026-06-18T14:36:07.356000+00:00,2026-06-18T14:36:12.003693+00:00,,810.1,5457.8,
LOG-04837,2026-06-18T14:36:06.546852+00:00,2026-06-18T14:36:07.358000+00:00,2026-06-18T14:36:12.004704+00:00,,811.1,5457.9,
LOG-04838,2026-06-18T14:36:06.547852+00:00,2026-06-18T14:36:07.360000+00:00,2026-06-18T14:36:12.005939+00:00,,812.1,5458.1,
LOG-04839,2026-06-18T14:36:06.548852+00:00,2026-06-18T14:36:07.362000+00:00,2026-06-18T14:36:12.006919+00:00,,813.1,5458.1,
LOG-04840,2026-06-18T14:36:06.549852+00:00,2026-06-18T14:36:07.364000+00:00,2026-06-18T14:36:12.007515+00:00,,814.1,5457.7,
LOG-04841,2026-06-18T14:36:06.550852+00:00,2026-06-18T14:36:07.366000+00:00,2026-06-18T14:36:12.007954+00:00,,815.1,5457.1,
LOG-04842,2026-06-18T14:36:06.551852+00:00,2026-06-18T14:36:07.368000+00:00,2026-06-18T14:36:12.008507+00:00,,816.1,5456.7,
LOG-04843,2026-06-18T14:36:06.552852+00:00,2026-06-18T14:36:07.370000+00:00,2026-06-18T14:36:12.008921+00:00,,817.1,5456.1,
LOG-04844,2026-06-18T14:36:06.553852+00:00,2026-06-18T14:36:07.372000+00:00,2026-06-18T14:36:12.009477+00:00,,818.1,5455.6,
LOG-04845,2026-06-18T14:36:06.554852+00:00,2026-06-18T14:36:07.374000+00:00,2026-06-18T14:36:12.009887+00:00,,819.1,5455.0,
LOG-04846,2026-06-18T14:36:06.555852+00:00,2026-06-18T14:36:07.376000+00:00,2026-06-18T14:36:12.010384+00:00,,820.1,5454.5,
LOG-04847,2026-06-18T14:36:06.556852+00:00,2026-06-18T14:36:07.378000+00:00,2026-06-18T14:36:12.010819+00:00,,821.1,5454.0,
LOG-04848,2026-06-18T14:36:06.557852+00:00,2026-06-18T14:36:07.380000+00:00,2026-06-18T14:36:12.011736+00:00,,822.1,5453.9,
LOG-04849,2026-06-18T14:36:06.558852+00:00,2026-06-18T14:36:07.382000+00:00,2026-06-18T14:36:12.012816+00:00,,823.1,5454.0,
LOG-04850,2026-06-18T14:36:06.559852+00:00,2026-06-18T14:36:07.384000+00:00,2026-06-18T14:36:12.013538+00:00,,824.1,5453.7,
LOG-04851,2026-06-18T14:36:06.560852+00:00,2026-06-18T14:36:07.386000+00:00,2026-06-18T14:36:12.014995+00:00,,825.1,5454.1,
LOG-04852,2026-06-18T14:36:06.561852+00:00,2026-06-18T14:36:07.388000+00:00,2026-06-18T14:36:12.016062+00:00,,826.1,5454.2,
LOG-04853,2026-06-18T14:36:06.562852+00:00,2026-06-18T14:36:07.390000+00:00,2026-06-18T14:36:12.016575+00:00,,827.1,5453.7,
LOG-04854,2026-06-18T14:36:06.563852+00:00,2026-06-18T14:36:07.392000+00:00,2026-06-18T14:36:12.016773+00:00,,828.1,5452.9,
LOG-04855,2026-06-18T14:36:06.564852+00:00,2026-06-18T14:36:07.394000+00:00,2026-06-18T14:36:12.016914+00:00,,829.1,5452.1,
LOG-04856,2026-06-18T14:36:06.565852+00:00,2026-06-18T14:36:07.396000+00:00,2026-06-18T14:36:12.017032+00:00,,830.1,5451.2,
LOG-04857,2026-06-18T14:36:06.566852+00:00,2026-06-18T14:36:07.398000+00:00,2026-06-18T14:36:12.017135+00:00,,831.1,5450.3,
LOG-04858,2026-06-18T14:36:06.567852+00:00,2026-06-18T14:36:07.400000+00:00,2026-06-18T14:36:12.017234+00:00,,832.1,5449.4,
LOG-04859,2026-06-18T14:36:06.568852+00:00,2026-06-18T14:36:07.402000+00:00,2026-06-18T14:36:12.017329+00:00,,833.1,5448.5,
LOG-04860,2026-06-18T14:36:06.569852+00:00,2026-06-18T14:36:07.404000+00:00,2026-06-18T14:36:12.017962+00:00,,834.1,5448.1,
LOG-04861,2026-06-18T14:36:06.570852+00:00,2026-06-18T14:36:07.406000+00:00,2026-06-18T14:36:12.018080+00:00,,835.1,5447.2,
LOG-04862,2026-06-18T14:36:06.571852+00:00,2026-06-18T14:36:07.408000+00:00,2026-06-18T14:36:12.019205+00:00,,836.1,5447.4,
LOG-04863,2026-06-18T14:36:06.572852+00:00,2026-06-18T14:36:07.410000+00:00,2026-06-18T14:36:12.019979+00:00,,837.1,5447.1,
LOG-04864,2026-06-18T14:36:06.573852+00:00,2026-06-18T14:36:07.412000+00:00,2026-06-18T14:36:12.020482+00:00,,838.1,5446.6,
LOG-04865,2026-06-18T14:36:06.574852+00:00,2026-06-18T14:36:07.414000+00:00,2026-06-18T14:36:12.021092+00:00,,839.1,5446.2,
LOG-04866,2026-06-18T14:36:06.575852+00:00,2026-06-18T14:36:07.416000+00:00,2026-06-18T14:36:12.021718+00:00,,840.1,5445.9,
LOG-04867,2026-06-18T14:36:06.576852+00:00,2026-06-18T14:36:07.418000+00:00,2026-06-18T14:36:12.022729+00:00,,841.1,5445.9,
LOG-04868,2026-06-18T14:36:06.577852+00:00,2026-06-18T14:36:07.420000+00:00,2026-06-18T14:36:12.023265+00:00,,842.1,5445.4,
LOG-04869,2026-06-18T14:36:06.578852+00:00,2026-06-18T14:36:07.422000+00:00,2026-06-18T14:36:12.023678+00:00,,843.1,5444.8,
LOG-04870,2026-06-18T14:36:06.579852+00:00,2026-06-18T14:36:07.424000+00:00,2026-06-18T14:36:12.024213+00:00,,844.1,5444.4,
LOG-04871,2026-06-18T14:36:06.580852+00:00,2026-06-18T14:36:07.426000+00:00,2026-06-18T14:36:12.024575+00:00,,845.1,5443.7,
LOG-04872,2026-06-18T14:36:06.581852+00:00,2026-06-18T14:36:07.428000+00:00,2026-06-18T14:36:12.025230+00:00,,846.1,5443.4,
LOG-04873,2026-06-18T14:36:06.582852+00:00,2026-06-18T14:36:07.430000+00:00,2026-06-18T14:36:12.025778+00:00,,847.1,5442.9,
LOG-04874,2026-06-18T14:36:06.583852+00:00,2026-06-18T14:36:07.433000+00:00,2026-06-18T14:36:12.026133+00:00,,849.1,5442.3,
LOG-04875,2026-06-18T14:36:06.584852+00:00,2026-06-18T14:36:07.434000+00:00,2026-06-18T14:36:12.026654+00:00,,849.1,5441.8,
LOG-04876,2026-06-18T14:36:06.585852+00:00,2026-06-18T14:36:07.436000+00:00,2026-06-18T14:36:12.026943+00:00,,850.1,5441.1,
LOG-04877,2026-06-18T14:36:06.586852+00:00,2026-06-18T14:36:07.439000+00:00,2026-06-18T14:36:12.027593+00:00,,852.1,5440.7,
LOG-04878,2026-06-18T14:36:06.587852+00:00,2026-06-18T14:36:07.441000+00:00,2026-06-18T14:36:12.028286+00:00,,853.1,5440.4,
LOG-04879,2026-06-18T14:36:06.588852+00:00,2026-06-18T14:36:07.443000+00:00,2026-06-18T14:36:12.028950+00:00,,854.1,5440.1,
LOG-04880,2026-06-18T14:36:06.589852+00:00,2026-06-18T14:36:07.445000+00:00,2026-06-18T14:36:12.029733+00:00,,855.1,5439.9,
LOG-04881,2026-06-18T14:36:06.590852+00:00,2026-06-18T14:36:07.447000+00:00,2026-06-18T14:36:12.030673+00:00,,856.1,5439.8,
LOG-04882,2026-06-18T14:36:06.591852+00:00,2026-06-18T14:36:07.449000+00:00,2026-06-18T14:36:12.031300+00:00,,857.1,5439.4,
LOG-04883,2026-06-18T14:36:06.592852+00:00,2026-06-18T14:36:07.451000+00:00,2026-06-18T14:36:12.031662+00:00,,858.1,5438.8,
LOG-04884,2026-06-18T14:36:06.593852+00:00,2026-06-18T14:36:07.454000+00:00,2026-06-18T14:36:12.032399+00:00,,860.1,5438.5,
LOG-04885,2026-06-18T14:36:06.594852+00:00,2026-06-18T14:36:07.455000+00:00,2026-06-18T14:36:12.033092+00:00,,860.1,5438.2,
LOG-04886,2026-06-18T14:36:06.595852+00:00,2026-06-18T14:36:07.457000+00:00,2026-06-18T14:36:12.033572+00:00,,861.1,5437.7,
LOG-04887,2026-06-18T14:36:06.596852+00:00,2026-06-18T14:36:07.459000+00:00,2026-06-18T14:36:12.033924+00:00,,862.1,5437.1,
LOG-04888,2026-06-18T14:36:06.597852+00:00,2026-06-18T14:36:07.462000+00:00,2026-06-18T14:36:12.034627+00:00,,864.1,5436.8,
LOG-04889,2026-06-18T14:36:06.598852+00:00,2026-06-18T14:36:07.463000+00:00,2026-06-18T14:36:12.035113+00:00,,864.1,5436.3,
LOG-04890,2026-06-18T14:36:06.599852+00:00,2026-06-18T14:36:07.466000+00:00,2026-06-18T14:36:12.035363+00:00,,866.1,5435.5,
LOG-04891,2026-06-18T14:36:06.600852+00:00,2026-06-18T14:36:07.468000+00:00,2026-06-18T14:36:12.036042+00:00,,867.1,5435.2,
LOG-04892,2026-06-18T14:36:06.601852+00:00,2026-06-18T14:36:07.470000+00:00,2026-06-18T14:36:12.036862+00:00,,868.1,5435.0,
LOG-04893,2026-06-18T14:36:06.602852+00:00,2026-06-18T14:36:07.472000+00:00,2026-06-18T14:36:12.037780+00:00,,869.1,5434.9,
LOG-04894,2026-06-18T14:36:06.603852+00:00,2026-06-18T14:36:07.474000+00:00,2026-06-18T14:36:12.038696+00:00,,870.1,5434.8,
LOG-04895,2026-06-18T14:36:06.604852+00:00,2026-06-18T14:36:07.476000+00:00,2026-06-18T14:36:12.039150+00:00,,871.1,5434.3,
LOG-04896,2026-06-18T14:36:06.605852+00:00,2026-06-18T14:36:07.478000+00:00,2026-06-18T14:36:12.039416+00:00,,872.1,5433.6,
LOG-04897,2026-06-18T14:36:06.606852+00:00,2026-06-18T14:36:07.480000+00:00,2026-06-18T14:36:12.040049+00:00,,873.1,5433.2,
LOG-04898,2026-06-18T14:36:06.607852+00:00,2026-06-18T14:36:07.482000+00:00,2026-06-18T14:36:12.040503+00:00,,874.1,5432.7,
LOG-04899,2026-06-18T14:36:06.608852+00:00,2026-06-18T14:36:07.484000+00:00,2026-06-18T14:36:12.040792+00:00,,875.1,5431.9,
LOG-04900,2026-06-18T14:36:06.609852+00:00,2026-06-18T14:36:07.486000+00:00,2026-06-18T14:36:12.041172+00:00,,876.1,5431.3,
LOG-04901,2026-06-18T14:36:06.610852+00:00,2026-06-18T14:36:07.489000+00:00,2026-06-18T14:36:12.041469+00:00,,878.1,5430.6,
LOG-04902,2026-06-18T14:36:06.611852+00:00,2026-06-18T14:36:07.490000+00:00,2026-06-18T14:36:12.041835+00:00,,878.1,5430.0,
LOG-04903,2026-06-18T14:36:06.612852+00:00,2026-06-18T14:36:07.492000+00:00,2026-06-18T14:36:12.042120+00:00,,879.1,5429.3,
LOG-04904,2026-06-18T14:36:06.613852+00:00,2026-06-18T14:36:07.495000+00:00,2026-06-18T14:36:12.042574+00:00,,881.1,5428.7,
LOG-04905,2026-06-18T14:36:06.614852+00:00,2026-06-18T14:36:07.496000+00:00,2026-06-18T14:36:12.042988+00:00,,881.1,5428.1,
LOG-04906,2026-06-18T14:36:06.615852+00:00,2026-06-18T14:36:07.498000+00:00,2026-06-18T14:36:12.043465+00:00,,882.1,5427.6,
LOG-04907,2026-06-18T14:36:06.616852+00:00,2026-06-18T14:36:07.500000+00:00,2026-06-18T14:36:12.043783+00:00,,883.1,5426.9,
LOG-04908,2026-06-18T14:36:06.617852+00:00,2026-06-18T14:36:07.502000+00:00,2026-06-18T14:36:12.044176+00:00,,884.1,5426.3,
LOG-04909,2026-06-18T14:36:06.618852+00:00,2026-06-18T14:36:07.504000+00:00,2026-06-18T14:36:12.044452+00:00,,885.1,5425.6,
LOG-04910,2026-06-18T14:36:06.619852+00:00,2026-06-18T14:36:07.506000+00:00,2026-06-18T14:36:12.044813+00:00,,886.1,5425.0,
LOG-04911,2026-06-18T14:36:06.620852+00:00,2026-06-18T14:36:07.508000+00:00,2026-06-18T14:36:12.045102+00:00,,887.1,5424.2,
LOG-04912,2026-06-18T14:36:06.621852+00:00,2026-06-18T14:36:07.510000+00:00,2026-06-18T14:36:12.045774+00:00,,888.1,5423.9,
LOG-04913,2026-06-18T14:36:06.622852+00:00,2026-06-18T14:36:07.512000+00:00,2026-06-18T14:36:12.046216+00:00,,889.1,5423.4,
LOG-04914,2026-06-18T14:36:06.623852+00:00,2026-06-18T14:36:07.514000+00:00,2026-06-18T14:36:12.046989+00:00,,890.1,5423.1,
LOG-04915,2026-06-18T14:36:06.624852+00:00,2026-06-18T14:36:07.516000+00:00,2026-06-18T14:36:12.047454+00:00,,891.1,5422.6,
LOG-04916,2026-06-18T14:36:06.625852+00:00,2026-06-18T14:36:07.518000+00:00,2026-06-18T14:36:12.047978+00:00,,892.1,5422.1,
LOG-04917,2026-06-18T14:36:06.626852+00:00,2026-06-18T14:36:07.520000+00:00,2026-06-18T14:36:12.048300+00:00,,893.1,5421.4,
LOG-04918,2026-06-18T14:36:06.627852+00:00,2026-06-18T14:36:07.522000+00:00,2026-06-18T14:36:12.048732+00:00,,894.1,5420.9,
LOG-04919,2026-06-18T14:36:06.628852+00:00,2026-06-18T14:36:07.524000+00:00,2026-06-18T14:36:12.048975+00:00,,895.1,5420.1,
LOG-04920,2026-06-18T14:36:06.629852+00:00,2026-06-18T14:36:07.526000+00:00,2026-06-18T14:36:12.049560+00:00,,896.1,5419.7,
LOG-04921,2026-06-18T14:36:06.630852+00:00,2026-06-18T14:36:07.528000+00:00,2026-06-18T14:36:12.049957+00:00,,897.1,5419.1,
LOG-04922,2026-06-18T14:36:06.631852+00:00,2026-06-18T14:36:07.530000+00:00,2026-06-18T14:36:12.050227+00:00,,898.1,5418.4,
LOG-04923,2026-06-18T14:36:06.632852+00:00,2026-06-18T14:36:07.532000+00:00,2026-06-18T14:36:12.050822+00:00,,899.1,5418.0,
LOG-04924,2026-06-18T14:36:06.633852+00:00,2026-06-18T14:36:07.534000+00:00,2026-06-18T14:36:12.051198+00:00,,900.1,5417.3,
LOG-04925,2026-06-18T14:36:06.634852+00:00,2026-06-18T14:36:07.536000+00:00,2026-06-18T14:36:12.051467+00:00,,901.1,5416.6,
LOG-04926,2026-06-18T14:36:06.635852+00:00,2026-06-18T14:36:07.539000+00:00,2026-06-18T14:36:12.051847+00:00,,903.1,5416.0,
LOG-04927,2026-06-18T14:36:06.636852+00:00,2026-06-18T14:36:07.540000+00:00,2026-06-18T14:36:12.052136+00:00,,903.1,5415.3,
LOG-04928,2026-06-18T14:36:06.637852+00:00,2026-06-18T14:36:07.542000+00:00,2026-06-18T14:36:12.052749+00:00,,904.1,5414.9,
LOG-04929,2026-06-18T14:36:06.638852+00:00,2026-06-18T14:36:07.544000+00:00,2026-06-18T14:36:12.053160+00:00,,905.1,5414.3,
LOG-04930,2026-06-18T14:36:06.639852+00:00,2026-06-18T14:36:07.546000+00:00,2026-06-18T14:36:12.053403+00:00,,906.1,5413.6,
LOG-04931,2026-06-18T14:36:06.640852+00:00,2026-06-18T14:36:07.548000+00:00,2026-06-18T14:36:12.053938+00:00,,907.1,5413.1,
LOG-04932,2026-06-18T14:36:06.641852+00:00,2026-06-18T14:36:07.550000+00:00,2026-06-18T14:36:12.054291+00:00,,908.1,5412.4,
LOG-04933,2026-06-18T14:36:06.642852+00:00,2026-06-18T14:36:07.552000+00:00,2026-06-18T14:36:12.055054+00:00,,909.1,5412.2,
LOG-04934,2026-06-18T14:36:06.643852+00:00,2026-06-18T14:36:07.554000+00:00,2026-06-18T14:36:12.055633+00:00,,910.1,5411.8,
LOG-04935,2026-06-18T14:36:06.644852+00:00,2026-06-18T14:36:07.556000+00:00,2026-06-18T14:36:12.056004+00:00,,911.1,5411.2,
LOG-04936,2026-06-18T14:36:06.645852+00:00,2026-06-18T14:36:07.558000+00:00,2026-06-18T14:36:12.056425+00:00,,912.1,5410.6,
LOG-04937,2026-06-18T14:36:06.646852+00:00,2026-06-18T14:36:07.560000+00:00,2026-06-18T14:36:12.056717+00:00,,913.1,5409.9,
LOG-04938,2026-06-18T14:36:06.647852+00:00,2026-06-18T14:36:07.562000+00:00,2026-06-18T14:36:12.057071+00:00,,914.1,5409.2,
LOG-04939,2026-06-18T14:36:06.648852+00:00,2026-06-18T14:36:07.564000+00:00,2026-06-18T14:36:12.057401+00:00,,915.1,5408.5,
LOG-04940,2026-06-18T14:36:06.649852+00:00,2026-06-18T14:36:07.566000+00:00,2026-06-18T14:36:12.058065+00:00,,916.1,5408.2,
LOG-04941,2026-06-18T14:36:06.650852+00:00,2026-06-18T14:36:07.568000+00:00,2026-06-18T14:36:12.058677+00:00,,917.1,5407.8,
LOG-04942,2026-06-18T14:36:06.651852+00:00,2026-06-18T14:36:07.571000+00:00,2026-06-18T14:36:12.059037+00:00,,919.1,5407.2,
LOG-04943,2026-06-18T14:36:06.652852+00:00,2026-06-18T14:36:07.572000+00:00,2026-06-18T14:36:12.059304+00:00,,919.1,5406.5,
LOG-04944,2026-06-18T14:36:06.653852+00:00,2026-06-18T14:36:07.574000+00:00,2026-06-18T14:36:12.060025+00:00,,920.1,5406.2,
LOG-04945,2026-06-18T14:36:06.654852+00:00,2026-06-18T14:36:07.577000+00:00,2026-06-18T14:36:12.060640+00:00,,922.1,5405.8,
LOG-04946,2026-06-18T14:36:06.655852+00:00,2026-06-18T14:36:07.580000+00:00,2026-06-18T14:36:12.061216+00:00,,924.1,5405.4,
LOG-04947,2026-06-18T14:36:06.656852+00:00,2026-06-18T14:36:07.581000+00:00,2026-06-18T14:36:12.061686+00:00,,924.1,5404.8,
LOG-04948,2026-06-18T14:36:06.657852+00:00,2026-06-18T14:36:07.583000+00:00,2026-06-18T14:36:12.062024+00:00,,925.1,5404.2,
LOG-04949,2026-06-18T14:36:06.658852+00:00,2026-06-18T14:36:07.585000+00:00,2026-06-18T14:36:12.062692+00:00,,926.1,5403.8,
LOG-04950,2026-06-18T14:36:06.659852+00:00,2026-06-18T14:36:07.587000+00:00,2026-06-18T14:36:12.063633+00:00,,927.1,5403.8,
LOG-04951,2026-06-18T14:36:06.660852+00:00,2026-06-18T14:36:07.589000+00:00,2026-06-18T14:36:12.064448+00:00,,928.1,5403.6,
LOG-04952,2026-06-18T14:36:06.661852+00:00,2026-06-18T14:36:07.591000+00:00,2026-06-18T14:36:12.065168+00:00,,929.1,5403.3,
LOG-04953,2026-06-18T14:36:06.662852+00:00,2026-06-18T14:36:07.593000+00:00,2026-06-18T14:36:12.065725+00:00,,930.1,5402.9,
LOG-04954,2026-06-18T14:36:06.663852+00:00,2026-06-18T14:36:07.595000+00:00,2026-06-18T14:36:12.066020+00:00,,931.1,5402.2,
LOG-04955,2026-06-18T14:36:06.664852+00:00,2026-06-18T14:36:07.597000+00:00,2026-06-18T14:36:12.066455+00:00,,932.1,5401.6,
LOG-04956,2026-06-18T14:36:06.665852+00:00,2026-06-18T14:36:07.599000+00:00,2026-06-18T14:36:12.066704+00:00,,933.1,5400.9,
LOG-04957,2026-06-18T14:36:06.666852+00:00,2026-06-18T14:36:07.601000+00:00,2026-06-18T14:36:12.067105+00:00,,934.1,5400.3,
LOG-04958,2026-06-18T14:36:06.667852+00:00,2026-06-18T14:36:07.603000+00:00,2026-06-18T14:36:12.067423+00:00,,935.1,5399.6,
LOG-04959,2026-06-18T14:36:06.668852+00:00,2026-06-18T14:36:07.605000+00:00,2026-06-18T14:36:12.067916+00:00,,936.1,5399.1,
LOG-04960,2026-06-18T14:36:06.669852+00:00,2026-06-18T14:36:07.607000+00:00,2026-06-18T14:36:12.068245+00:00,,937.1,5398.4,
LOG-04961,2026-06-18T14:36:06.670852+00:00,2026-06-18T14:36:07.609000+00:00,2026-06-18T14:36:12.068663+00:00,,938.1,5397.8,
LOG-04962,2026-06-18T14:36:06.671852+00:00,2026-06-18T14:36:07.611000+00:00,2026-06-18T14:36:12.068991+00:00,,939.1,5397.1,
LOG-04963,2026-06-18T14:36:06.672852+00:00,2026-06-18T14:36:07.613000+00:00,2026-06-18T14:36:12.069613+00:00,,940.1,5396.8,
LOG-04964,2026-06-18T14:36:06.673852+00:00,2026-06-18T14:36:07.615000+00:00,2026-06-18T14:36:12.070185+00:00,,941.1,5396.3,
LOG-04965,2026-06-18T14:36:06.674852+00:00,2026-06-18T14:36:07.617000+00:00,2026-06-18T14:36:12.070594+00:00,,942.1,5395.7,
LOG-04966,2026-06-18T14:36:06.675852+00:00,2026-06-18T14:36:07.619000+00:00,2026-06-18T14:36:12.070860+00:00,,943.1,5395.0,
LOG-04967,2026-06-18T14:36:06.676852+00:00,2026-06-18T14:36:07.621000+00:00,2026-06-18T14:36:12.071378+00:00,,944.1,5394.5,
LOG-04968,2026-06-18T14:36:06.677852+00:00,2026-06-18T14:36:07.623000+00:00,2026-06-18T14:36:12.071772+00:00,,945.1,5393.9,
LOG-04969,2026-06-18T14:36:06.678852+00:00,2026-06-18T14:36:07.625000+00:00,2026-06-18T14:36:12.072545+00:00,,946.1,5393.7,
LOG-04970,2026-06-18T14:36:06.679852+00:00,2026-06-18T14:36:07.627000+00:00,2026-06-18T14:36:12.073274+00:00,,947.1,5393.4,
LOG-04971,2026-06-18T14:36:06.680852+00:00,2026-06-18T14:36:07.629000+00:00,2026-06-18T14:36:12.073741+00:00,,948.1,5392.9,
LOG-04972,2026-06-18T14:36:06.681852+00:00,2026-06-18T14:36:07.631000+00:00,2026-06-18T14:36:12.074054+00:00,,949.1,5392.2,
LOG-04973,2026-06-18T14:36:06.682852+00:00,2026-06-18T14:36:07.633000+00:00,2026-06-18T14:36:12.074490+00:00,,950.1,5391.6,
LOG-04974,2026-06-18T14:36:06.683852+00:00,2026-06-18T14:36:07.635000+00:00,2026-06-18T14:36:12.074828+00:00,,951.1,5391.0,
LOG-04975,2026-06-18T14:36:06.684852+00:00,2026-06-18T14:36:07.637000+00:00,2026-06-18T14:36:12.075456+00:00,,952.1,5390.6,
LOG-04976,2026-06-18T14:36:06.685852+00:00,2026-06-18T14:36:07.639000+00:00,2026-06-18T14:36:12.076159+00:00,,953.1,5390.3,
LOG-04977,2026-06-18T14:36:06.686852+00:00,2026-06-18T14:36:07.641000+00:00,2026-06-18T14:36:12.076759+00:00,,954.1,5389.9,
LOG-04978,2026-06-18T14:36:06.687852+00:00,2026-06-18T14:36:07.643000+00:00,2026-06-18T14:36:12.077251+00:00,,955.1,5389.4,
LOG-04979,2026-06-18T14:36:06.688852+00:00,2026-06-18T14:36:07.645000+00:00,2026-06-18T14:36:12.077568+00:00,,956.1,5388.7,
LOG-04980,2026-06-18T14:36:06.689852+00:00,2026-06-18T14:36:07.647000+00:00,2026-06-18T14:36:12.078194+00:00,,957.1,5388.3,
LOG-04981,2026-06-18T14:36:06.690852+00:00,2026-06-18T14:36:07.649000+00:00,2026-06-18T14:36:12.078616+00:00,,958.1,5387.8,
LOG-04982,2026-06-18T14:36:06.691852+00:00,2026-06-18T14:36:07.651000+00:00,2026-06-18T14:36:12.078900+00:00,,959.1,5387.0,
LOG-04983,2026-06-18T14:36:06.692852+00:00,2026-06-18T14:36:07.653000+00:00,2026-06-18T14:36:12.079349+00:00,,960.1,5386.5,
LOG-04984,2026-06-18T14:36:06.693852+00:00,2026-06-18T14:36:07.655000+00:00,2026-06-18T14:36:12.079725+00:00,,961.1,5385.9,
LOG-04985,2026-06-18T14:36:06.694852+00:00,2026-06-18T14:36:07.657000+00:00,2026-06-18T14:36:12.080233+00:00,,962.1,5385.4,
LOG-04986,2026-06-18T14:36:06.695852+00:00,2026-06-18T14:36:07.659000+00:00,2026-06-18T14:36:12.080565+00:00,,963.1,5384.7,
LOG-04987,2026-06-18T14:36:06.696852+00:00,2026-06-18T14:36:07.661000+00:00,2026-06-18T14:36:12.081091+00:00,,964.1,5384.2,
LOG-04988,2026-06-18T14:36:06.697852+00:00,2026-06-18T14:36:07.663000+00:00,2026-06-18T14:36:12.081353+00:00,,965.1,5383.5,
LOG-04989,2026-06-18T14:36:06.698852+00:00,2026-06-18T14:36:07.665000+00:00,2026-06-18T14:36:12.082004+00:00,,966.1,5383.2,
LOG-04990,2026-06-18T14:36:06.699852+00:00,2026-06-18T14:36:07.667000+00:00,2026-06-18T14:36:12.082688+00:00,,967.1,5382.8,
LOG-04991,2026-06-18T14:36:06.700852+00:00,2026-06-18T14:36:07.669000+00:00,2026-06-18T14:36:12.083104+00:00,,968.1,5382.3,
LOG-04992,2026-06-18T14:36:06.701852+00:00,2026-06-18T14:36:07.671000+00:00,2026-06-18T14:36:12.083378+00:00,,969.1,5381.5,
LOG-04993,2026-06-18T14:36:06.702852+00:00,2026-06-18T14:36:07.673000+00:00,2026-06-18T14:36:12.083768+00:00,,970.1,5380.9,
LOG-04994,2026-06-18T14:36:06.703852+00:00,2026-06-18T14:36:07.675000+00:00,2026-06-18T14:36:12.084000+00:00,,971.1,5380.1,
LOG-04995,2026-06-18T14:36:06.704852+00:00,2026-06-18T14:36:07.677000+00:00,2026-06-18T14:36:12.084379+00:00,,972.1,5379.5,
LOG-04996,2026-06-18T14:36:06.705852+00:00,2026-06-18T14:36:07.679000+00:00,2026-06-18T14:36:12.084635+00:00,,973.1,5378.8,
LOG-04997,2026-06-18T14:36:06.706852+00:00,2026-06-18T14:36:07.681000+00:00,2026-06-18T14:36:12.085103+00:00,,974.1,5378.3,
LOG-04998,2026-06-18T14:36:06.707852+00:00,2026-06-18T14:36:07.682000+00:00,2026-06-18T14:36:12.085406+00:00,,974.1,5377.6,
LOG-04999,2026-06-18T14:36:06.708852+00:00,2026-06-18T14:36:07.684000+00:00,2026-06-18T14:36:12.086000+00:00,,975.1,5377.1,
LOG-05000,2026-06-18T14:36:06.709852+00:00,2026-06-18T14:36:07.686000+00:00,2026-06-18T14:36:12.086084+00:00,,976.1,5376.2,
LOG-05001,2026-06-18T14:36:06.710852+00:00,2026-06-18T14:36:07.688000+00:00,2026-06-18T14:36:12.086666+00:00,,977.1,5375.8,
LOG-05002,2026-06-18T14:36:06.711852+00:00,2026-06-18T14:36:07.690000+00:00,2026-06-18T14:36:12.087368+00:00,,978.1,5375.5,
LOG-05003,2026-06-18T14:36:06.712852+00:00,2026-06-18T14:36:07.692000+00:00,2026-06-18T14:36:12.088131+00:00,,979.1,5375.3,
LOG-05004,2026-06-18T14:36:06.713852+00:00,2026-06-18T14:36:07.694000+00:00,2026-06-18T14:36:12.088956+00:00,,980.1,5375.1,
LOG-05005,2026-06-18T14:36:06.714852+00:00,2026-06-18T14:36:07.696000+00:00,2026-06-18T14:36:12.089674+00:00,,981.1,5374.8,
LOG-05006,2026-06-18T14:36:06.715852+00:00,2026-06-18T14:36:07.698000+00:00,2026-06-18T14:36:12.090043+00:00,,982.1,5374.2,
LOG-05007,2026-06-18T14:36:06.716852+00:00,2026-06-18T14:36:07.700000+00:00,2026-06-18T14:36:12.090347+00:00,,983.1,5373.5,
LOG-05008,2026-06-18T14:36:06.717852+00:00,2026-06-18T14:36:07.702000+00:00,2026-06-18T14:36:12.090837+00:00,,984.1,5373.0,
LOG-05009,2026-06-18T14:36:06.718852+00:00,2026-06-18T14:36:07.704000+00:00,2026-06-18T14:36:12.091143+00:00,,985.1,5372.3,
LOG-05010,2026-06-18T14:36:06.719852+00:00,2026-06-18T14:36:07.706000+00:00,2026-06-18T14:36:12.091544+00:00,,986.1,5371.7,
LOG-05011,2026-06-18T14:36:06.720852+00:00,2026-06-18T14:36:07.708000+00:00,2026-06-18T14:36:12.091825+00:00,,987.1,5371.0,
LOG-05012,2026-06-18T14:36:06.721852+00:00,2026-06-18T14:36:07.710000+00:00,2026-06-18T14:36:12.092332+00:00,,988.1,5370.5,
LOG-05013,2026-06-18T14:36:06.722852+00:00,2026-06-18T14:36:07.712000+00:00,2026-06-18T14:36:12.092580+00:00,,989.1,5369.7,
LOG-05014,2026-06-18T14:36:06.723852+00:00,2026-06-18T14:36:07.714000+00:00,2026-06-18T14:36:12.092992+00:00,,990.1,5369.1,
LOG-05015,2026-06-18T14:36:06.724852+00:00,2026-06-18T14:36:07.716000+00:00,2026-06-18T14:36:12.093257+00:00,,991.1,5368.4,
LOG-05016,2026-06-18T14:36:06.725852+00:00,2026-06-18T14:36:07.718000+00:00,2026-06-18T14:36:12.093678+00:00,,992.1,5367.8,
LOG-05017,2026-06-18T14:36:06.726852+00:00,2026-06-18T14:36:07.720000+00:00,2026-06-18T14:36:12.093958+00:00,,993.1,5367.1,
LOG-05018,2026-06-18T14:36:06.727852+00:00,2026-06-18T14:36:07.722000+00:00,2026-06-18T14:36:12.094353+00:00,,994.1,5366.5,
LOG-05019,2026-06-18T14:36:06.728852+00:00,2026-06-18T14:36:07.724000+00:00,2026-06-18T14:36:12.094688+00:00,,995.1,5365.8,
LOG-05020,2026-06-18T14:36:06.729852+00:00,2026-06-18T14:36:07.726000+00:00,2026-06-18T14:36:12.095191+00:00,,996.1,5365.3,
LOG-05021,2026-06-18T14:36:06.730852+00:00,2026-06-18T14:36:07.728000+00:00,2026-06-18T14:36:12.095462+00:00,,997.1,5364.6,
LOG-05022,2026-06-18T14:36:06.731852+00:00,2026-06-18T14:36:07.730000+00:00,2026-06-18T14:36:12.095883+00:00,,998.1,5364.0,
LOG-05023,2026-06-18T14:36:06.732852+00:00,2026-06-18T14:36:07.732000+00:00,2026-06-18T14:36:12.096132+00:00,,999.1,5363.3,
LOG-05024,2026-06-18T14:36:06.733852+00:00,2026-06-18T14:36:07.734000+00:00,2026-06-18T14:36:12.096629+00:00,,1000.1,5362.8,
LOG-05025,2026-06-18T14:36:06.734852+00:00,2026-06-18T14:36:07.736000+00:00,2026-06-18T14:36:12.097056+00:00,,1001.1,5362.2,
LOG-05026,2026-06-18T14:36:06.735852+00:00,2026-06-18T14:36:07.738000+00:00,2026-06-18T14:36:12.097559+00:00,,1002.1,5361.7,
LOG-05027,2026-06-18T14:36:06.736852+00:00,2026-06-18T14:36:07.740000+00:00,2026-06-18T14:36:12.097919+00:00,,1003.1,5361.1,
LOG-05028,2026-06-18T14:36:06.737852+00:00,2026-06-18T14:36:07.742000+00:00,2026-06-18T14:36:12.098513+00:00,,1004.1,5360.7,
LOG-05029,2026-06-18T14:36:06.738852+00:00,2026-06-18T14:36:07.744000+00:00,2026-06-18T14:36:12.098805+00:00,,1005.1,5360.0,
LOG-05030,2026-06-18T14:36:06.739852+00:00,2026-06-18T14:36:07.746000+00:00,2026-06-18T14:36:12.099286+00:00,,1006.1,5359.4,
LOG-05031,2026-06-18T14:36:06.740852+00:00,2026-06-18T14:36:07.748000+00:00,2026-06-18T14:36:12.099558+00:00,,1007.1,5358.7,
LOG-05032,2026-06-18T14:36:06.741852+00:00,2026-06-18T14:36:07.750000+00:00,2026-06-18T14:36:12.100122+00:00,,1008.1,5358.3,
LOG-05033,2026-06-18T14:36:06.742852+00:00,2026-06-18T14:36:07.752000+00:00,2026-06-18T14:36:12.100708+00:00,,1009.1,5357.9,
LOG-05034,2026-06-18T14:36:06.743852+00:00,2026-06-18T14:36:07.754000+00:00,2026-06-18T14:36:12.101133+00:00,,1010.1,5357.3,
LOG-05035,2026-06-18T14:36:06.744852+00:00,2026-06-18T14:36:07.756000+00:00,2026-06-18T14:36:12.101383+00:00,,1011.1,5356.5,
LOG-05036,2026-06-18T14:36:06.745852+00:00,2026-06-18T14:36:07.758000+00:00,2026-06-18T14:36:12.101798+00:00,,1012.1,5355.9,
LOG-05037,2026-06-18T14:36:06.746852+00:00,2026-06-18T14:36:07.760000+00:00,2026-06-18T14:36:12.102077+00:00,,1013.1,5355.2,
LOG-05038,2026-06-18T14:36:06.747852+00:00,2026-06-18T14:36:07.762000+00:00,2026-06-18T14:36:12.102448+00:00,,1014.1,5354.6,
LOG-05039,2026-06-18T14:36:06.748852+00:00,2026-06-18T14:36:07.764000+00:00,2026-06-18T14:36:12.102727+00:00,,1015.1,5353.9,
LOG-05040,2026-06-18T14:36:06.749852+00:00,2026-06-18T14:36:07.766000+00:00,2026-06-18T14:36:12.103148+00:00,,1016.1,5353.3,
LOG-05041,2026-06-18T14:36:06.750852+00:00,2026-06-18T14:36:07.768000+00:00,2026-06-18T14:36:12.103509+00:00,,1017.1,5352.7,
LOG-05042,2026-06-18T14:36:06.751852+00:00,2026-06-18T14:36:07.770000+00:00,2026-06-18T14:36:12.103594+00:00,,1018.1,5351.7,
LOG-05043,2026-06-18T14:36:06.752852+00:00,2026-06-18T14:36:07.772000+00:00,2026-06-18T14:36:12.104022+00:00,,1019.1,5351.2,
LOG-05044,2026-06-18T14:36:06.753852+00:00,2026-06-18T14:36:07.774000+00:00,2026-06-18T14:36:12.104431+00:00,,1020.1,5350.6,
LOG-05045,2026-06-18T14:36:06.754852+00:00,2026-06-18T14:36:07.776000+00:00,2026-06-18T14:36:12.105250+00:00,,1021.1,5350.4,
LOG-05046,2026-06-18T14:36:06.755852+00:00,2026-06-18T14:36:07.778000+00:00,2026-06-18T14:36:12.105757+00:00,,1022.1,5349.9,
LOG-05047,2026-06-18T14:36:06.756852+00:00,2026-06-18T14:36:07.781000+00:00,2026-06-18T14:36:12.106116+00:00,,1024.1,5349.3,
LOG-05048,2026-06-18T14:36:06.757852+00:00,2026-06-18T14:36:07.783000+00:00,2026-06-18T14:36:12.106577+00:00,,1025.1,5348.7,
LOG-05049,2026-06-18T14:36:06.758852+00:00,2026-06-18T14:36:07.784000+00:00,2026-06-18T14:36:12.106876+00:00,,1025.1,5348.0,
LOG-05050,2026-06-18T14:36:06.759852+00:00,2026-06-18T14:36:07.786000+00:00,2026-06-18T14:36:12.107551+00:00,,1026.1,5347.7,
LOG-05051,2026-06-18T14:36:06.760852+00:00,2026-06-18T14:36:07.788000+00:00,2026-06-18T14:36:12.107983+00:00,,1027.1,5347.1,
LOG-05052,2026-06-18T14:36:06.761852+00:00,2026-06-18T14:36:07.791000+00:00,2026-06-18T14:36:12.108087+00:00,,1029.1,5346.2,
LOG-05053,2026-06-18T14:36:06.762852+00:00,2026-06-18T14:36:07.793000+00:00,2026-06-18T14:36:12.108376+00:00,,1030.1,5345.5,
LOG-05054,2026-06-18T14:36:06.763852+00:00,2026-06-18T14:36:07.796000+00:00,2026-06-18T14:36:12.108926+00:00,,1032.1,5345.1,
LOG-05055,2026-06-18T14:36:06.764852+00:00,2026-06-18T14:36:07.797000+00:00,2026-06-18T14:36:12.109300+00:00,,1032.1,5344.4,
LOG-05056,2026-06-18T14:36:06.765852+00:00,2026-06-18T14:36:07.799000+00:00,2026-06-18T14:36:12.109619+00:00,,1033.1,5343.8,
LOG-05057,2026-06-18T14:36:06.766852+00:00,2026-06-18T14:36:07.801000+00:00,2026-06-18T14:36:12.110157+00:00,,1034.1,5343.3,
LOG-05058,2026-06-18T14:36:06.767852+00:00,2026-06-18T14:36:07.804000+00:00,2026-06-18T14:36:12.110519+00:00,,1036.1,5342.7,
LOG-05059,2026-06-18T14:36:06.768852+00:00,2026-06-18T14:36:07.805000+00:00,2026-06-18T14:36:12.110797+00:00,,1036.1,5341.9,
LOG-05060,2026-06-18T14:36:06.769852+00:00,2026-06-18T14:36:07.807000+00:00,2026-06-18T14:36:12.111369+00:00,,1037.1,5341.5,
LOG-05061,2026-06-18T14:36:06.770852+00:00,2026-06-18T14:36:07.809000+00:00,2026-06-18T14:36:12.111966+00:00,,1038.1,5341.1,
LOG-05062,2026-06-18T14:36:06.771852+00:00,2026-06-18T14:36:07.813000+00:00,2026-06-18T14:36:12.112372+00:00,,1041.1,5340.5,
LOG-05063,2026-06-18T14:36:06.772852+00:00,2026-06-18T14:36:07.813000+00:00,2026-06-18T14:36:12.112714+00:00,,1040.1,5339.9,
LOG-05064,2026-06-18T14:36:06.773852+00:00,2026-06-18T14:36:07.815000+00:00,2026-06-18T14:36:12.113528+00:00,,1041.1,5339.7,
LOG-05065,2026-06-18T14:36:06.774852+00:00,2026-06-18T14:36:07.817000+00:00,2026-06-18T14:36:12.114173+00:00,,1042.1,5339.3,
LOG-05066,2026-06-18T14:36:06.775852+00:00,2026-06-18T14:36:07.819000+00:00,2026-06-18T14:36:12.114615+00:00,,1043.1,5338.8,
LOG-05067,2026-06-18T14:36:06.776852+00:00,2026-06-18T14:36:07.822000+00:00,2026-06-18T14:36:12.114867+00:00,,1045.1,5338.0,
LOG-05068,2026-06-18T14:36:06.777852+00:00,2026-06-18T14:36:07.823000+00:00,2026-06-18T14:36:12.115322+00:00,,1045.1,5337.5,
LOG-05069,2026-06-18T14:36:06.778852+00:00,2026-06-18T14:36:07.825000+00:00,2026-06-18T14:36:12.115581+00:00,,1046.1,5336.7,
LOG-05070,2026-06-18T14:36:06.779852+00:00,2026-06-18T14:36:07.827000+00:00,2026-06-18T14:36:12.116238+00:00,,1047.1,5336.4,
LOG-05071,2026-06-18T14:36:06.780852+00:00,2026-06-18T14:36:07.829000+00:00,2026-06-18T14:36:12.116682+00:00,,1048.1,5335.8,
LOG-05072,2026-06-18T14:36:06.781852+00:00,2026-06-18T14:36:07.831000+00:00,2026-06-18T14:36:12.116948+00:00,,1049.1,5335.1,
LOG-05073,2026-06-18T14:36:06.782852+00:00,2026-06-18T14:36:07.833000+00:00,2026-06-18T14:36:12.117382+00:00,,1050.1,5334.5,
LOG-05074,2026-06-18T14:36:06.783852+00:00,2026-06-18T14:36:07.835000+00:00,2026-06-18T14:36:12.117675+00:00,,1051.1,5333.8,
LOG-05075,2026-06-18T14:36:06.784852+00:00,2026-06-18T14:36:07.837000+00:00,2026-06-18T14:36:12.118048+00:00,,1052.1,5333.2,
LOG-05076,2026-06-18T14:36:06.785852+00:00,2026-06-18T14:36:07.839000+00:00,2026-06-18T14:36:12.118315+00:00,,1053.1,5332.5,
LOG-05077,2026-06-18T14:36:06.786852+00:00,2026-06-18T14:36:07.841000+00:00,2026-06-18T14:36:12.118845+00:00,,1054.1,5332.0,
LOG-05078,2026-06-18T14:36:06.787852+00:00,2026-06-18T14:36:07.843000+00:00,2026-06-18T14:36:12.119268+00:00,,1055.1,5331.4,
LOG-05079,2026-06-18T14:36:06.788852+00:00,2026-06-18T14:36:07.845000+00:00,2026-06-18T14:36:12.119539+00:00,,1056.1,5330.7,
LOG-05080,2026-06-18T14:36:06.789852+00:00,2026-06-18T14:36:07.847000+00:00,2026-06-18T14:36:12.120101+00:00,,1057.1,5330.2,
LOG-05081,2026-06-18T14:36:06.790852+00:00,2026-06-18T14:36:07.849000+00:00,2026-06-18T14:36:12.120683+00:00,,1058.1,5329.8,
LOG-05082,2026-06-18T14:36:06.791852+00:00,2026-06-18T14:36:07.851000+00:00,2026-06-18T14:36:12.121315+00:00,,1059.1,5329.5,
LOG-05083,2026-06-18T14:36:06.792852+00:00,2026-06-18T14:36:07.853000+00:00,2026-06-18T14:36:12.122105+00:00,,1060.1,5329.3,
LOG-05084,2026-06-18T14:36:06.793852+00:00,2026-06-18T14:36:07.855000+00:00,2026-06-18T14:36:12.122766+00:00,,1061.1,5328.9,
LOG-05085,2026-06-18T14:36:06.794852+00:00,2026-06-18T14:36:07.857000+00:00,2026-06-18T14:36:12.123350+00:00,,1062.1,5328.5,
LOG-05086,2026-06-18T14:36:06.795852+00:00,2026-06-18T14:36:07.859000+00:00,2026-06-18T14:36:12.123627+00:00,,1063.1,5327.8,
LOG-05087,2026-06-18T14:36:06.796852+00:00,2026-06-18T14:36:07.861000+00:00,2026-06-18T14:36:12.124040+00:00,,1064.1,5327.2,
LOG-05088,2026-06-18T14:36:06.797852+00:00,2026-06-18T14:36:07.863000+00:00,2026-06-18T14:36:12.124279+00:00,,1065.1,5326.4,
LOG-05089,2026-06-18T14:36:06.798852+00:00,2026-06-18T14:36:07.865000+00:00,2026-06-18T14:36:12.124694+00:00,,1066.1,5325.8,
LOG-05090,2026-06-18T14:36:06.799852+00:00,2026-06-18T14:36:07.867000+00:00,2026-06-18T14:36:12.124940+00:00,,1067.1,5325.1,
LOG-05091,2026-06-18T14:36:06.800852+00:00,2026-06-18T14:36:07.869000+00:00,2026-06-18T14:36:12.125328+00:00,,1068.1,5324.5,
LOG-05092,2026-06-18T14:36:06.801852+00:00,2026-06-18T14:36:07.871000+00:00,2026-06-18T14:36:12.125612+00:00,,1069.1,5323.8,
LOG-05093,2026-06-18T14:36:06.802852+00:00,2026-06-18T14:36:07.873000+00:00,2026-06-18T14:36:12.126182+00:00,,1070.1,5323.3,
LOG-05094,2026-06-18T14:36:06.803852+00:00,2026-06-18T14:36:07.875000+00:00,2026-06-18T14:36:12.126632+00:00,,1071.1,5322.8,
LOG-05095,2026-06-18T14:36:06.804852+00:00,2026-06-18T14:36:07.877000+00:00,2026-06-18T14:36:12.126938+00:00,,1072.1,5322.1,
LOG-05096,2026-06-18T14:36:06.805852+00:00,2026-06-18T14:36:07.880000+00:00,2026-06-18T14:36:12.127379+00:00,,1074.1,5321.5,
LOG-05097,2026-06-18T14:36:06.806852+00:00,2026-06-18T14:36:07.882000+00:00,2026-06-18T14:36:12.127756+00:00,,1075.1,5320.9,
LOG-05098,2026-06-18T14:36:06.807852+00:00,2026-06-18T14:36:07.884000+00:00,2026-06-18T14:36:12.128359+00:00,,1076.1,5320.5,
LOG-05099,2026-06-18T14:36:06.808852+00:00,2026-06-18T14:36:07.886000+00:00,2026-06-18T14:36:12.129062+00:00,,1077.1,5320.2,
LOG-05100,2026-06-18T14:36:06.809852+00:00,2026-06-18T14:36:07.888000+00:00,2026-06-18T14:36:12.129756+00:00,,1078.1,5319.9,
LOG-05101,2026-06-18T14:36:06.810852+00:00,2026-06-18T14:36:07.890000+00:00,2026-06-18T14:36:12.130214+00:00,,1079.1,5319.4,
LOG-05102,2026-06-18T14:36:06.811852+00:00,2026-06-18T14:36:07.892000+00:00,2026-06-18T14:36:12.130558+00:00,,1080.1,5318.7,
LOG-05103,2026-06-18T14:36:06.812852+00:00,2026-06-18T14:36:07.894000+00:00,2026-06-18T14:36:12.131161+00:00,,1081.1,5318.3,
LOG-05104,2026-06-18T14:36:06.813852+00:00,2026-06-18T14:36:07.896000+00:00,2026-06-18T14:36:12.131702+00:00,,1082.1,5317.8,
LOG-05105,2026-06-18T14:36:06.814852+00:00,2026-06-18T14:36:07.898000+00:00,2026-06-18T14:36:12.131973+00:00,,1083.1,5317.1,
LOG-05106,2026-06-18T14:36:06.815852+00:00,2026-06-18T14:36:07.900000+00:00,2026-06-18T14:36:12.132415+00:00,,1084.1,5316.6,
LOG-05107,2026-06-18T14:36:06.816852+00:00,2026-06-18T14:36:07.902000+00:00,2026-06-18T14:36:12.133104+00:00,,1085.1,5316.3,
LOG-05108,2026-06-18T14:36:06.817852+00:00,2026-06-18T14:36:07.904000+00:00,2026-06-18T14:36:12.133411+00:00,,1086.1,5315.6,
LOG-05109,2026-06-18T14:36:06.818852+00:00,2026-06-18T14:36:07.906000+00:00,2026-06-18T14:36:12.133783+00:00,,1087.1,5314.9,
LOG-05110,2026-06-18T14:36:07.924957+00:00,2026-06-18T14:36:08.018000+00:00,2026-06-18T14:36:12.134059+00:00,,93.0,4209.1,
LOG-05111,2026-06-18T14:36:07.925957+00:00,2026-06-18T14:36:08.020000+00:00,2026-06-18T14:36:12.134621+00:00,,94.0,4208.7,
LOG-05112,2026-06-18T14:36:07.926957+00:00,2026-06-18T14:36:08.022000+00:00,2026-06-18T14:36:12.134996+00:00,,95.0,4208.0,
LOG-05113,2026-06-18T14:36:07.927957+00:00,2026-06-18T14:36:08.024000+00:00,2026-06-18T14:36:12.135270+00:00,,96.0,4207.3,
LOG-05114,2026-06-18T14:36:07.928957+00:00,2026-06-18T14:36:08.026000+00:00,2026-06-18T14:36:12.135842+00:00,,97.0,4206.9,
LOG-05115,2026-06-18T14:36:07.929957+00:00,2026-06-18T14:36:08.028000+00:00,2026-06-18T14:36:12.136292+00:00,,98.0,4206.3,
LOG-05116,2026-06-18T14:36:07.930957+00:00,2026-06-18T14:36:08.030000+00:00,2026-06-18T14:36:12.136546+00:00,,99.0,4205.6,
LOG-05117,2026-06-18T14:36:07.931957+00:00,2026-06-18T14:36:08.032000+00:00,2026-06-18T14:36:12.137030+00:00,,100.0,4205.1,
LOG-05118,2026-06-18T14:36:07.932957+00:00,2026-06-18T14:36:08.034000+00:00,2026-06-18T14:36:12.137399+00:00,,101.0,4204.4,
LOG-05119,2026-06-18T14:36:07.933957+00:00,2026-06-18T14:36:08.036000+00:00,2026-06-18T14:36:12.137949+00:00,,102.0,4204.0,
LOG-05120,2026-06-18T14:36:07.934957+00:00,2026-06-18T14:36:08.038000+00:00,2026-06-18T14:36:12.138463+00:00,,103.0,4203.5,
LOG-05121,2026-06-18T14:36:07.935957+00:00,2026-06-18T14:36:08.040000+00:00,2026-06-18T14:36:12.139163+00:00,,104.0,4203.2,
LOG-05122,2026-06-18T14:36:07.936957+00:00,2026-06-18T14:36:08.042000+00:00,2026-06-18T14:36:12.139746+00:00,,105.0,4202.8,
LOG-05123,2026-06-18T14:36:07.937957+00:00,2026-06-18T14:36:08.044000+00:00,2026-06-18T14:36:12.140331+00:00,,106.0,4202.4,
LOG-05124,2026-06-18T14:36:07.938957+00:00,2026-06-18T14:36:08.045000+00:00,2026-06-18T14:36:12.140691+00:00,,106.0,4201.7,
LOG-05125,2026-06-18T14:36:07.939957+00:00,2026-06-18T14:36:08.047000+00:00,2026-06-18T14:36:12.140972+00:00,,107.0,4201.0,
LOG-05126,2026-06-18T14:36:07.940957+00:00,2026-06-18T14:36:08.049000+00:00,2026-06-18T14:36:12.141611+00:00,,108.0,4200.7,
LOG-05127,2026-06-18T14:36:07.941957+00:00,2026-06-18T14:36:08.051000+00:00,2026-06-18T14:36:12.141984+00:00,,109.0,4200.0,
LOG-05128,2026-06-18T14:36:07.942957+00:00,2026-06-18T14:36:08.053000+00:00,2026-06-18T14:36:12.142324+00:00,,110.0,4199.4,
LOG-05129,2026-06-18T14:36:07.943957+00:00,2026-06-18T14:36:08.055000+00:00,2026-06-18T14:36:12.142995+00:00,,111.0,4199.0,
LOG-05130,2026-06-18T14:36:07.944957+00:00,2026-06-18T14:36:08.057000+00:00,2026-06-18T14:36:12.143390+00:00,,112.0,4198.4,
LOG-05131,2026-06-18T14:36:07.945957+00:00,2026-06-18T14:36:08.059000+00:00,2026-06-18T14:36:12.143676+00:00,,113.0,4197.7,
LOG-05132,2026-06-18T14:36:07.946957+00:00,2026-06-18T14:36:08.061000+00:00,2026-06-18T14:36:12.144223+00:00,,114.0,4197.3,
LOG-05133,2026-06-18T14:36:07.947957+00:00,2026-06-18T14:36:08.063000+00:00,2026-06-18T14:36:12.144607+00:00,,115.0,4196.7,
LOG-05134,2026-06-18T14:36:07.948957+00:00,2026-06-18T14:36:08.065000+00:00,2026-06-18T14:36:12.144900+00:00,,116.0,4195.9,
LOG-05135,2026-06-18T14:36:07.949957+00:00,2026-06-18T14:36:08.067000+00:00,2026-06-18T14:36:12.145517+00:00,,117.0,4195.6,
LOG-05136,2026-06-18T14:36:07.950957+00:00,2026-06-18T14:36:08.069000+00:00,2026-06-18T14:36:12.146333+00:00,,118.0,4195.4,
LOG-05137,2026-06-18T14:36:07.951957+00:00,2026-06-18T14:36:08.071000+00:00,2026-06-18T14:36:12.147005+00:00,,119.0,4195.0,
LOG-05138,2026-06-18T14:36:07.952957+00:00,2026-06-18T14:36:08.073000+00:00,2026-06-18T14:36:12.147534+00:00,,120.0,4194.6,
LOG-05139,2026-06-18T14:36:07.953957+00:00,2026-06-18T14:36:08.075000+00:00,2026-06-18T14:36:12.147833+00:00,,121.0,4193.9,
LOG-05140,2026-06-18T14:36:07.954957+00:00,2026-06-18T14:36:08.077000+00:00,2026-06-18T14:36:12.148219+00:00,,122.0,4193.3,
LOG-05141,2026-06-18T14:36:07.955957+00:00,2026-06-18T14:36:08.079000+00:00,2026-06-18T14:36:12.148538+00:00,,123.0,4192.6,
LOG-05142,2026-06-18T14:36:07.956957+00:00,2026-06-18T14:36:08.081000+00:00,2026-06-18T14:36:12.148963+00:00,,124.0,4192.0,
LOG-05143,2026-06-18T14:36:07.957957+00:00,2026-06-18T14:36:08.083000+00:00,2026-06-18T14:36:12.149241+00:00,,125.0,4191.3,
LOG-05144,2026-06-18T14:36:07.958957+00:00,2026-06-18T14:36:08.085000+00:00,2026-06-18T14:36:12.149625+00:00,,126.0,4190.7,
LOG-05145,2026-06-18T14:36:07.959957+00:00,2026-06-18T14:36:08.087000+00:00,2026-06-18T14:36:12.149869+00:00,,127.0,4189.9,
LOG-05146,2026-06-18T14:36:07.960957+00:00,2026-06-18T14:36:08.089000+00:00,2026-06-18T14:36:12.150447+00:00,,128.0,4189.5,
LOG-05147,2026-06-18T14:36:07.961957+00:00,2026-06-18T14:36:08.091000+00:00,2026-06-18T14:36:12.150857+00:00,,129.0,4188.9,
LOG-05148,2026-06-18T14:36:07.962957+00:00,2026-06-18T14:36:08.093000+00:00,2026-06-18T14:36:12.151164+00:00,,130.0,4188.2,
LOG-05149,2026-06-18T14:36:07.963957+00:00,2026-06-18T14:36:08.095000+00:00,2026-06-18T14:36:12.151569+00:00,,131.0,4187.6,
LOG-05150,2026-06-18T14:36:07.964957+00:00,2026-06-18T14:36:08.097000+00:00,2026-06-18T14:36:12.151847+00:00,,132.0,4186.9,
LOG-05151,2026-06-18T14:36:07.965957+00:00,2026-06-18T14:36:08.099000+00:00,2026-06-18T14:36:12.152543+00:00,,133.0,4186.6,
LOG-05152,2026-06-18T14:36:07.966957+00:00,2026-06-18T14:36:08.101000+00:00,2026-06-18T14:36:12.153202+00:00,,134.0,4186.2,
LOG-05153,2026-06-18T14:36:07.967957+00:00,2026-06-18T14:36:08.103000+00:00,2026-06-18T14:36:12.153623+00:00,,135.0,4185.7,
LOG-05154,2026-06-18T14:36:07.968957+00:00,2026-06-18T14:36:08.105000+00:00,2026-06-18T14:36:12.153916+00:00,,136.0,4185.0,
LOG-05155,2026-06-18T14:36:07.969957+00:00,2026-06-18T14:36:08.107000+00:00,2026-06-18T14:36:12.154553+00:00,,137.0,4184.6,
LOG-05156,2026-06-18T14:36:07.970957+00:00,2026-06-18T14:36:08.109000+00:00,2026-06-18T14:36:12.155361+00:00,,138.0,4184.4,
LOG-05157,2026-06-18T14:36:07.971957+00:00,2026-06-18T14:36:08.111000+00:00,2026-06-18T14:36:12.155857+00:00,,139.0,4183.9,
LOG-05158,2026-06-18T14:36:07.972957+00:00,2026-06-18T14:36:08.113000+00:00,2026-06-18T14:36:12.156217+00:00,,140.0,4183.3,
LOG-05159,2026-06-18T14:36:07.973957+00:00,2026-06-18T14:36:08.115000+00:00,2026-06-18T14:36:12.156772+00:00,,141.0,4182.8,
LOG-05160,2026-06-18T14:36:07.974957+00:00,2026-06-18T14:36:08.117000+00:00,2026-06-18T14:36:12.157129+00:00,,142.0,4182.2,
LOG-05161,2026-06-18T14:36:07.975957+00:00,2026-06-18T14:36:08.119000+00:00,2026-06-18T14:36:12.157731+00:00,,143.0,4181.8,
LOG-05162,2026-06-18T14:36:07.976957+00:00,2026-06-18T14:36:08.121000+00:00,2026-06-18T14:36:12.158111+00:00,,144.0,4181.2,
LOG-05163,2026-06-18T14:36:07.977957+00:00,2026-06-18T14:36:08.123000+00:00,2026-06-18T14:36:12.158355+00:00,,145.0,4180.4,
LOG-05164,2026-06-18T14:36:07.978957+00:00,2026-06-18T14:36:08.125000+00:00,2026-06-18T14:36:12.158960+00:00,,146.0,4180.0,
LOG-05165,2026-06-18T14:36:07.979957+00:00,2026-06-18T14:36:08.127000+00:00,2026-06-18T14:36:12.159380+00:00,,147.0,4179.4,
LOG-05166,2026-06-18T14:36:07.980957+00:00,2026-06-18T14:36:08.129000+00:00,2026-06-18T14:36:12.159699+00:00,,148.0,4178.7,
LOG-05167,2026-06-18T14:36:07.981957+00:00,2026-06-18T14:36:08.131000+00:00,2026-06-18T14:36:12.159788+00:00,,149.0,4177.8,
LOG-05168,2026-06-18T14:36:07.982957+00:00,2026-06-18T14:36:08.133000+00:00,2026-06-18T14:36:12.160194+00:00,,150.0,4177.2,
LOG-05169,2026-06-18T14:36:07.983957+00:00,2026-06-18T14:36:08.135000+00:00,2026-06-18T14:36:12.160458+00:00,,151.0,4176.5,
LOG-05170,2026-06-18T14:36:07.984957+00:00,2026-06-18T14:36:08.137000+00:00,2026-06-18T14:36:12.161010+00:00,,152.0,4176.1,
LOG-05171,2026-06-18T14:36:07.985957+00:00,2026-06-18T14:36:08.139000+00:00,2026-06-18T14:36:12.161411+00:00,,153.0,4175.5,
LOG-05172,2026-06-18T14:36:07.986957+00:00,2026-06-18T14:36:08.141000+00:00,2026-06-18T14:36:12.161803+00:00,,154.0,4174.8,
LOG-05173,2026-06-18T14:36:07.987957+00:00,2026-06-18T14:36:08.143000+00:00,2026-06-18T14:36:12.162523+00:00,,155.0,4174.6,
LOG-05174,2026-06-18T14:36:07.988957+00:00,2026-06-18T14:36:08.145000+00:00,2026-06-18T14:36:12.163340+00:00,,156.0,4174.4,
LOG-05175,2026-06-18T14:36:07.989957+00:00,2026-06-18T14:36:08.147000+00:00,2026-06-18T14:36:12.163879+00:00,,157.0,4173.9,
LOG-05176,2026-06-18T14:36:07.990957+00:00,2026-06-18T14:36:08.149000+00:00,2026-06-18T14:36:12.164166+00:00,,158.0,4173.2,
LOG-05177,2026-06-18T14:36:07.991957+00:00,2026-06-18T14:36:08.151000+00:00,2026-06-18T14:36:12.164564+00:00,,159.0,4172.6,
LOG-05178,2026-06-18T14:36:07.992957+00:00,2026-06-18T14:36:08.153000+00:00,2026-06-18T14:36:12.164890+00:00,,160.0,4171.9,
LOG-05179,2026-06-18T14:36:07.993957+00:00,2026-06-18T14:36:08.155000+00:00,2026-06-18T14:36:12.165326+00:00,,161.0,4171.4,
LOG-05180,2026-06-18T14:36:07.994957+00:00,2026-06-18T14:36:08.157000+00:00,2026-06-18T14:36:12.165642+00:00,,162.0,4170.7,
LOG-05181,2026-06-18T14:36:07.995957+00:00,2026-06-18T14:36:08.159000+00:00,2026-06-18T14:36:12.166044+00:00,,163.0,4170.1,
LOG-05182,2026-06-18T14:36:07.996957+00:00,2026-06-18T14:36:08.161000+00:00,2026-06-18T14:36:12.166311+00:00,,164.0,4169.4,
LOG-05183,2026-06-18T14:36:07.997957+00:00,2026-06-18T14:36:08.163000+00:00,2026-06-18T14:36:12.166947+00:00,,165.0,4169.0,
LOG-05184,2026-06-18T14:36:07.998957+00:00,2026-06-18T14:36:08.165000+00:00,2026-06-18T14:36:12.167604+00:00,,166.0,4168.6,
LOG-05185,2026-06-18T14:36:07.999957+00:00,2026-06-18T14:36:08.167000+00:00,2026-06-18T14:36:12.168211+00:00,,167.0,4168.3,
LOG-05186,2026-06-18T14:36:08.000957+00:00,2026-06-18T14:36:08.169000+00:00,2026-06-18T14:36:12.168865+00:00,,168.0,4167.9,
LOG-05187,2026-06-18T14:36:08.001957+00:00,2026-06-18T14:36:08.171000+00:00,2026-06-18T14:36:12.169618+00:00,,169.0,4167.7,
LOG-05188,2026-06-18T14:36:08.002957+00:00,2026-06-18T14:36:08.173000+00:00,2026-06-18T14:36:12.170097+00:00,,170.0,4167.1,
LOG-05189,2026-06-18T14:36:08.003957+00:00,2026-06-18T14:36:08.175000+00:00,2026-06-18T14:36:12.170471+00:00,,171.0,4166.5,
LOG-05190,2026-06-18T14:36:08.004957+00:00,2026-06-18T14:36:08.177000+00:00,2026-06-18T14:36:12.171111+00:00,,172.0,4166.2,
LOG-05191,2026-06-18T14:36:08.005957+00:00,2026-06-18T14:36:08.179000+00:00,2026-06-18T14:36:12.171654+00:00,,173.0,4165.7,
LOG-05192,2026-06-18T14:36:08.006957+00:00,2026-06-18T14:36:08.181000+00:00,2026-06-18T14:36:12.173363+00:00,,174.0,4166.4,
LOG-05193,2026-06-18T14:36:08.007957+00:00,2026-06-18T14:36:08.183000+00:00,2026-06-18T14:36:12.173705+00:00,,175.0,4165.7,
LOG-05194,2026-06-18T14:36:08.008957+00:00,2026-06-18T14:36:08.185000+00:00,2026-06-18T14:36:12.174114+00:00,,176.0,4165.2,
LOG-05195,2026-06-18T14:36:08.009957+00:00,2026-06-18T14:36:08.187000+00:00,2026-06-18T14:36:12.174413+00:00,,177.0,4164.5,
LOG-05196,2026-06-18T14:36:08.010957+00:00,2026-06-18T14:36:08.189000+00:00,2026-06-18T14:36:12.174993+00:00,,178.0,4164.0,
LOG-05197,2026-06-18T14:36:08.011957+00:00,2026-06-18T14:36:08.191000+00:00,2026-06-18T14:36:12.175605+00:00,,179.0,4163.6,
LOG-05198,2026-06-18T14:36:08.012957+00:00,2026-06-18T14:36:08.193000+00:00,2026-06-18T14:36:12.175894+00:00,,180.0,4162.9,
LOG-05199,2026-06-18T14:36:08.013957+00:00,2026-06-18T14:36:08.195000+00:00,2026-06-18T14:36:12.176500+00:00,,181.0,4162.5,
LOG-05200,2026-06-18T14:36:08.014957+00:00,2026-06-18T14:36:08.197000+00:00,2026-06-18T14:36:12.176884+00:00,,182.0,4161.9,
LOG-05201,2026-06-18T14:36:08.015957+00:00,2026-06-18T14:36:08.199000+00:00,2026-06-18T14:36:12.177181+00:00,,183.0,4161.2,
LOG-05202,2026-06-18T14:36:08.016957+00:00,2026-06-18T14:36:08.201000+00:00,2026-06-18T14:36:12.177628+00:00,,184.0,4160.7,
LOG-05203,2026-06-18T14:36:08.017957+00:00,2026-06-18T14:36:08.203000+00:00,2026-06-18T14:36:12.177953+00:00,,185.0,4160.0,
LOG-05204,2026-06-18T14:36:08.018957+00:00,2026-06-18T14:36:08.205000+00:00,2026-06-18T14:36:12.178691+00:00,,186.0,4159.7,
LOG-05205,2026-06-18T14:36:08.019957+00:00,2026-06-18T14:36:08.207000+00:00,2026-06-18T14:36:12.179630+00:00,,187.0,4159.7,
LOG-05206,2026-06-18T14:36:08.020957+00:00,2026-06-18T14:36:08.209000+00:00,2026-06-18T14:36:12.180144+00:00,,188.0,4159.2,
LOG-05207,2026-06-18T14:36:08.021957+00:00,2026-06-18T14:36:08.211000+00:00,2026-06-18T14:36:12.180477+00:00,,189.0,4158.5,
LOG-05208,2026-06-18T14:36:08.022957+00:00,2026-06-18T14:36:08.213000+00:00,2026-06-18T14:36:12.180970+00:00,,190.0,4158.0,
LOG-05209,2026-06-18T14:36:08.023957+00:00,2026-06-18T14:36:08.215000+00:00,2026-06-18T14:36:12.182056+00:00,,191.0,4158.1,
LOG-05210,2026-06-18T14:36:08.024957+00:00,2026-06-18T14:36:08.217000+00:00,2026-06-18T14:36:12.182339+00:00,,192.0,4157.4,
LOG-05211,2026-06-18T14:36:08.025957+00:00,2026-06-18T14:36:08.219000+00:00,2026-06-18T14:36:12.182776+00:00,,193.0,4156.8,
LOG-05212,2026-06-18T14:36:08.026957+00:00,2026-06-18T14:36:08.221000+00:00,2026-06-18T14:36:12.183762+00:00,,194.0,4156.8,
LOG-05213,2026-06-18T14:36:08.027957+00:00,2026-06-18T14:36:08.224000+00:00,2026-06-18T14:36:12.183883+00:00,,196.0,4155.9,
LOG-05214,2026-06-18T14:36:08.028957+00:00,2026-06-18T14:36:08.225000+00:00,2026-06-18T14:36:12.184492+00:00,,196.0,4155.5,
LOG-05215,2026-06-18T14:36:08.029957+00:00,2026-06-18T14:36:08.227000+00:00,2026-06-18T14:36:12.185055+00:00,,197.0,4155.1,
LOG-05216,2026-06-18T14:36:08.030957+00:00,2026-06-18T14:36:08.229000+00:00,2026-06-18T14:36:12.185958+00:00,,198.0,4155.0,
LOG-05217,2026-06-18T14:36:08.031957+00:00,2026-06-18T14:36:08.231000+00:00,2026-06-18T14:36:12.186802+00:00,,199.0,4154.8,
LOG-05218,2026-06-18T14:36:08.032957+00:00,2026-06-18T14:36:08.233000+00:00,2026-06-18T14:36:12.187721+00:00,,200.0,4154.8,
LOG-05219,2026-06-18T14:36:08.033957+00:00,2026-06-18T14:36:08.235000+00:00,2026-06-18T14:36:12.189069+00:00,,201.0,4155.1,
LOG-05220,2026-06-18T14:36:08.034957+00:00,2026-06-18T14:36:08.237000+00:00,2026-06-18T14:36:12.189827+00:00,,202.0,4154.9,
LOG-05221,2026-06-18T14:36:08.035957+00:00,2026-06-18T14:36:08.239000+00:00,2026-06-18T14:36:12.190339+00:00,,203.0,4154.4,
LOG-05222,2026-06-18T14:36:08.036957+00:00,2026-06-18T14:36:08.241000+00:00,2026-06-18T14:36:12.190884+00:00,,204.0,4153.9,
LOG-05223,2026-06-18T14:36:08.037957+00:00,2026-06-18T14:36:08.243000+00:00,2026-06-18T14:36:12.191377+00:00,,205.0,4153.4,
LOG-05224,2026-06-18T14:36:08.038957+00:00,2026-06-18T14:36:08.245000+00:00,2026-06-18T14:36:12.191956+00:00,,206.0,4153.0,
LOG-05225,2026-06-18T14:36:08.039957+00:00,2026-06-18T14:36:08.247000+00:00,2026-06-18T14:36:12.192424+00:00,,207.0,4152.5,
LOG-05226,2026-06-18T14:36:08.040957+00:00,2026-06-18T14:36:08.249000+00:00,2026-06-18T14:36:12.193135+00:00,,208.0,4152.2,
LOG-05227,2026-06-18T14:36:08.041957+00:00,2026-06-18T14:36:08.251000+00:00,2026-06-18T14:36:12.193524+00:00,,209.0,4151.6,
LOG-05228,2026-06-18T14:36:08.042957+00:00,2026-06-18T14:36:08.253000+00:00,2026-06-18T14:36:12.194371+00:00,,210.0,4151.4,
LOG-05229,2026-06-18T14:36:08.043957+00:00,2026-06-18T14:36:08.255000+00:00,2026-06-18T14:36:12.195119+00:00,,211.0,4151.2,
LOG-05230,2026-06-18T14:36:08.044957+00:00,2026-06-18T14:36:08.257000+00:00,2026-06-18T14:36:12.195858+00:00,,212.0,4150.9,
LOG-05231,2026-06-18T14:36:08.045957+00:00,2026-06-18T14:36:08.259000+00:00,2026-06-18T14:36:12.196663+00:00,,213.0,4150.7,
LOG-05232,2026-06-18T14:36:08.046957+00:00,2026-06-18T14:36:08.261000+00:00,2026-06-18T14:36:12.197304+00:00,,214.0,4150.3,
LOG-05233,2026-06-18T14:36:08.047957+00:00,2026-06-18T14:36:08.263000+00:00,2026-06-18T14:36:12.197633+00:00,,215.0,4149.7,
LOG-05234,2026-06-18T14:36:08.048957+00:00,2026-06-18T14:36:08.265000+00:00,2026-06-18T14:36:12.198239+00:00,,216.0,4149.3,
LOG-05235,2026-06-18T14:36:08.049957+00:00,2026-06-18T14:36:08.267000+00:00,2026-06-18T14:36:12.198661+00:00,,217.0,4148.7,
LOG-05236,2026-06-18T14:36:08.050957+00:00,2026-06-18T14:36:08.269000+00:00,2026-06-18T14:36:12.198972+00:00,,218.0,4148.0,
LOG-05237,2026-06-18T14:36:08.051957+00:00,2026-06-18T14:36:08.271000+00:00,2026-06-18T14:36:12.199379+00:00,,219.0,4147.4,
LOG-05238,2026-06-18T14:36:08.052957+00:00,2026-06-18T14:36:08.273000+00:00,2026-06-18T14:36:12.199667+00:00,,220.0,4146.7,
LOG-05239,2026-06-18T14:36:08.053957+00:00,2026-06-18T14:36:08.275000+00:00,2026-06-18T14:36:12.200257+00:00,,221.0,4146.3,
LOG-05240,2026-06-18T14:36:08.054957+00:00,2026-06-18T14:36:08.277000+00:00,2026-06-18T14:36:12.200664+00:00,,222.0,4145.7,
LOG-05241,2026-06-18T14:36:08.055957+00:00,2026-06-18T14:36:08.279000+00:00,2026-06-18T14:36:12.200992+00:00,,223.0,4145.0,
LOG-05242,2026-06-18T14:36:08.056957+00:00,2026-06-18T14:36:08.281000+00:00,2026-06-18T14:36:12.201770+00:00,,224.0,4144.8,
LOG-05243,2026-06-18T14:36:08.057957+00:00,2026-06-18T14:36:08.283000+00:00,2026-06-18T14:36:12.202319+00:00,,225.0,4144.4,
LOG-05244,2026-06-18T14:36:08.058957+00:00,2026-06-18T14:36:08.285000+00:00,2026-06-18T14:36:12.202635+00:00,,226.0,4143.7,
LOG-05245,2026-06-18T14:36:08.059957+00:00,2026-06-18T14:36:08.287000+00:00,2026-06-18T14:36:12.203384+00:00,,227.0,4143.4,
LOG-05246,2026-06-18T14:36:08.060957+00:00,2026-06-18T14:36:08.289000+00:00,2026-06-18T14:36:12.204254+00:00,,228.0,4143.3,
LOG-05247,2026-06-18T14:36:08.061957+00:00,2026-06-18T14:36:08.291000+00:00,2026-06-18T14:36:12.204843+00:00,,229.0,4142.9,
LOG-05248,2026-06-18T14:36:08.062957+00:00,2026-06-18T14:36:08.293000+00:00,2026-06-18T14:36:12.205570+00:00,,230.0,4142.6,
LOG-05249,2026-06-18T14:36:08.063957+00:00,2026-06-18T14:36:08.295000+00:00,2026-06-18T14:36:12.205921+00:00,,231.0,4142.0,
LOG-05250,2026-06-18T14:36:08.064957+00:00,2026-06-18T14:36:08.297000+00:00,2026-06-18T14:36:12.206376+00:00,,232.0,4141.4,
LOG-05251,2026-06-18T14:36:08.065957+00:00,2026-06-18T14:36:08.299000+00:00,2026-06-18T14:36:12.206705+00:00,,233.0,4140.7,
LOG-05252,2026-06-18T14:36:08.066957+00:00,2026-06-18T14:36:08.301000+00:00,2026-06-18T14:36:12.207141+00:00,,234.0,4140.2,
LOG-05253,2026-06-18T14:36:08.067957+00:00,2026-06-18T14:36:08.303000+00:00,2026-06-18T14:36:12.207466+00:00,,235.0,4139.5,
LOG-05254,2026-06-18T14:36:08.068957+00:00,2026-06-18T14:36:08.305000+00:00,2026-06-18T14:36:12.207905+00:00,,236.0,4138.9,
LOG-05255,2026-06-18T14:36:08.069957+00:00,2026-06-18T14:36:08.307000+00:00,2026-06-18T14:36:12.208194+00:00,,237.0,4138.2,
LOG-05256,2026-06-18T14:36:08.070957+00:00,2026-06-18T14:36:08.309000+00:00,2026-06-18T14:36:12.208608+00:00,,238.0,4137.7,
LOG-05257,2026-06-18T14:36:08.071957+00:00,2026-06-18T14:36:08.311000+00:00,2026-06-18T14:36:12.208887+00:00,,239.0,4136.9,
LOG-05258,2026-06-18T14:36:08.072957+00:00,2026-06-18T14:36:08.313000+00:00,2026-06-18T14:36:12.209262+00:00,,240.0,4136.3,
LOG-05259,2026-06-18T14:36:08.073957+00:00,2026-06-18T14:36:08.315000+00:00,2026-06-18T14:36:12.209540+00:00,,241.0,4135.6,
LOG-05260,2026-06-18T14:36:08.074957+00:00,2026-06-18T14:36:08.317000+00:00,2026-06-18T14:36:12.210011+00:00,,242.0,4135.1,
LOG-05261,2026-06-18T14:36:08.075957+00:00,2026-06-18T14:36:08.319000+00:00,2026-06-18T14:36:12.210288+00:00,,243.0,4134.3,
LOG-05262,2026-06-18T14:36:08.076957+00:00,2026-06-18T14:36:08.321000+00:00,2026-06-18T14:36:12.210694+00:00,,244.0,4133.7,
LOG-05263,2026-06-18T14:36:08.077957+00:00,2026-06-18T14:36:08.323000+00:00,2026-06-18T14:36:12.210979+00:00,,245.0,4133.0,
LOG-05264,2026-06-18T14:36:08.078957+00:00,2026-06-18T14:36:08.325000+00:00,2026-06-18T14:36:12.211603+00:00,,246.0,4132.6,
LOG-05265,2026-06-18T14:36:08.079957+00:00,2026-06-18T14:36:08.327000+00:00,2026-06-18T14:36:12.212053+00:00,,247.0,4132.1,
LOG-05266,2026-06-18T14:36:08.080957+00:00,2026-06-18T14:36:08.329000+00:00,2026-06-18T14:36:12.212368+00:00,,248.0,4131.4,
LOG-05267,2026-06-18T14:36:08.081957+00:00,2026-06-18T14:36:08.331000+00:00,2026-06-18T14:36:12.213196+00:00,,249.0,4131.2,
LOG-05268,2026-06-18T14:36:08.082957+00:00,2026-06-18T14:36:08.333000+00:00,2026-06-18T14:36:12.214115+00:00,,250.0,4131.2,
LOG-05269,2026-06-18T14:36:08.083957+00:00,2026-06-18T14:36:08.335000+00:00,2026-06-18T14:36:12.214578+00:00,,251.0,4130.6,
LOG-05270,2026-06-18T14:36:08.084957+00:00,2026-06-18T14:36:08.337000+00:00,2026-06-18T14:36:12.214874+00:00,,252.0,4129.9,
LOG-05271,2026-06-18T14:36:08.085957+00:00,2026-06-18T14:36:08.339000+00:00,2026-06-18T14:36:12.215232+00:00,,253.0,4129.3,
LOG-05272,2026-06-18T14:36:08.086957+00:00,2026-06-18T14:36:08.341000+00:00,2026-06-18T14:36:12.215494+00:00,,254.0,4128.5,
LOG-05273,2026-06-18T14:36:08.087957+00:00,2026-06-18T14:36:08.343000+00:00,2026-06-18T14:36:12.216055+00:00,,255.0,4128.1,
LOG-05274,2026-06-18T14:36:08.088957+00:00,2026-06-18T14:36:08.345000+00:00,2026-06-18T14:36:12.216304+00:00,,256.0,4127.3,
LOG-05275,2026-06-18T14:36:08.089957+00:00,2026-06-18T14:36:08.347000+00:00,2026-06-18T14:36:12.216729+00:00,,257.0,4126.8,
LOG-05276,2026-06-18T14:36:08.090957+00:00,2026-06-18T14:36:08.349000+00:00,2026-06-18T14:36:12.217054+00:00,,258.0,4126.1,
LOG-05277,2026-06-18T14:36:08.091957+00:00,2026-06-18T14:36:08.351000+00:00,2026-06-18T14:36:12.217457+00:00,,259.0,4125.5,
LOG-05278,2026-06-18T14:36:08.092957+00:00,2026-06-18T14:36:08.353000+00:00,2026-06-18T14:36:12.217757+00:00,,260.0,4124.8,
LOG-05279,2026-06-18T14:36:08.093957+00:00,2026-06-18T14:36:08.355000+00:00,2026-06-18T14:36:12.218381+00:00,,261.0,4124.4,
LOG-05280,2026-06-18T14:36:08.094957+00:00,2026-06-18T14:36:08.357000+00:00,2026-06-18T14:36:12.218834+00:00,,262.0,4123.9,
LOG-05281,2026-06-18T14:36:08.095957+00:00,2026-06-18T14:36:08.359000+00:00,2026-06-18T14:36:12.219130+00:00,,263.0,4123.2,
LOG-05282,2026-06-18T14:36:08.096957+00:00,2026-06-18T14:36:08.361000+00:00,2026-06-18T14:36:12.219547+00:00,,264.0,4122.6,
LOG-05283,2026-06-18T14:36:08.097957+00:00,2026-06-18T14:36:08.363000+00:00,2026-06-18T14:36:12.219814+00:00,,265.0,4121.9,
LOG-05284,2026-06-18T14:36:08.098957+00:00,2026-06-18T14:36:08.365000+00:00,2026-06-18T14:36:12.220435+00:00,,266.0,4121.5,
LOG-05285,2026-06-18T14:36:08.099957+00:00,2026-06-18T14:36:08.367000+00:00,2026-06-18T14:36:12.221112+00:00,,267.0,4121.2,
LOG-05286,2026-06-18T14:36:08.100957+00:00,2026-06-18T14:36:08.369000+00:00,2026-06-18T14:36:12.221916+00:00,,268.0,4121.0,
LOG-05287,2026-06-18T14:36:08.101957+00:00,2026-06-18T14:36:08.371000+00:00,2026-06-18T14:36:12.222715+00:00,,269.0,4120.8,
LOG-05288,2026-06-18T14:36:08.102957+00:00,2026-06-18T14:36:08.373000+00:00,2026-06-18T14:36:12.223375+00:00,,270.0,4120.4,
LOG-05289,2026-06-18T14:36:08.103957+00:00,2026-06-18T14:36:08.375000+00:00,2026-06-18T14:36:12.223945+00:00,,271.0,4120.0,
LOG-05290,2026-06-18T14:36:08.104957+00:00,2026-06-18T14:36:08.377000+00:00,2026-06-18T14:36:12.224316+00:00,,272.0,4119.4,
LOG-05291,2026-06-18T14:36:08.105957+00:00,2026-06-18T14:36:08.379000+00:00,2026-06-18T14:36:12.224574+00:00,,273.0,4118.6,
LOG-05292,2026-06-18T14:36:08.106957+00:00,2026-06-18T14:36:08.381000+00:00,2026-06-18T14:36:12.224929+00:00,,274.0,4118.0,
LOG-05293,2026-06-18T14:36:08.107957+00:00,2026-06-18T14:36:08.383000+00:00,2026-06-18T14:36:12.225199+00:00,,275.0,4117.2,
LOG-05294,2026-06-18T14:36:08.108957+00:00,2026-06-18T14:36:08.385000+00:00,2026-06-18T14:36:12.225547+00:00,,276.0,4116.6,
LOG-05295,2026-06-18T14:36:08.109957+00:00,2026-06-18T14:36:08.387000+00:00,2026-06-18T14:36:12.225864+00:00,,277.0,4115.9,
LOG-05296,2026-06-18T14:36:08.110957+00:00,2026-06-18T14:36:08.389000+00:00,2026-06-18T14:36:12.226278+00:00,,278.0,4115.3,
LOG-05297,2026-06-18T14:36:08.111957+00:00,2026-06-18T14:36:08.391000+00:00,2026-06-18T14:36:12.226533+00:00,,279.0,4114.6,
LOG-05298,2026-06-18T14:36:08.112957+00:00,2026-06-18T14:36:08.393000+00:00,2026-06-18T14:36:12.226953+00:00,,280.0,4114.0,
LOG-05299,2026-06-18T14:36:08.113957+00:00,2026-06-18T14:36:08.395000+00:00,2026-06-18T14:36:12.227283+00:00,,281.0,4113.3,
LOG-05300,2026-06-18T14:36:08.114957+00:00,2026-06-18T14:36:08.397000+00:00,2026-06-18T14:36:12.228041+00:00,,282.0,4113.1,
LOG-05301,2026-06-18T14:36:08.115957+00:00,2026-06-18T14:36:08.399000+00:00,2026-06-18T14:36:12.228136+00:00,,283.0,4112.2,
LOG-05302,2026-06-18T14:36:08.116957+00:00,2026-06-18T14:36:08.401000+00:00,2026-06-18T14:36:12.228517+00:00,,284.0,4111.6,
LOG-05303,2026-06-18T14:36:08.117957+00:00,2026-06-18T14:36:08.403000+00:00,2026-06-18T14:36:12.228848+00:00,,285.0,4110.9,
LOG-05304,2026-06-18T14:36:08.118957+00:00,2026-06-18T14:36:08.405000+00:00,2026-06-18T14:36:12.229312+00:00,,286.0,4110.4,
LOG-05305,2026-06-18T14:36:08.119957+00:00,2026-06-18T14:36:08.407000+00:00,2026-06-18T14:36:12.229729+00:00,,287.0,4109.8,
LOG-05306,2026-06-18T14:36:08.120957+00:00,2026-06-18T14:36:08.409000+00:00,2026-06-18T14:36:12.230322+00:00,,288.0,4109.4,
LOG-05307,2026-06-18T14:36:08.121957+00:00,2026-06-18T14:36:08.411000+00:00,2026-06-18T14:36:12.230625+00:00,,289.0,4108.7,
LOG-05308,2026-06-18T14:36:08.122957+00:00,2026-06-18T14:36:08.413000+00:00,2026-06-18T14:36:12.231251+00:00,,290.0,4108.3,
LOG-05309,2026-06-18T14:36:08.123957+00:00,2026-06-18T14:36:08.415000+00:00,2026-06-18T14:36:12.231651+00:00,,291.0,4107.7,
LOG-05310,2026-06-18T14:36:08.124957+00:00,2026-06-18T14:36:08.417000+00:00,2026-06-18T14:36:12.231958+00:00,,292.0,4107.0,
LOG-05311,2026-06-18T14:36:08.125957+00:00,2026-06-18T14:36:08.419000+00:00,2026-06-18T14:36:12.232442+00:00,,293.0,4106.5,
LOG-05312,2026-06-18T14:36:08.126957+00:00,2026-06-18T14:36:08.421000+00:00,2026-06-18T14:36:12.232764+00:00,,294.0,4105.8,
LOG-05313,2026-06-18T14:36:08.127957+00:00,2026-06-18T14:36:08.423000+00:00,2026-06-18T14:36:12.233189+00:00,,295.0,4105.2,
LOG-05314,2026-06-18T14:36:08.128957+00:00,2026-06-18T14:36:08.425000+00:00,2026-06-18T14:36:12.233426+00:00,,296.0,4104.5,
LOG-05315,2026-06-18T14:36:08.129957+00:00,2026-06-18T14:36:08.427000+00:00,2026-06-18T14:36:12.233855+00:00,,297.0,4103.9,
LOG-05316,2026-06-18T14:36:08.130957+00:00,2026-06-18T14:36:08.429000+00:00,2026-06-18T14:36:12.234159+00:00,,298.0,4103.2,
LOG-05317,2026-06-18T14:36:08.131957+00:00,2026-06-18T14:36:08.431000+00:00,2026-06-18T14:36:12.234558+00:00,,299.0,4102.6,
LOG-05318,2026-06-18T14:36:08.132957+00:00,2026-06-18T14:36:08.433000+00:00,2026-06-18T14:36:12.234804+00:00,,300.0,4101.8,
LOG-05319,2026-06-18T14:36:08.133957+00:00,2026-06-18T14:36:08.435000+00:00,2026-06-18T14:36:12.235414+00:00,,301.0,4101.5,
LOG-05320,2026-06-18T14:36:08.134957+00:00,2026-06-18T14:36:08.437000+00:00,2026-06-18T14:36:12.236003+00:00,,302.0,4101.0,
LOG-05321,2026-06-18T14:36:08.135957+00:00,2026-06-18T14:36:08.439000+00:00,2026-06-18T14:36:12.236444+00:00,,303.0,4100.5,
LOG-05322,2026-06-18T14:36:08.136957+00:00,2026-06-18T14:36:08.441000+00:00,2026-06-18T14:36:12.236697+00:00,,304.0,4099.7,
LOG-05323,2026-06-18T14:36:08.137957+00:00,2026-06-18T14:36:08.443000+00:00,2026-06-18T14:36:12.237339+00:00,,305.0,4099.4,
LOG-05324,2026-06-18T14:36:08.138957+00:00,2026-06-18T14:36:08.445000+00:00,2026-06-18T14:36:12.238033+00:00,,306.0,4099.1,
LOG-05325,2026-06-18T14:36:08.139957+00:00,2026-06-18T14:36:08.447000+00:00,2026-06-18T14:36:12.238879+00:00,,307.0,4098.9,
LOG-05326,2026-06-18T14:36:08.140957+00:00,2026-06-18T14:36:08.449000+00:00,2026-06-18T14:36:12.239667+00:00,,308.0,4098.7,
LOG-05327,2026-06-18T14:36:08.141957+00:00,2026-06-18T14:36:08.451000+00:00,2026-06-18T14:36:12.240281+00:00,,309.0,4098.3,
LOG-05328,2026-06-18T14:36:08.142957+00:00,2026-06-18T14:36:08.453000+00:00,2026-06-18T14:36:12.240736+00:00,,310.0,4097.8,
LOG-05329,2026-06-18T14:36:08.143957+00:00,2026-06-18T14:36:08.455000+00:00,2026-06-18T14:36:12.241032+00:00,,311.0,4097.1,
LOG-05330,2026-06-18T14:36:08.144957+00:00,2026-06-18T14:36:08.457000+00:00,2026-06-18T14:36:12.241434+00:00,,312.0,4096.5,
LOG-05331,2026-06-18T14:36:08.145957+00:00,2026-06-18T14:36:08.459000+00:00,2026-06-18T14:36:12.241699+00:00,,313.0,4095.7,
LOG-05332,2026-06-18T14:36:08.146957+00:00,2026-06-18T14:36:08.461000+00:00,2026-06-18T14:36:12.242064+00:00,,314.0,4095.1,
LOG-05333,2026-06-18T14:36:08.147957+00:00,2026-06-18T14:36:08.463000+00:00,2026-06-18T14:36:12.242405+00:00,,315.0,4094.4,
LOG-05334,2026-06-18T14:36:08.148957+00:00,2026-06-18T14:36:08.465000+00:00,2026-06-18T14:36:12.242870+00:00,,316.0,4093.9,
LOG-05335,2026-06-18T14:36:08.149957+00:00,2026-06-18T14:36:08.467000+00:00,2026-06-18T14:36:12.243173+00:00,,317.0,4093.2,
LOG-05336,2026-06-18T14:36:08.150957+00:00,2026-06-18T14:36:08.469000+00:00,2026-06-18T14:36:12.243561+00:00,,318.0,4092.6,
LOG-05337,2026-06-18T14:36:08.151957+00:00,2026-06-18T14:36:08.471000+00:00,2026-06-18T14:36:12.243853+00:00,,319.0,4091.9,
LOG-05338,2026-06-18T14:36:08.152957+00:00,2026-06-18T14:36:08.473000+00:00,2026-06-18T14:36:12.244463+00:00,,320.0,4091.5,
LOG-05339,2026-06-18T14:36:08.153957+00:00,2026-06-18T14:36:08.475000+00:00,2026-06-18T14:36:12.245018+00:00,,321.0,4091.1,
LOG-05340,2026-06-18T14:36:08.154957+00:00,2026-06-18T14:36:08.477000+00:00,2026-06-18T14:36:12.245443+00:00,,322.0,4090.5,
LOG-05341,2026-06-18T14:36:08.155957+00:00,2026-06-18T14:36:08.479000+00:00,2026-06-18T14:36:12.245752+00:00,,323.0,4089.8,
LOG-05342,2026-06-18T14:36:08.156957+00:00,2026-06-18T14:36:08.481000+00:00,2026-06-18T14:36:12.246391+00:00,,324.0,4089.4,
LOG-05343,2026-06-18T14:36:08.157957+00:00,2026-06-18T14:36:08.483000+00:00,2026-06-18T14:36:12.247160+00:00,,325.0,4089.2,
LOG-05344,2026-06-18T14:36:08.158957+00:00,2026-06-18T14:36:08.485000+00:00,2026-06-18T14:36:12.247845+00:00,,326.0,4088.9,
LOG-05345,2026-06-18T14:36:08.159957+00:00,2026-06-18T14:36:08.487000+00:00,2026-06-18T14:36:12.248235+00:00,,327.0,4088.3,
LOG-05346,2026-06-18T14:36:08.160957+00:00,2026-06-18T14:36:08.489000+00:00,2026-06-18T14:36:12.248486+00:00,,328.0,4087.5,
LOG-05347,2026-06-18T14:36:08.161957+00:00,2026-06-18T14:36:08.491000+00:00,2026-06-18T14:36:12.248840+00:00,,329.0,4086.9,
LOG-05348,2026-06-18T14:36:08.162957+00:00,2026-06-18T14:36:08.493000+00:00,2026-06-18T14:36:12.249097+00:00,,330.0,4086.1,
LOG-05349,2026-06-18T14:36:08.163957+00:00,2026-06-18T14:36:08.495000+00:00,2026-06-18T14:36:12.249478+00:00,,331.0,4085.5,
LOG-05350,2026-06-18T14:36:08.164957+00:00,2026-06-18T14:36:08.497000+00:00,2026-06-18T14:36:12.249707+00:00,,332.0,4084.7,
LOG-05351,2026-06-18T14:36:08.165957+00:00,2026-06-18T14:36:08.499000+00:00,2026-06-18T14:36:12.250234+00:00,,333.0,4084.3,
LOG-05352,2026-06-18T14:36:08.166957+00:00,2026-06-18T14:36:08.501000+00:00,2026-06-18T14:36:12.250649+00:00,,334.0,4083.7,
LOG-05353,2026-06-18T14:36:08.167957+00:00,2026-06-18T14:36:08.503000+00:00,2026-06-18T14:36:12.251037+00:00,,335.0,4083.1,
LOG-05354,2026-06-18T14:36:08.168957+00:00,2026-06-18T14:36:08.505000+00:00,2026-06-18T14:36:12.251679+00:00,,336.0,4082.7,
LOG-05355,2026-06-18T14:36:08.169957+00:00,2026-06-18T14:36:08.507000+00:00,2026-06-18T14:36:12.252034+00:00,,337.0,4082.1,
LOG-05356,2026-06-18T14:36:08.170957+00:00,2026-06-18T14:36:08.509000+00:00,2026-06-18T14:36:12.252382+00:00,,338.0,4081.4,
LOG-05357,2026-06-18T14:36:08.171957+00:00,2026-06-18T14:36:08.511000+00:00,2026-06-18T14:36:12.253079+00:00,,339.0,4081.1,
LOG-05358,2026-06-18T14:36:08.172957+00:00,2026-06-18T14:36:08.513000+00:00,2026-06-18T14:36:12.253665+00:00,,340.0,4080.7,
LOG-05359,2026-06-18T14:36:08.173957+00:00,2026-06-18T14:36:08.515000+00:00,2026-06-18T14:36:12.254245+00:00,,341.0,4080.3,
LOG-05360,2026-06-18T14:36:08.174957+00:00,2026-06-18T14:36:08.517000+00:00,2026-06-18T14:36:12.254944+00:00,,342.0,4080.0,
LOG-05361,2026-06-18T14:36:08.175957+00:00,2026-06-18T14:36:08.519000+00:00,2026-06-18T14:36:12.255717+00:00,,343.0,4079.8,
LOG-05362,2026-06-18T14:36:08.176957+00:00,2026-06-18T14:36:08.521000+00:00,2026-06-18T14:36:12.256210+00:00,,344.0,4079.3,
LOG-05363,2026-06-18T14:36:08.177957+00:00,2026-06-18T14:36:08.523000+00:00,2026-06-18T14:36:12.256497+00:00,,345.0,4078.5,
LOG-05364,2026-06-18T14:36:08.178957+00:00,2026-06-18T14:36:08.525000+00:00,2026-06-18T14:36:12.256884+00:00,,346.0,4077.9,
LOG-05365,2026-06-18T14:36:08.179957+00:00,2026-06-18T14:36:08.528000+00:00,2026-06-18T14:36:12.257243+00:00,,348.0,4077.3,
LOG-05366,2026-06-18T14:36:08.180957+00:00,2026-06-18T14:36:08.530000+00:00,2026-06-18T14:36:12.257688+00:00,,349.0,4076.7,
LOG-05367,2026-06-18T14:36:08.181957+00:00,2026-06-18T14:36:08.531000+00:00,2026-06-18T14:36:12.257989+00:00,,349.0,4076.0,
LOG-05368,2026-06-18T14:36:08.182957+00:00,2026-06-18T14:36:08.533000+00:00,2026-06-18T14:36:12.258602+00:00,,350.0,4075.6,
LOG-05369,2026-06-18T14:36:08.183957+00:00,2026-06-18T14:36:08.536000+00:00,2026-06-18T14:36:12.259194+00:00,,352.0,4075.2,
LOG-05370,2026-06-18T14:36:08.184957+00:00,2026-06-18T14:36:08.538000+00:00,2026-06-18T14:36:12.259572+00:00,,353.0,4074.6,
LOG-05371,2026-06-18T14:36:08.185957+00:00,2026-06-18T14:36:08.540000+00:00,2026-06-18T14:36:12.259855+00:00,,354.0,4073.9,
LOG-05372,2026-06-18T14:36:08.186957+00:00,2026-06-18T14:36:08.542000+00:00,2026-06-18T14:36:12.260219+00:00,,355.0,4073.3,
LOG-05373,2026-06-18T14:36:08.187957+00:00,2026-06-18T14:36:08.544000+00:00,2026-06-18T14:36:12.260511+00:00,,356.0,4072.6,
LOG-05374,2026-06-18T14:36:08.188957+00:00,2026-06-18T14:36:08.546000+00:00,2026-06-18T14:36:12.261114+00:00,,357.0,4072.2,
LOG-05375,2026-06-18T14:36:08.189957+00:00,2026-06-18T14:36:08.549000+00:00,2026-06-18T14:36:12.261518+00:00,,359.0,4071.6,
LOG-05376,2026-06-18T14:36:08.190957+00:00,2026-06-18T14:36:08.550000+00:00,2026-06-18T14:36:12.261733+00:00,,359.0,4070.8,
LOG-05377,2026-06-18T14:36:08.191957+00:00,2026-06-18T14:36:08.552000+00:00,2026-06-18T14:36:12.262392+00:00,,360.0,4070.4,
LOG-05378,2026-06-18T14:36:08.192957+00:00,2026-06-18T14:36:08.554000+00:00,2026-06-18T14:36:12.262901+00:00,,361.0,4069.9,
LOG-05379,2026-06-18T14:36:08.193957+00:00,2026-06-18T14:36:08.556000+00:00,2026-06-18T14:36:12.263716+00:00,,362.0,4069.8,
LOG-05380,2026-06-18T14:36:08.194957+00:00,2026-06-18T14:36:08.558000+00:00,2026-06-18T14:36:12.264188+00:00,,363.0,4069.2,
LOG-05381,2026-06-18T14:36:08.195957+00:00,2026-06-18T14:36:08.560000+00:00,2026-06-18T14:36:12.264841+00:00,,364.0,4068.9,
LOG-05382,2026-06-18T14:36:08.196957+00:00,2026-06-18T14:36:08.562000+00:00,2026-06-18T14:36:12.265224+00:00,,365.0,4068.3,
LOG-05383,2026-06-18T14:36:08.197957+00:00,2026-06-18T14:36:08.564000+00:00,2026-06-18T14:36:12.265564+00:00,,366.0,4067.6,
LOG-05384,2026-06-18T14:36:08.198957+00:00,2026-06-18T14:36:08.566000+00:00,2026-06-18T14:36:12.265956+00:00,,367.0,4067.0,
LOG-05385,2026-06-18T14:36:08.199957+00:00,2026-06-18T14:36:08.568000+00:00,2026-06-18T14:36:12.266211+00:00,,368.0,4066.3,
LOG-05386,2026-06-18T14:36:08.200957+00:00,2026-06-18T14:36:08.571000+00:00,2026-06-18T14:36:12.266644+00:00,,370.0,4065.7,
LOG-05387,2026-06-18T14:36:08.201957+00:00,2026-06-18T14:36:08.573000+00:00,2026-06-18T14:36:12.266915+00:00,,371.0,4065.0,
LOG-05388,2026-06-18T14:36:08.202957+00:00,2026-06-18T14:36:08.575000+00:00,2026-06-18T14:36:12.267431+00:00,,372.0,4064.5,
LOG-05389,2026-06-18T14:36:08.203957+00:00,2026-06-18T14:36:08.577000+00:00,2026-06-18T14:36:12.267716+00:00,,373.0,4063.8,
LOG-05390,2026-06-18T14:36:08.204957+00:00,2026-06-18T14:36:08.580000+00:00,2026-06-18T14:36:12.268188+00:00,,375.0,4063.2,
LOG-05391,2026-06-18T14:36:08.205957+00:00,2026-06-18T14:36:08.581000+00:00,2026-06-18T14:36:12.268481+00:00,,375.0,4062.5,
LOG-05392,2026-06-18T14:36:08.206957+00:00,2026-06-18T14:36:08.583000+00:00,2026-06-18T14:36:12.269143+00:00,,376.0,4062.2,
LOG-05393,2026-06-18T14:36:08.207957+00:00,2026-06-18T14:36:08.585000+00:00,2026-06-18T14:36:12.269524+00:00,,377.0,4061.6,
LOG-05394,2026-06-18T14:36:08.208957+00:00,2026-06-18T14:36:08.587000+00:00,2026-06-18T14:36:12.269801+00:00,,378.0,4060.8,
LOG-05395,2026-06-18T14:36:08.209957+00:00,2026-06-18T14:36:08.589000+00:00,2026-06-18T14:36:12.270194+00:00,,379.0,4060.2,
LOG-05396,2026-06-18T14:36:08.210957+00:00,2026-06-18T14:36:08.591000+00:00,2026-06-18T14:36:12.270488+00:00,,380.0,4059.5,
LOG-05397,2026-06-18T14:36:08.211957+00:00,2026-06-18T14:36:08.593000+00:00,2026-06-18T14:36:12.271131+00:00,,381.0,4059.2,
LOG-05398,2026-06-18T14:36:08.212957+00:00,2026-06-18T14:36:08.595000+00:00,2026-06-18T14:36:12.271892+00:00,,382.0,4058.9,
LOG-05399,2026-06-18T14:36:08.213957+00:00,2026-06-18T14:36:08.597000+00:00,2026-06-18T14:36:12.272653+00:00,,383.0,4058.7,
LOG-05400,2026-06-18T14:36:08.214957+00:00,2026-06-18T14:36:08.600000+00:00,2026-06-18T14:36:12.273253+00:00,,385.0,4058.3,
LOG-05401,2026-06-18T14:36:08.215957+00:00,2026-06-18T14:36:08.602000+00:00,2026-06-18T14:36:12.273586+00:00,,386.0,4057.6,
LOG-05402,2026-06-18T14:36:08.216957+00:00,2026-06-18T14:36:08.603000+00:00,2026-06-18T14:36:12.274058+00:00,,386.0,4057.1,
LOG-05403,2026-06-18T14:36:08.217957+00:00,2026-06-18T14:36:08.605000+00:00,2026-06-18T14:36:12.274159+00:00,,387.0,4056.2,
LOG-05404,2026-06-18T14:36:08.218957+00:00,2026-06-18T14:36:08.607000+00:00,2026-06-18T14:36:12.274573+00:00,,388.0,4055.6,
LOG-05405,2026-06-18T14:36:08.219957+00:00,2026-06-18T14:36:08.609000+00:00,2026-06-18T14:36:12.275462+00:00,,389.0,4055.5,
LOG-05406,2026-06-18T14:36:08.220957+00:00,2026-06-18T14:36:08.611000+00:00,2026-06-18T14:36:12.275967+00:00,,390.0,4055.0,
LOG-05407,2026-06-18T14:36:08.221957+00:00,2026-06-18T14:36:08.613000+00:00,2026-06-18T14:36:12.276398+00:00,,391.0,4054.4,
LOG-05408,2026-06-18T14:36:08.222957+00:00,2026-06-18T14:36:08.615000+00:00,2026-06-18T14:36:12.276921+00:00,,392.0,4054.0,
LOG-05409,2026-06-18T14:36:08.223957+00:00,2026-06-18T14:36:08.617000+00:00,2026-06-18T14:36:12.277379+00:00,,393.0,4053.4,
LOG-05410,2026-06-18T14:36:08.224957+00:00,2026-06-18T14:36:08.619000+00:00,2026-06-18T14:36:12.277474+00:00,,394.0,4052.5,
LOG-05411,2026-06-18T14:36:08.225957+00:00,2026-06-18T14:36:08.622000+00:00,2026-06-18T14:36:12.278488+00:00,,396.0,4052.5,
LOG-05412,2026-06-18T14:36:08.226957+00:00,2026-06-18T14:36:08.623000+00:00,2026-06-18T14:36:12.279626+00:00,,396.0,4052.7,
LOG-05413,2026-06-18T14:36:08.227957+00:00,2026-06-18T14:36:08.625000+00:00,2026-06-18T14:36:12.280328+00:00,,397.0,4052.4,
LOG-05414,2026-06-18T14:36:08.228957+00:00,2026-06-18T14:36:08.627000+00:00,2026-06-18T14:36:12.280722+00:00,,398.0,4051.8,
LOG-05415,2026-06-18T14:36:08.229957+00:00,2026-06-18T14:36:08.629000+00:00,2026-06-18T14:36:12.280833+00:00,,399.0,4050.9,
LOG-05416,2026-06-18T14:36:08.230957+00:00,2026-06-18T14:36:08.632000+00:00,2026-06-18T14:36:12.281752+00:00,,401.0,4050.8,
LOG-05417,2026-06-18T14:36:08.231957+00:00,2026-06-18T14:36:08.634000+00:00,2026-06-18T14:36:12.282311+00:00,,402.0,4050.4,
LOG-05418,2026-06-18T14:36:08.232957+00:00,2026-06-18T14:36:08.636000+00:00,2026-06-18T14:36:12.282906+00:00,,403.0,4049.9,
LOG-05419,2026-06-18T14:36:08.233957+00:00,2026-06-18T14:36:08.638000+00:00,2026-06-18T14:36:12.283755+00:00,,404.0,4049.8,
LOG-05420,2026-06-18T14:36:08.234957+00:00,2026-06-18T14:36:08.640000+00:00,2026-06-18T14:36:12.284539+00:00,,405.0,4049.6,
LOG-05421,2026-06-18T14:36:08.235957+00:00,2026-06-18T14:36:08.642000+00:00,2026-06-18T14:36:12.285052+00:00,,406.0,4049.1,
LOG-05422,2026-06-18T14:36:08.236957+00:00,2026-06-18T14:36:08.644000+00:00,2026-06-18T14:36:12.285430+00:00,,407.0,4048.5,
LOG-05423,2026-06-18T14:36:08.237957+00:00,2026-06-18T14:36:08.646000+00:00,2026-06-18T14:36:12.286124+00:00,,408.0,4048.2,
LOG-05424,2026-06-18T14:36:08.238957+00:00,2026-06-18T14:36:08.648000+00:00,2026-06-18T14:36:12.286568+00:00,,409.0,4047.6,
LOG-05425,2026-06-18T14:36:08.239957+00:00,2026-06-18T14:36:08.650000+00:00,2026-06-18T14:36:12.286857+00:00,,410.0,4046.9,
LOG-05426,2026-06-18T14:36:08.240957+00:00,2026-06-18T14:36:08.652000+00:00,2026-06-18T14:36:12.287392+00:00,,411.0,4046.4,
LOG-05427,2026-06-18T14:36:08.241957+00:00,2026-06-18T14:36:08.655000+00:00,2026-06-18T14:36:12.287776+00:00,,413.0,4045.8,
LOG-05428,2026-06-18T14:36:08.242957+00:00,2026-06-18T14:36:08.657000+00:00,2026-06-18T14:36:12.288814+00:00,,414.0,4045.9,
LOG-05429,2026-06-18T14:36:08.243957+00:00,2026-06-18T14:36:08.659000+00:00,2026-06-18T14:36:12.289716+00:00,,415.0,4045.8,
LOG-05430,2026-06-18T14:36:08.244957+00:00,2026-06-18T14:36:08.662000+00:00,2026-06-18T14:36:12.290506+00:00,,417.0,4045.5,
LOG-05431,2026-06-18T14:36:08.245957+00:00,2026-06-18T14:36:08.663000+00:00,2026-06-18T14:36:12.291238+00:00,,417.0,4045.3,
LOG-05432,2026-06-18T14:36:08.246957+00:00,2026-06-18T14:36:08.665000+00:00,2026-06-18T14:36:12.291750+00:00,,418.0,4044.8,
LOG-05433,2026-06-18T14:36:08.247957+00:00,2026-06-18T14:36:08.667000+00:00,2026-06-18T14:36:12.292075+00:00,,419.0,4044.1,
LOG-05434,2026-06-18T14:36:08.248957+00:00,2026-06-18T14:36:08.669000+00:00,2026-06-18T14:36:12.292692+00:00,,420.0,4043.7,
LOG-05435,2026-06-18T14:36:08.249957+00:00,2026-06-18T14:36:08.671000+00:00,2026-06-18T14:36:12.293180+00:00,,421.0,4043.2,
LOG-05436,2026-06-18T14:36:08.250957+00:00,2026-06-18T14:36:08.674000+00:00,2026-06-18T14:36:12.293505+00:00,,423.0,4042.5,
LOG-05437,2026-06-18T14:36:08.251957+00:00,2026-06-18T14:36:08.676000+00:00,2026-06-18T14:36:12.294177+00:00,,424.0,4042.2,
LOG-05438,2026-06-18T14:36:08.252957+00:00,2026-06-18T14:36:08.677000+00:00,2026-06-18T14:36:12.294868+00:00,,424.0,4041.9,
LOG-05439,2026-06-18T14:36:08.253957+00:00,2026-06-18T14:36:08.679000+00:00,2026-06-18T14:36:12.295361+00:00,,425.0,4041.4,
LOG-05440,2026-06-18T14:36:08.254957+00:00,2026-06-18T14:36:08.681000+00:00,2026-06-18T14:36:12.295687+00:00,,426.0,4040.7,
LOG-05441,2026-06-18T14:36:08.255957+00:00,2026-06-18T14:36:08.683000+00:00,2026-06-18T14:36:12.296284+00:00,,427.0,4040.3,
LOG-05442,2026-06-18T14:36:08.256957+00:00,2026-06-18T14:36:08.685000+00:00,2026-06-18T14:36:12.297089+00:00,,428.0,4040.1,
LOG-05443,2026-06-18T14:36:08.257957+00:00,2026-06-18T14:36:08.687000+00:00,2026-06-18T14:36:12.297636+00:00,,429.0,4039.7,
LOG-05444,2026-06-18T14:36:08.258957+00:00,2026-06-18T14:36:08.689000+00:00,2026-06-18T14:36:12.297921+00:00,,430.0,4039.0,
LOG-05445,2026-06-18T14:36:08.259957+00:00,2026-06-18T14:36:08.691000+00:00,2026-06-18T14:36:12.298620+00:00,,431.0,4038.7,
LOG-05446,2026-06-18T14:36:08.260957+00:00,2026-06-18T14:36:08.693000+00:00,2026-06-18T14:36:12.299260+00:00,,432.0,4038.3,
LOG-05447,2026-06-18T14:36:08.261957+00:00,2026-06-18T14:36:08.696000+00:00,2026-06-18T14:36:12.299907+00:00,,434.0,4038.0,
LOG-05448,2026-06-18T14:36:08.262957+00:00,2026-06-18T14:36:08.697000+00:00,2026-06-18T14:36:12.300494+00:00,,434.0,4037.5,
LOG-05449,2026-06-18T14:36:08.263957+00:00,2026-06-18T14:36:08.699000+00:00,2026-06-18T14:36:12.301048+00:00,,435.0,4037.1,
LOG-05450,2026-06-18T14:36:08.264957+00:00,2026-06-18T14:36:08.701000+00:00,2026-06-18T14:36:12.301402+00:00,,436.0,4036.4,
LOG-05451,2026-06-18T14:36:08.265957+00:00,2026-06-18T14:36:08.704000+00:00,2026-06-18T14:36:12.301660+00:00,,438.0,4035.7,
LOG-05452,2026-06-18T14:36:08.266957+00:00,2026-06-18T14:36:08.705000+00:00,2026-06-18T14:36:12.302029+00:00,,438.0,4035.1,
LOG-05453,2026-06-18T14:36:08.267957+00:00,2026-06-18T14:36:08.707000+00:00,2026-06-18T14:36:12.302289+00:00,,439.0,4034.3,
LOG-05454,2026-06-18T14:36:08.268957+00:00,2026-06-18T14:36:08.709000+00:00,2026-06-18T14:36:12.302760+00:00,,440.0,4033.8,
LOG-05455,2026-06-18T14:36:08.269957+00:00,2026-06-18T14:36:08.711000+00:00,2026-06-18T14:36:12.303081+00:00,,441.0,4033.1,
LOG-05456,2026-06-18T14:36:08.270957+00:00,2026-06-18T14:36:08.713000+00:00,2026-06-18T14:36:12.303608+00:00,,442.0,4032.7,
LOG-05457,2026-06-18T14:36:08.271957+00:00,2026-06-18T14:36:08.716000+00:00,2026-06-18T14:36:12.303951+00:00,,444.0,4032.0,
LOG-05458,2026-06-18T14:36:08.272957+00:00,2026-06-18T14:36:08.717000+00:00,2026-06-18T14:36:12.304630+00:00,,444.0,4031.7,
LOG-05459,2026-06-18T14:36:08.273957+00:00,2026-06-18T14:36:08.719000+00:00,2026-06-18T14:36:12.305455+00:00,,445.0,4031.5,
LOG-05460,2026-06-18T14:36:08.274957+00:00,2026-06-18T14:36:08.721000+00:00,2026-06-18T14:36:12.306021+00:00,,446.0,4031.1,
LOG-05461,2026-06-18T14:36:08.275957+00:00,2026-06-18T14:36:08.723000+00:00,2026-06-18T14:36:12.306353+00:00,,447.0,4030.4,
LOG-05462,2026-06-18T14:36:08.276957+00:00,2026-06-18T14:36:08.726000+00:00,2026-06-18T14:36:12.306803+00:00,,449.0,4029.8,
LOG-05463,2026-06-18T14:36:08.277957+00:00,2026-06-18T14:36:08.727000+00:00,2026-06-18T14:36:12.307095+00:00,,449.0,4029.1,
LOG-05464,2026-06-18T14:36:08.278957+00:00,2026-06-18T14:36:08.729000+00:00,2026-06-18T14:36:12.307513+00:00,,450.0,4028.6,
LOG-05465,2026-06-18T14:36:08.279957+00:00,2026-06-18T14:36:08.731000+00:00,2026-06-18T14:36:12.307792+00:00,,451.0,4027.8,
LOG-05466,2026-06-18T14:36:08.280957+00:00,2026-06-18T14:36:08.733000+00:00,2026-06-18T14:36:12.308254+00:00,,452.0,4027.3,
LOG-05467,2026-06-18T14:36:08.281957+00:00,2026-06-18T14:36:08.735000+00:00,2026-06-18T14:36:12.308553+00:00,,453.0,4026.6,
LOG-05468,2026-06-18T14:36:08.282957+00:00,2026-06-18T14:36:08.738000+00:00,2026-06-18T14:36:12.309093+00:00,,455.0,4026.1,
LOG-05469,2026-06-18T14:36:08.283957+00:00,2026-06-18T14:36:08.739000+00:00,2026-06-18T14:36:12.309550+00:00,,455.0,4025.6,
LOG-05470,2026-06-18T14:36:08.284957+00:00,2026-06-18T14:36:08.741000+00:00,2026-06-18T14:36:12.309859+00:00,,456.0,4024.9,
LOG-05471,2026-06-18T14:36:08.285957+00:00,2026-06-18T14:36:08.743000+00:00,2026-06-18T14:36:12.310300+00:00,,457.0,4024.3,
LOG-05472,2026-06-18T14:36:08.286957+00:00,2026-06-18T14:36:08.746000+00:00,2026-06-18T14:36:12.310566+00:00,,459.0,4023.6,
LOG-05473,2026-06-18T14:36:08.287957+00:00,2026-06-18T14:36:08.748000+00:00,2026-06-18T14:36:12.311186+00:00,,460.0,4023.2,
LOG-05474,2026-06-18T14:36:08.288957+00:00,2026-06-18T14:36:08.750000+00:00,2026-06-18T14:36:12.311567+00:00,,461.0,4022.6,
LOG-05475,2026-06-18T14:36:08.289957+00:00,2026-06-18T14:36:08.752000+00:00,2026-06-18T14:36:12.311854+00:00,,462.0,4021.9,
LOG-05476,2026-06-18T14:36:08.290957+00:00,2026-06-18T14:36:08.763000+00:00,2026-06-18T14:36:12.312453+00:00,,472.0,4021.5,
LOG-05477,2026-06-18T14:36:08.291957+00:00,2026-06-18T14:36:08.765000+00:00,2026-06-18T14:36:12.313304+00:00,,473.0,4021.3,
LOG-05478,2026-06-18T14:36:08.292957+00:00,2026-06-18T14:36:08.767000+00:00,2026-06-18T14:36:12.314104+00:00,,474.0,4021.1,
LOG-05479,2026-06-18T14:36:08.293957+00:00,2026-06-18T14:36:08.769000+00:00,2026-06-18T14:36:12.314530+00:00,,475.0,4020.6,
LOG-05480,2026-06-18T14:36:08.294957+00:00,2026-06-18T14:36:08.771000+00:00,2026-06-18T14:36:12.314793+00:00,,476.0,4019.8,
LOG-05481,2026-06-18T14:36:08.295957+00:00,2026-06-18T14:36:08.773000+00:00,2026-06-18T14:36:12.315200+00:00,,477.0,4019.2,
LOG-05482,2026-06-18T14:36:08.296957+00:00,2026-06-18T14:36:08.775000+00:00,2026-06-18T14:36:12.315479+00:00,,478.0,4018.5,
LOG-05483,2026-06-18T14:36:08.297957+00:00,2026-06-18T14:36:08.777000+00:00,2026-06-18T14:36:12.316103+00:00,,479.0,4018.1,
LOG-05484,2026-06-18T14:36:08.298957+00:00,2026-06-18T14:36:08.779000+00:00,2026-06-18T14:36:12.316657+00:00,,480.0,4017.7,
LOG-05485,2026-06-18T14:36:08.299957+00:00,2026-06-18T14:36:08.781000+00:00,2026-06-18T14:36:12.317042+00:00,,481.0,4017.1,
LOG-05486,2026-06-18T14:36:08.300957+00:00,2026-06-18T14:36:08.783000+00:00,2026-06-18T14:36:12.317315+00:00,,482.0,4016.4,
LOG-05487,2026-06-18T14:36:08.301957+00:00,2026-06-18T14:36:08.785000+00:00,2026-06-18T14:36:12.317875+00:00,,483.0,4015.9,
LOG-05488,2026-06-18T14:36:08.302957+00:00,2026-06-18T14:36:08.787000+00:00,2026-06-18T14:36:12.318273+00:00,,484.0,4015.3,
LOG-05489,2026-06-18T14:36:08.303957+00:00,2026-06-18T14:36:08.789000+00:00,2026-06-18T14:36:12.318610+00:00,,485.0,4014.7,
LOG-05490,2026-06-18T14:36:08.304957+00:00,2026-06-18T14:36:08.791000+00:00,2026-06-18T14:36:12.319286+00:00,,486.0,4014.3,
LOG-05491,2026-06-18T14:36:08.305957+00:00,2026-06-18T14:36:08.793000+00:00,2026-06-18T14:36:12.319935+00:00,,487.0,4014.0,
LOG-05492,2026-06-18T14:36:08.306957+00:00,2026-06-18T14:36:08.795000+00:00,2026-06-18T14:36:12.320398+00:00,,488.0,4013.4,
LOG-05493,2026-06-18T14:36:08.307957+00:00,2026-06-18T14:36:08.797000+00:00,2026-06-18T14:36:12.320695+00:00,,489.0,4012.7,
LOG-05494,2026-06-18T14:36:08.308957+00:00,2026-06-18T14:36:08.799000+00:00,2026-06-18T14:36:12.321349+00:00,,490.0,4012.4,
LOG-05495,2026-06-18T14:36:08.309957+00:00,2026-06-18T14:36:08.801000+00:00,2026-06-18T14:36:12.321912+00:00,,491.0,4012.0,
LOG-05496,2026-06-18T14:36:08.310957+00:00,2026-06-18T14:36:08.803000+00:00,2026-06-18T14:36:12.322287+00:00,,492.0,4011.3,
LOG-05497,2026-06-18T14:36:08.311957+00:00,2026-06-18T14:36:08.805000+00:00,2026-06-18T14:36:12.322803+00:00,,493.0,4010.8,
LOG-05498,2026-06-18T14:36:08.312957+00:00,2026-06-18T14:36:08.807000+00:00,2026-06-18T14:36:12.323107+00:00,,494.0,4010.1,
LOG-05499,2026-06-18T14:36:08.313957+00:00,2026-06-18T14:36:08.809000+00:00,2026-06-18T14:36:12.323554+00:00,,495.0,4009.6,
LOG-05500,2026-06-18T14:36:08.314957+00:00,2026-06-18T14:36:08.811000+00:00,2026-06-18T14:36:12.323826+00:00,,496.0,4008.9,
LOG-05501,2026-06-18T14:36:08.315957+00:00,2026-06-18T14:36:08.813000+00:00,2026-06-18T14:36:12.324378+00:00,,497.0,4008.4,
LOG-05502,2026-06-18T14:36:08.316957+00:00,2026-06-18T14:36:08.815000+00:00,2026-06-18T14:36:12.324771+00:00,,498.0,4007.8,
LOG-05503,2026-06-18T14:36:08.317957+00:00,2026-06-18T14:36:08.817000+00:00,2026-06-18T14:36:12.325096+00:00,,499.0,4007.1,
LOG-05504,2026-06-18T14:36:08.318957+00:00,2026-06-18T14:36:08.819000+00:00,2026-06-18T14:36:12.325637+00:00,,500.0,4006.7,
LOG-05505,2026-06-18T14:36:08.319957+00:00,2026-06-18T14:36:08.821000+00:00,2026-06-18T14:36:12.326224+00:00,,501.0,4006.3,
LOG-05506,2026-06-18T14:36:08.320957+00:00,2026-06-18T14:36:08.823000+00:00,2026-06-18T14:36:12.326828+00:00,,502.0,4005.9,
LOG-05507,2026-06-18T14:36:08.321957+00:00,2026-06-18T14:36:08.825000+00:00,2026-06-18T14:36:12.327278+00:00,,503.0,4005.3,
LOG-05508,2026-06-18T14:36:08.322957+00:00,2026-06-18T14:36:08.828000+00:00,2026-06-18T14:36:12.327598+00:00,,505.0,4004.6,
LOG-05509,2026-06-18T14:36:08.323957+00:00,2026-06-18T14:36:08.829000+00:00,2026-06-18T14:36:12.328266+00:00,,505.0,4004.3,
LOG-05510,2026-06-18T14:36:08.324957+00:00,2026-06-18T14:36:08.831000+00:00,2026-06-18T14:36:12.328886+00:00,,506.0,4003.9,
LOG-05511,2026-06-18T14:36:08.325957+00:00,2026-06-18T14:36:08.833000+00:00,2026-06-18T14:36:12.329670+00:00,,507.0,4003.7,
LOG-05512,2026-06-18T14:36:08.326957+00:00,2026-06-18T14:36:08.836000+00:00,2026-06-18T14:36:12.330225+00:00,,509.0,4003.3,
LOG-05513,2026-06-18T14:36:08.327957+00:00,2026-06-18T14:36:08.837000+00:00,2026-06-18T14:36:12.330550+00:00,,509.0,4002.6,
LOG-05514,2026-06-18T14:36:08.328957+00:00,2026-06-18T14:36:08.839000+00:00,2026-06-18T14:36:12.331194+00:00,,510.0,4002.2,
LOG-05515,2026-06-18T14:36:08.329957+00:00,2026-06-18T14:36:08.842000+00:00,2026-06-18T14:36:12.331617+00:00,,512.0,4001.7,
LOG-05516,2026-06-18T14:36:08.330957+00:00,2026-06-18T14:36:08.843000+00:00,2026-06-18T14:36:12.331860+00:00,,512.0,4000.9,
LOG-05517,2026-06-18T14:36:08.331957+00:00,2026-06-18T14:36:08.845000+00:00,2026-06-18T14:36:12.332379+00:00,,513.0,4000.4,
LOG-05518,2026-06-18T14:36:08.332957+00:00,2026-06-18T14:36:08.847000+00:00,2026-06-18T14:36:12.332762+00:00,,514.0,3999.8,
LOG-05519,2026-06-18T14:36:08.333957+00:00,2026-06-18T14:36:08.850000+00:00,2026-06-18T14:36:12.333084+00:00,,516.0,3999.1,
LOG-05520,2026-06-18T14:36:08.334957+00:00,2026-06-18T14:36:08.851000+00:00,2026-06-18T14:36:12.333497+00:00,,516.0,3998.5,
LOG-05521,2026-06-18T14:36:08.335957+00:00,2026-06-18T14:36:08.853000+00:00,2026-06-18T14:36:12.333782+00:00,,517.0,3997.8,
LOG-05522,2026-06-18T14:36:08.336957+00:00,2026-06-18T14:36:08.855000+00:00,2026-06-18T14:36:12.334417+00:00,,518.0,3997.5,
LOG-05523,2026-06-18T14:36:08.337957+00:00,2026-06-18T14:36:08.857000+00:00,2026-06-18T14:36:12.334842+00:00,,519.0,3996.9,
LOG-05524,2026-06-18T14:36:08.338957+00:00,2026-06-18T14:36:08.859000+00:00,2026-06-18T14:36:12.335141+00:00,,520.0,3996.2,
LOG-05525,2026-06-18T14:36:08.339957+00:00,2026-06-18T14:36:08.862000+00:00,2026-06-18T14:36:12.335513+00:00,,522.0,3995.6,
LOG-05526,2026-06-18T14:36:08.340957+00:00,2026-06-18T14:36:08.863000+00:00,2026-06-18T14:36:12.335786+00:00,,522.0,3994.8,
LOG-05527,2026-06-18T14:36:08.341957+00:00,2026-06-18T14:36:08.865000+00:00,2026-06-18T14:36:12.336399+00:00,,523.0,3994.4,
LOG-05528,2026-06-18T14:36:08.342957+00:00,2026-06-18T14:36:08.867000+00:00,2026-06-18T14:36:12.336485+00:00,,524.0,3993.5,
LOG-05529,2026-06-18T14:36:08.343957+00:00,2026-06-18T14:36:08.869000+00:00,2026-06-18T14:36:12.337021+00:00,,525.0,3993.1,
LOG-05530,2026-06-18T14:36:08.344957+00:00,2026-06-18T14:36:08.871000+00:00,2026-06-18T14:36:12.337581+00:00,,526.0,3992.6,
LOG-05531,2026-06-18T14:36:08.345957+00:00,2026-06-18T14:36:08.873000+00:00,2026-06-18T14:36:12.338538+00:00,,527.0,3992.6,
LOG-05532,2026-06-18T14:36:08.346957+00:00,2026-06-18T14:36:08.875000+00:00,2026-06-18T14:36:12.339319+00:00,,528.0,3992.4,
LOG-05533,2026-06-18T14:36:08.347957+00:00,2026-06-18T14:36:08.877000+00:00,2026-06-18T14:36:12.340023+00:00,,529.0,3992.1,
LOG-05534,2026-06-18T14:36:08.348957+00:00,2026-06-18T14:36:08.879000+00:00,2026-06-18T14:36:12.340513+00:00,,530.0,3991.6,
LOG-05535,2026-06-18T14:36:08.349957+00:00,2026-06-18T14:36:08.881000+00:00,2026-06-18T14:36:12.340823+00:00,,531.0,3990.9,
LOG-05536,2026-06-18T14:36:08.350957+00:00,2026-06-18T14:36:08.884000+00:00,2026-06-18T14:36:12.341259+00:00,,533.0,3990.3,
LOG-05537,2026-06-18T14:36:08.351957+00:00,2026-06-18T14:36:08.885000+00:00,2026-06-18T14:36:12.341522+00:00,,533.0,3989.6,
LOG-05538,2026-06-18T14:36:08.352957+00:00,2026-06-18T14:36:08.888000+00:00,2026-06-18T14:36:12.342063+00:00,,535.0,3989.1,
LOG-05539,2026-06-18T14:36:08.353957+00:00,2026-06-18T14:36:08.889000+00:00,2026-06-18T14:36:12.342472+00:00,,535.0,3988.5,
LOG-05540,2026-06-18T14:36:08.354957+00:00,2026-06-18T14:36:08.892000+00:00,2026-06-18T14:36:12.342732+00:00,,537.0,3987.8,
LOG-05541,2026-06-18T14:36:08.355957+00:00,2026-06-18T14:36:08.893000+00:00,2026-06-18T14:36:12.343180+00:00,,537.0,3987.2,
LOG-05542,2026-06-18T14:36:08.356957+00:00,2026-06-18T14:36:08.895000+00:00,2026-06-18T14:36:12.343529+00:00,,538.0,3986.6,
LOG-05543,2026-06-18T14:36:08.357957+00:00,2026-06-18T14:36:08.897000+00:00,2026-06-18T14:36:12.344134+00:00,,539.0,3986.2,
LOG-05544,2026-06-18T14:36:08.358957+00:00,2026-06-18T14:36:08.899000+00:00,2026-06-18T14:36:12.344556+00:00,,540.0,3985.6,
LOG-05545,2026-06-18T14:36:08.359957+00:00,2026-06-18T14:36:08.901000+00:00,2026-06-18T14:36:12.344892+00:00,,541.0,3984.9,
LOG-05546,2026-06-18T14:36:08.360957+00:00,2026-06-18T14:36:08.903000+00:00,2026-06-18T14:36:12.345292+00:00,,542.0,3984.3,
LOG-05547,2026-06-18T14:36:08.361957+00:00,2026-06-18T14:36:08.905000+00:00,2026-06-18T14:36:12.345606+00:00,,543.0,3983.6,
LOG-05548,2026-06-18T14:36:08.362957+00:00,2026-06-18T14:36:08.907000+00:00,2026-06-18T14:36:12.346276+00:00,,544.0,3983.3,
LOG-05549,2026-06-18T14:36:08.363957+00:00,2026-06-18T14:36:08.909000+00:00,2026-06-18T14:36:12.347038+00:00,,545.0,3983.1,
LOG-05550,2026-06-18T14:36:08.364957+00:00,2026-06-18T14:36:08.911000+00:00,2026-06-18T14:36:12.347543+00:00,,546.0,3982.6,
LOG-05551,2026-06-18T14:36:08.365957+00:00,2026-06-18T14:36:08.914000+00:00,2026-06-18T14:36:12.347861+00:00,,548.0,3981.9,
LOG-05552,2026-06-18T14:36:08.366957+00:00,2026-06-18T14:36:08.915000+00:00,2026-06-18T14:36:12.348305+00:00,,548.0,3981.3,
LOG-05553,2026-06-18T14:36:08.367957+00:00,2026-06-18T14:36:08.918000+00:00,2026-06-18T14:36:12.348610+00:00,,550.0,3980.7,
LOG-05554,2026-06-18T14:36:08.368957+00:00,2026-06-18T14:36:08.919000+00:00,2026-06-18T14:36:12.349045+00:00,,550.0,3980.1,
LOG-05555,2026-06-18T14:36:08.369957+00:00,2026-06-18T14:36:08.921000+00:00,2026-06-18T14:36:12.349335+00:00,,551.0,3979.4,
LOG-05556,2026-06-18T14:36:08.370957+00:00,2026-06-18T14:36:08.923000+00:00,2026-06-18T14:36:12.349925+00:00,,552.0,3979.0,
LOG-05557,2026-06-18T14:36:08.371957+00:00,2026-06-18T14:36:08.927000+00:00,2026-06-18T14:36:12.350367+00:00,,555.0,3978.4,
LOG-05558,2026-06-18T14:36:08.372957+00:00,2026-06-18T14:36:08.930000+00:00,2026-06-18T14:36:12.350616+00:00,,557.0,3977.7,
LOG-05559,2026-06-18T14:36:08.373957+00:00,2026-06-18T14:36:08.933000+00:00,2026-06-18T14:36:12.351169+00:00,,559.0,3977.2,
LOG-05560,2026-06-18T14:36:08.374957+00:00,2026-06-18T14:36:08.934000+00:00,2026-06-18T14:36:12.351710+00:00,,559.0,3976.8,
LOG-05561,2026-06-18T14:36:08.375957+00:00,2026-06-18T14:36:08.936000+00:00,2026-06-18T14:36:12.352130+00:00,,560.0,3976.2,
LOG-05562,2026-06-18T14:36:08.376957+00:00,2026-06-18T14:36:08.938000+00:00,2026-06-18T14:36:12.352390+00:00,,561.0,3975.4,
LOG-05563,2026-06-18T14:36:08.377957+00:00,2026-06-18T14:36:08.940000+00:00,2026-06-18T14:36:12.352932+00:00,,562.0,3975.0,
LOG-05564,2026-06-18T14:36:08.378957+00:00,2026-06-18T14:36:08.942000+00:00,2026-06-18T14:36:12.358531+00:00,,563.0,3979.6,
LOG-05565,2026-06-18T14:36:08.379957+00:00,2026-06-18T14:36:08.944000+00:00,2026-06-18T14:36:12.358932+00:00,,564.0,3979.0,
LOG-05566,2026-06-18T14:36:08.380957+00:00,2026-06-18T14:36:08.947000+00:00,2026-06-18T14:36:12.359471+00:00,,566.0,3978.5,
LOG-05567,2026-06-18T14:36:08.381957+00:00,2026-06-18T14:36:08.948000+00:00,2026-06-18T14:36:12.359845+00:00,,566.0,3977.9,
LOG-05568,2026-06-18T14:36:08.382957+00:00,2026-06-18T14:36:08.950000+00:00,2026-06-18T14:36:12.360106+00:00,,567.0,3977.1,
LOG-05569,2026-06-18T14:36:08.383957+00:00,2026-06-18T14:36:08.955000+00:00,2026-06-18T14:36:12.360475+00:00,,571.0,3976.5,
LOG-05570,2026-06-18T14:36:08.384957+00:00,2026-06-18T14:36:08.956000+00:00,2026-06-18T14:36:12.360788+00:00,,571.0,3975.8,
LOG-05571,2026-06-18T14:36:08.385957+00:00,2026-06-18T14:36:08.958000+00:00,2026-06-18T14:36:12.361424+00:00,,572.0,3975.5,
LOG-05572,2026-06-18T14:36:08.386957+00:00,2026-06-18T14:36:08.960000+00:00,2026-06-18T14:36:12.362002+00:00,,573.0,3975.0,
LOG-05573,2026-06-18T14:36:08.387957+00:00,2026-06-18T14:36:08.962000+00:00,2026-06-18T14:36:12.362364+00:00,,574.0,3974.4,
LOG-05574,2026-06-18T14:36:08.388957+00:00,2026-06-18T14:36:08.964000+00:00,2026-06-18T14:36:12.362701+00:00,,575.0,3973.7,
LOG-05575,2026-06-18T14:36:08.389957+00:00,2026-06-18T14:36:08.967000+00:00,2026-06-18T14:36:12.363379+00:00,,577.0,3973.4,
LOG-05576,2026-06-18T14:36:08.390957+00:00,2026-06-18T14:36:08.968000+00:00,2026-06-18T14:36:12.363862+00:00,,577.0,3972.9,
LOG-05577,2026-06-18T14:36:08.391957+00:00,2026-06-18T14:36:08.970000+00:00,2026-06-18T14:36:12.364458+00:00,,578.0,3972.5,
LOG-05578,2026-06-18T14:36:08.392957+00:00,2026-06-18T14:36:08.972000+00:00,2026-06-18T14:36:12.364806+00:00,,579.0,3971.8,
LOG-05579,2026-06-18T14:36:08.393957+00:00,2026-06-18T14:36:08.975000+00:00,2026-06-18T14:36:12.365542+00:00,,581.0,3971.6,
LOG-05580,2026-06-18T14:36:08.394957+00:00,2026-06-18T14:36:08.976000+00:00,2026-06-18T14:36:12.366004+00:00,,581.0,3971.0,
LOG-05581,2026-06-18T14:36:08.395957+00:00,2026-06-18T14:36:08.978000+00:00,2026-06-18T14:36:12.366325+00:00,,582.0,3970.4,
LOG-05582,2026-06-18T14:36:08.396957+00:00,2026-06-18T14:36:08.980000+00:00,2026-06-18T14:36:12.366911+00:00,,583.0,3970.0,
LOG-05583,2026-06-18T14:36:08.397957+00:00,2026-06-18T14:36:08.982000+00:00,2026-06-18T14:36:12.367354+00:00,,584.0,3969.4,
LOG-05584,2026-06-18T14:36:08.398957+00:00,2026-06-18T14:36:08.984000+00:00,2026-06-18T14:36:12.367652+00:00,,585.0,3968.7,
LOG-05585,2026-06-18T14:36:08.399957+00:00,2026-06-18T14:36:08.986000+00:00,2026-06-18T14:36:12.368073+00:00,,586.0,3968.1,
LOG-05586,2026-06-18T14:36:08.400957+00:00,2026-06-18T14:36:08.988000+00:00,2026-06-18T14:36:12.368352+00:00,,587.0,3967.4,
LOG-05587,2026-06-18T14:36:08.401957+00:00,2026-06-18T14:36:08.990000+00:00,2026-06-18T14:36:12.368887+00:00,,588.0,3966.9,
LOG-05588,2026-06-18T14:36:08.402957+00:00,2026-06-18T14:36:08.992000+00:00,2026-06-18T14:36:12.369396+00:00,,589.0,3966.4,
LOG-05589,2026-06-18T14:36:08.403957+00:00,2026-06-18T14:36:08.995000+00:00,2026-06-18T14:36:12.369722+00:00,,591.0,3965.8,
LOG-05590,2026-06-18T14:36:08.404957+00:00,2026-06-18T14:36:08.997000+00:00,2026-06-18T14:36:12.370192+00:00,,592.0,3965.2,
LOG-05591,2026-06-18T14:36:08.405957+00:00,2026-06-18T14:36:08.998000+00:00,2026-06-18T14:36:12.370526+00:00,,592.0,3964.6,
LOG-05592,2026-06-18T14:36:08.406957+00:00,2026-06-18T14:36:09+00:00,2026-06-18T14:36:12.371233+00:00,,593.0,3964.3,
LOG-05593,2026-06-18T14:36:08.407957+00:00,2026-06-18T14:36:09.002000+00:00,2026-06-18T14:36:12.371994+00:00,,594.0,3964.0,
LOG-05594,2026-06-18T14:36:08.408957+00:00,2026-06-18T14:36:09.005000+00:00,2026-06-18T14:36:12.372650+00:00,,596.0,3963.7,
LOG-05595,2026-06-18T14:36:08.409957+00:00,2026-06-18T14:36:09.006000+00:00,2026-06-18T14:36:12.373075+00:00,,596.0,3963.1,
LOG-05596,2026-06-18T14:36:08.410957+00:00,2026-06-18T14:36:09.008000+00:00,2026-06-18T14:36:12.373387+00:00,,597.0,3962.4,
LOG-05597,2026-06-18T14:36:08.411957+00:00,2026-06-18T14:36:09.010000+00:00,2026-06-18T14:36:12.374037+00:00,,598.0,3962.1,
LOG-05598,2026-06-18T14:36:08.412957+00:00,2026-06-18T14:36:09.012000+00:00,2026-06-18T14:36:12.374447+00:00,,599.0,3961.5,
LOG-05599,2026-06-18T14:36:08.413957+00:00,2026-06-18T14:36:09.014000+00:00,2026-06-18T14:36:12.374725+00:00,,600.0,3960.8,
LOG-05600,2026-06-18T14:36:08.414957+00:00,2026-06-18T14:36:09.017000+00:00,2026-06-18T14:36:12.375329+00:00,,602.0,3960.4,
LOG-05601,2026-06-18T14:36:08.415957+00:00,2026-06-18T14:36:09.018000+00:00,2026-06-18T14:36:12.375960+00:00,,602.0,3960.0,
LOG-05602,2026-06-18T14:36:08.416957+00:00,2026-06-18T14:36:09.020000+00:00,2026-06-18T14:36:12.376512+00:00,,603.0,3959.6,
LOG-05603,2026-06-18T14:36:08.417957+00:00,2026-06-18T14:36:09.022000+00:00,2026-06-18T14:36:12.377006+00:00,,604.0,3959.0,
LOG-05604,2026-06-18T14:36:08.418957+00:00,2026-06-18T14:36:09.024000+00:00,2026-06-18T14:36:12.377294+00:00,,605.0,3958.3,
LOG-05605,2026-06-18T14:36:08.419957+00:00,2026-06-18T14:36:09.026000+00:00,2026-06-18T14:36:12.377725+00:00,,606.0,3957.8,
LOG-05606,2026-06-18T14:36:08.420957+00:00,2026-06-18T14:36:09.029000+00:00,2026-06-18T14:36:12.378005+00:00,,608.0,3957.0,
LOG-05607,2026-06-18T14:36:08.421957+00:00,2026-06-18T14:36:09.030000+00:00,2026-06-18T14:36:12.378584+00:00,,608.0,3956.6,
LOG-05608,2026-06-18T14:36:08.422957+00:00,2026-06-18T14:36:09.033000+00:00,2026-06-18T14:36:12.378988+00:00,,610.0,3956.0,
LOG-05609,2026-06-18T14:36:08.423957+00:00,2026-06-18T14:36:09.034000+00:00,2026-06-18T14:36:12.379363+00:00,,610.0,3955.4,
LOG-05610,2026-06-18T14:36:08.424957+00:00,2026-06-18T14:36:09.036000+00:00,2026-06-18T14:36:12.380140+00:00,,611.0,3955.2,
LOG-05611,2026-06-18T14:36:08.425957+00:00,2026-06-18T14:36:09.038000+00:00,2026-06-18T14:36:12.380897+00:00,,612.0,3954.9,
LOG-05612,2026-06-18T14:36:08.426957+00:00,2026-06-18T14:36:09.040000+00:00,2026-06-18T14:36:12.381333+00:00,,613.0,3954.4,
LOG-05613,2026-06-18T14:36:08.427957+00:00,2026-06-18T14:36:09.042000+00:00,2026-06-18T14:36:12.381589+00:00,,614.0,3953.6,
LOG-05614,2026-06-18T14:36:08.428957+00:00,2026-06-18T14:36:09.044000+00:00,2026-06-18T14:36:12.382007+00:00,,615.0,3953.1,
LOG-05615,2026-06-18T14:36:08.429957+00:00,2026-06-18T14:36:09.046000+00:00,2026-06-18T14:36:12.382251+00:00,,616.0,3952.3,
LOG-05616,2026-06-18T14:36:08.430957+00:00,2026-06-18T14:36:09.048000+00:00,2026-06-18T14:36:12.382630+00:00,,617.0,3951.7,
LOG-05617,2026-06-18T14:36:08.431957+00:00,2026-06-18T14:36:09.050000+00:00,2026-06-18T14:36:12.382861+00:00,,618.0,3950.9,
LOG-05618,2026-06-18T14:36:08.432957+00:00,2026-06-18T14:36:09.052000+00:00,2026-06-18T14:36:12.383302+00:00,,619.0,3950.3,
LOG-05619,2026-06-18T14:36:08.433957+00:00,2026-06-18T14:36:09.055000+00:00,2026-06-18T14:36:12.383595+00:00,,621.0,3949.6,
LOG-05620,2026-06-18T14:36:08.434957+00:00,2026-06-18T14:36:09.056000+00:00,2026-06-18T14:36:12.384123+00:00,,621.0,3949.2,
LOG-05621,2026-06-18T14:36:08.435957+00:00,2026-06-18T14:36:09.058000+00:00,2026-06-18T14:36:12.384426+00:00,,622.0,3948.5,
LOG-05622,2026-06-18T14:36:08.436957+00:00,2026-06-18T14:36:09.060000+00:00,2026-06-18T14:36:12.384891+00:00,,623.0,3947.9,
LOG-05623,2026-06-18T14:36:08.437957+00:00,2026-06-18T14:36:09.062000+00:00,2026-06-18T14:36:12.385158+00:00,,624.0,3947.2,
LOG-05624,2026-06-18T14:36:08.438957+00:00,2026-06-18T14:36:09.064000+00:00,2026-06-18T14:36:12.385833+00:00,,625.0,3946.9,
LOG-05625,2026-06-18T14:36:08.439957+00:00,2026-06-18T14:36:09.066000+00:00,2026-06-18T14:36:12.386270+00:00,,626.0,3946.3,
LOG-05626,2026-06-18T14:36:08.440957+00:00,2026-06-18T14:36:09.068000+00:00,2026-06-18T14:36:12.386555+00:00,,627.0,3945.6,
LOG-05627,2026-06-18T14:36:08.441957+00:00,2026-06-18T14:36:09.071000+00:00,2026-06-18T14:36:12.387288+00:00,,629.0,3945.3,
LOG-05628,2026-06-18T14:36:08.442957+00:00,2026-06-18T14:36:09.072000+00:00,2026-06-18T14:36:12.387811+00:00,,629.0,3944.9,
LOG-05629,2026-06-18T14:36:08.443957+00:00,2026-06-18T14:36:09.074000+00:00,2026-06-18T14:36:12.388093+00:00,,630.0,3944.1,
LOG-05630,2026-06-18T14:36:08.444957+00:00,2026-06-18T14:36:09.076000+00:00,2026-06-18T14:36:12.388793+00:00,,631.0,3943.8,
LOG-05631,2026-06-18T14:36:08.445957+00:00,2026-06-18T14:36:09.079000+00:00,2026-06-18T14:36:12.389506+00:00,,633.0,3943.5,
LOG-05632,2026-06-18T14:36:08.446957+00:00,2026-06-18T14:36:09.080000+00:00,2026-06-18T14:36:12.390213+00:00,,633.0,3943.3,
LOG-05633,2026-06-18T14:36:08.447957+00:00,2026-06-18T14:36:09.082000+00:00,2026-06-18T14:36:12.390622+00:00,,634.0,3942.7,
LOG-05634,2026-06-18T14:36:08.448957+00:00,2026-06-18T14:36:09.084000+00:00,2026-06-18T14:36:12.390859+00:00,,635.0,3941.9,
LOG-05635,2026-06-18T14:36:08.449957+00:00,2026-06-18T14:36:09.086000+00:00,2026-06-18T14:36:12.391286+00:00,,636.0,3941.3,
LOG-05636,2026-06-18T14:36:08.450957+00:00,2026-06-18T14:36:09.088000+00:00,2026-06-18T14:36:12.391520+00:00,,637.0,3940.6,
LOG-05637,2026-06-18T14:36:08.451957+00:00,2026-06-18T14:36:09.090000+00:00,2026-06-18T14:36:12.392072+00:00,,638.0,3940.1,
LOG-05638,2026-06-18T14:36:08.452957+00:00,2026-06-18T14:36:09.092000+00:00,2026-06-18T14:36:12.392469+00:00,,639.0,3939.5,
LOG-05639,2026-06-18T14:36:08.453957+00:00,2026-06-18T14:36:09.094000+00:00,2026-06-18T14:36:12.392695+00:00,,640.0,3938.7,
LOG-05640,2026-06-18T14:36:08.454957+00:00,2026-06-18T14:36:09.096000+00:00,2026-06-18T14:36:12.393074+00:00,,641.0,3938.1,
LOG-05641,2026-06-18T14:36:08.455957+00:00,2026-06-18T14:36:09.099000+00:00,2026-06-18T14:36:12.393308+00:00,,643.0,3937.4,
LOG-05642,2026-06-18T14:36:08.456957+00:00,2026-06-18T14:36:09.101000+00:00,2026-06-18T14:36:12.393644+00:00,,644.0,3936.7,
LOG-05643,2026-06-18T14:36:08.457957+00:00,2026-06-18T14:36:09.102000+00:00,2026-06-18T14:36:12.393892+00:00,,644.0,3935.9,
LOG-05644,2026-06-18T14:36:08.458957+00:00,2026-06-18T14:36:09.104000+00:00,2026-06-18T14:36:12.394526+00:00,,645.0,3935.6,
LOG-05645,2026-06-18T14:36:08.459957+00:00,2026-06-18T14:36:09.106000+00:00,2026-06-18T14:36:12.395072+00:00,,646.0,3935.1,
LOG-05646,2026-06-18T14:36:08.460957+00:00,2026-06-18T14:36:09.108000+00:00,2026-06-18T14:36:12.395769+00:00,,647.0,3934.8,
LOG-05647,2026-06-18T14:36:08.461957+00:00,2026-06-18T14:36:09.110000+00:00,2026-06-18T14:36:12.396292+00:00,,648.0,3934.3,
LOG-05648,2026-06-18T14:36:08.462957+00:00,2026-06-18T14:36:09.113000+00:00,2026-06-18T14:36:12.397157+00:00,,650.0,3934.2,
LOG-05649,2026-06-18T14:36:08.463957+00:00,2026-06-18T14:36:09.114000+00:00,2026-06-18T14:36:12.397528+00:00,,650.0,3933.6,
LOG-05650,2026-06-18T14:36:08.464957+00:00,2026-06-18T14:36:09.116000+00:00,2026-06-18T14:36:12.397939+00:00,,651.0,3933.0,
LOG-05651,2026-06-18T14:36:08.465957+00:00,2026-06-18T14:36:09.118000+00:00,2026-06-18T14:36:12.398259+00:00,,652.0,3932.3,
LOG-05652,2026-06-18T14:36:08.466957+00:00,2026-06-18T14:36:09.120000+00:00,2026-06-18T14:36:12.398678+00:00,,653.0,3931.7,
LOG-05653,2026-06-18T14:36:08.467957+00:00,2026-06-18T14:36:09.122000+00:00,2026-06-18T14:36:12.398929+00:00,,654.0,3931.0,
LOG-05654,2026-06-18T14:36:08.468957+00:00,2026-06-18T14:36:09.124000+00:00,2026-06-18T14:36:12.399363+00:00,,655.0,3930.4,
LOG-05655,2026-06-18T14:36:08.469957+00:00,2026-06-18T14:36:09.126000+00:00,2026-06-18T14:36:12.399658+00:00,,656.0,3929.7,
LOG-05656,2026-06-18T14:36:08.470957+00:00,2026-06-18T14:36:09.129000+00:00,2026-06-18T14:36:12.400236+00:00,,658.0,3929.3,
LOG-05657,2026-06-18T14:36:08.471957+00:00,2026-06-18T14:36:09.130000+00:00,2026-06-18T14:36:12.400661+00:00,,658.0,3928.7,
LOG-05658,2026-06-18T14:36:08.472957+00:00,2026-06-18T14:36:09.133000+00:00,2026-06-18T14:36:12.400921+00:00,,660.0,3928.0,
LOG-05659,2026-06-18T14:36:08.473957+00:00,2026-06-18T14:36:09.134000+00:00,2026-06-18T14:36:12.401484+00:00,,660.0,3927.5,
LOG-05660,2026-06-18T14:36:08.474957+00:00,2026-06-18T14:36:09.136000+00:00,2026-06-18T14:36:12.402031+00:00,,661.0,3927.1,
LOG-05661,2026-06-18T14:36:08.475957+00:00,2026-06-18T14:36:09.138000+00:00,2026-06-18T14:36:12.402433+00:00,,662.0,3926.5,
LOG-05662,2026-06-18T14:36:08.476957+00:00,2026-06-18T14:36:09.140000+00:00,2026-06-18T14:36:12.402739+00:00,,663.0,3925.8,
LOG-05663,2026-06-18T14:36:08.477957+00:00,2026-06-18T14:36:09.142000+00:00,2026-06-18T14:36:12.403130+00:00,,664.0,3925.2,
LOG-05664,2026-06-18T14:36:08.478957+00:00,2026-06-18T14:36:09.144000+00:00,2026-06-18T14:36:12.403418+00:00,,665.0,3924.5,
LOG-05665,2026-06-18T14:36:08.479957+00:00,2026-06-18T14:36:09.146000+00:00,2026-06-18T14:36:12.404113+00:00,,666.0,3924.2,
LOG-05666,2026-06-18T14:36:08.480957+00:00,2026-06-18T14:36:09.148000+00:00,2026-06-18T14:36:12.404825+00:00,,667.0,3923.9,
LOG-05667,2026-06-18T14:36:08.481957+00:00,2026-06-18T14:36:09.150000+00:00,2026-06-18T14:36:12.405651+00:00,,668.0,3923.7,
LOG-05668,2026-06-18T14:36:08.482957+00:00,2026-06-18T14:36:09.153000+00:00,2026-06-18T14:36:12.406215+00:00,,670.0,3923.3,
LOG-05669,2026-06-18T14:36:08.483957+00:00,2026-06-18T14:36:09.155000+00:00,2026-06-18T14:36:12.406486+00:00,,671.0,3922.5,
LOG-05670,2026-06-18T14:36:08.484957+00:00,2026-06-18T14:36:09.156000+00:00,2026-06-18T14:36:12.406914+00:00,,671.0,3922.0,
LOG-05671,2026-06-18T14:36:08.485957+00:00,2026-06-18T14:36:09.158000+00:00,2026-06-18T14:36:12.407202+00:00,,672.0,3921.2,
LOG-05672,2026-06-18T14:36:08.486957+00:00,2026-06-18T14:36:09.160000+00:00,2026-06-18T14:36:12.407742+00:00,,673.0,3920.8,
LOG-05673,2026-06-18T14:36:08.487957+00:00,2026-06-18T14:36:09.163000+00:00,2026-06-18T14:36:12.408452+00:00,,675.0,3920.5,
LOG-05674,2026-06-18T14:36:08.488957+00:00,2026-06-18T14:36:09.164000+00:00,2026-06-18T14:36:12.408896+00:00,,675.0,3919.9,
LOG-05675,2026-06-18T14:36:08.489957+00:00,2026-06-18T14:36:09.166000+00:00,2026-06-18T14:36:12.409236+00:00,,676.0,3919.3,
LOG-05676,2026-06-18T14:36:08.490957+00:00,2026-06-18T14:36:09.168000+00:00,2026-06-18T14:36:12.409877+00:00,,677.0,3918.9,
LOG-05677,2026-06-18T14:36:08.491957+00:00,2026-06-18T14:36:09.170000+00:00,2026-06-18T14:36:12.410321+00:00,,678.0,3918.4,
LOG-05678,2026-06-18T14:36:08.492957+00:00,2026-06-18T14:36:09.172000+00:00,2026-06-18T14:36:12.410669+00:00,,679.0,3917.7,
LOG-05679,2026-06-18T14:36:08.493957+00:00,2026-06-18T14:36:09.174000+00:00,2026-06-18T14:36:12.411373+00:00,,680.0,3917.4,
LOG-05680,2026-06-18T14:36:08.494957+00:00,2026-06-18T14:36:09.176000+00:00,2026-06-18T14:36:12.411795+00:00,,681.0,3916.8,
LOG-05681,2026-06-18T14:36:08.495957+00:00,2026-06-18T14:36:09.179000+00:00,2026-06-18T14:36:12.412071+00:00,,683.0,3916.1,
LOG-05682,2026-06-18T14:36:08.496957+00:00,2026-06-18T14:36:09.180000+00:00,2026-06-18T14:36:12.412682+00:00,,683.0,3915.7,
LOG-05683,2026-06-18T14:36:08.497957+00:00,2026-06-18T14:36:09.182000+00:00,2026-06-18T14:36:12.413140+00:00,,684.0,3915.2,
LOG-05684,2026-06-18T14:36:08.498957+00:00,2026-06-18T14:36:09.185000+00:00,2026-06-18T14:36:12.413548+00:00,,686.0,3914.6,
LOG-05685,2026-06-18T14:36:08.499957+00:00,2026-06-18T14:36:09.186000+00:00,2026-06-18T14:36:12.414342+00:00,,686.0,3914.4,
LOG-05686,2026-06-18T14:36:08.500957+00:00,2026-06-18T14:36:09.188000+00:00,2026-06-18T14:36:12.414794+00:00,,687.0,3913.8,
LOG-05687,2026-06-18T14:36:08.501957+00:00,2026-06-18T14:36:09.190000+00:00,2026-06-18T14:36:12.415061+00:00,,688.0,3913.1,
LOG-05688,2026-06-18T14:36:08.502957+00:00,2026-06-18T14:36:09.192000+00:00,2026-06-18T14:36:12.415460+00:00,,689.0,3912.5,
LOG-05689,2026-06-18T14:36:08.503957+00:00,2026-06-18T14:36:09.194000+00:00,2026-06-18T14:36:12.415766+00:00,,690.0,3911.8,
LOG-05690,2026-06-18T14:36:08.504957+00:00,2026-06-18T14:36:09.197000+00:00,2026-06-18T14:36:12.416307+00:00,,692.0,3911.4,
LOG-05691,2026-06-18T14:36:08.505957+00:00,2026-06-18T14:36:09.198000+00:00,2026-06-18T14:36:12.416715+00:00,,692.0,3910.8,
LOG-05692,2026-06-18T14:36:08.506957+00:00,2026-06-18T14:36:09.201000+00:00,2026-06-18T14:36:12.416996+00:00,,694.0,3910.0,
LOG-05693,2026-06-18T14:36:08.507957+00:00,2026-06-18T14:36:09.204000+00:00,2026-06-18T14:36:12.417373+00:00,,696.0,3909.4,
LOG-05694,2026-06-18T14:36:08.508957+00:00,2026-06-18T14:36:09.205000+00:00,2026-06-18T14:36:12.417645+00:00,,696.0,3908.7,
LOG-05695,2026-06-18T14:36:08.509957+00:00,2026-06-18T14:36:09.207000+00:00,2026-06-18T14:36:12.418307+00:00,,697.0,3908.3,
LOG-05696,2026-06-18T14:36:08.510957+00:00,2026-06-18T14:36:09.211000+00:00,2026-06-18T14:36:12.418712+00:00,,700.0,3907.8,
LOG-05697,2026-06-18T14:36:08.511957+00:00,2026-06-18T14:36:09.213000+00:00,2026-06-18T14:36:12.419029+00:00,,701.0,3907.1,
LOG-05698,2026-06-18T14:36:08.512957+00:00,2026-06-18T14:36:09.218000+00:00,2026-06-18T14:36:12.419504+00:00,,705.0,3906.5,
LOG-05699,2026-06-18T14:36:08.513957+00:00,2026-06-18T14:36:09.222000+00:00,2026-06-18T14:36:12.419804+00:00,,708.0,3905.8,
LOG-05700,2026-06-18T14:36:08.514957+00:00,2026-06-18T14:36:09.223000+00:00,2026-06-18T14:36:12.420443+00:00,,708.0,3905.5,
LOG-05701,2026-06-18T14:36:08.515957+00:00,2026-06-18T14:36:09.225000+00:00,2026-06-18T14:36:12.420947+00:00,,709.0,3905.0,
LOG-05702,2026-06-18T14:36:08.516957+00:00,2026-06-18T14:36:09.227000+00:00,2026-06-18T14:36:12.421314+00:00,,710.0,3904.4,
LOG-05703,2026-06-18T14:36:08.517957+00:00,2026-06-18T14:36:09.233000+00:00,2026-06-18T14:36:12.422062+00:00,,715.0,3904.1,
LOG-05704,2026-06-18T14:36:08.518957+00:00,2026-06-18T14:36:09.234000+00:00,2026-06-18T14:36:12.422776+00:00,,715.0,3903.8,
LOG-05705,2026-06-18T14:36:08.519957+00:00,2026-06-18T14:36:09.236000+00:00,2026-06-18T14:36:12.423420+00:00,,716.0,3903.5,
LOG-05706,2026-06-18T14:36:08.520957+00:00,2026-06-18T14:36:09.239000+00:00,2026-06-18T14:36:12.423926+00:00,,718.0,3903.0,
LOG-05707,2026-06-18T14:36:08.521957+00:00,2026-06-18T14:36:09.240000+00:00,2026-06-18T14:36:12.424252+00:00,,718.0,3902.3,
LOG-05708,2026-06-18T14:36:08.522957+00:00,2026-06-18T14:36:09.242000+00:00,2026-06-18T14:36:12.424860+00:00,,719.0,3901.9,
LOG-05709,2026-06-18T14:36:08.523957+00:00,2026-06-18T14:36:09.244000+00:00,2026-06-18T14:36:12.425427+00:00,,720.0,3901.5,
LOG-05710,2026-06-18T14:36:08.524957+00:00,2026-06-18T14:36:09.250000+00:00,2026-06-18T14:36:12.425804+00:00,,725.0,3900.8,
LOG-05711,2026-06-18T14:36:08.525957+00:00,2026-06-18T14:36:09.251000+00:00,2026-06-18T14:36:12.426112+00:00,,725.0,3900.2,
LOG-05712,2026-06-18T14:36:08.526957+00:00,2026-06-18T14:36:09.254000+00:00,2026-06-18T14:36:12.426709+00:00,,727.0,3899.8,
LOG-05713,2026-06-18T14:36:08.527957+00:00,2026-06-18T14:36:09.256000+00:00,2026-06-18T14:36:12.427095+00:00,,728.0,3899.1,
LOG-05714,2026-06-18T14:36:08.528957+00:00,2026-06-18T14:36:09.258000+00:00,2026-06-18T14:36:12.427338+00:00,,729.0,3898.4,
LOG-05715,2026-06-18T14:36:08.529957+00:00,2026-06-18T14:36:09.259000+00:00,2026-06-18T14:36:12.427734+00:00,,729.0,3897.8,
LOG-05716,2026-06-18T14:36:08.530957+00:00,2026-06-18T14:36:09.261000+00:00,2026-06-18T14:36:12.428021+00:00,,730.0,3897.1,
LOG-05717,2026-06-18T14:36:08.531957+00:00,2026-06-18T14:36:09.264000+00:00,2026-06-18T14:36:12.428428+00:00,,732.0,3896.5,
LOG-05718,2026-06-18T14:36:08.532957+00:00,2026-06-18T14:36:09.266000+00:00,2026-06-18T14:36:12.428710+00:00,,733.0,3895.8,
LOG-05719,2026-06-18T14:36:08.533957+00:00,2026-06-18T14:36:09.267000+00:00,2026-06-18T14:36:12.429136+00:00,,733.0,3895.2,
LOG-05720,2026-06-18T14:36:08.534957+00:00,2026-06-18T14:36:09.270000+00:00,2026-06-18T14:36:12.429500+00:00,,735.0,3894.5,
LOG-05721,2026-06-18T14:36:08.535957+00:00,2026-06-18T14:36:09.271000+00:00,2026-06-18T14:36:12.430370+00:00,,735.0,3894.4,
LOG-05722,2026-06-18T14:36:08.536957+00:00,2026-06-18T14:36:09.273000+00:00,2026-06-18T14:36:12.430922+00:00,,736.0,3894.0,
LOG-05723,2026-06-18T14:36:08.537957+00:00,2026-06-18T14:36:09.275000+00:00,2026-06-18T14:36:12.431220+00:00,,737.0,3893.3,
LOG-05724,2026-06-18T14:36:08.538957+00:00,2026-06-18T14:36:09.278000+00:00,2026-06-18T14:36:12.431647+00:00,,739.0,3892.7,
LOG-05725,2026-06-18T14:36:08.539957+00:00,2026-06-18T14:36:09.280000+00:00,2026-06-18T14:36:12.431960+00:00,,740.0,3892.0,
LOG-05726,2026-06-18T14:36:08.540957+00:00,2026-06-18T14:36:09.282000+00:00,2026-06-18T14:36:12.432530+00:00,,741.0,3891.6,
LOG-05727,2026-06-18T14:36:08.541957+00:00,2026-06-18T14:36:09.284000+00:00,2026-06-18T14:36:12.433105+00:00,,742.0,3891.1,
LOG-05728,2026-06-18T14:36:08.542957+00:00,2026-06-18T14:36:09.287000+00:00,2026-06-18T14:36:12.433519+00:00,,744.0,3890.6,
LOG-05729,2026-06-18T14:36:08.543957+00:00,2026-06-18T14:36:09.288000+00:00,2026-06-18T14:36:12.433782+00:00,,744.0,3889.8,
LOG-05730,2026-06-18T14:36:08.544957+00:00,2026-06-18T14:36:09.290000+00:00,2026-06-18T14:36:12.434215+00:00,,745.0,3889.3,
LOG-05731,2026-06-18T14:36:08.545957+00:00,2026-06-18T14:36:09.292000+00:00,2026-06-18T14:36:12.434472+00:00,,746.0,3888.5,
LOG-05732,2026-06-18T14:36:08.546957+00:00,2026-06-18T14:36:09.294000+00:00,2026-06-18T14:36:12.434949+00:00,,747.0,3888.0,
LOG-05733,2026-06-18T14:36:08.547957+00:00,2026-06-18T14:36:09.296000+00:00,2026-06-18T14:36:12.435201+00:00,,748.0,3887.2,
LOG-05734,2026-06-18T14:36:08.548957+00:00,2026-06-18T14:36:09.298000+00:00,2026-06-18T14:36:12.435613+00:00,,749.0,3886.7,
LOG-05735,2026-06-18T14:36:08.549957+00:00,2026-06-18T14:36:09.300000+00:00,2026-06-18T14:36:12.435906+00:00,,750.0,3885.9,
LOG-05736,2026-06-18T14:36:08.550957+00:00,2026-06-18T14:36:09.302000+00:00,2026-06-18T14:36:12.436266+00:00,,751.0,3885.3,
LOG-05737,2026-06-18T14:36:08.551957+00:00,2026-06-18T14:36:09.304000+00:00,2026-06-18T14:36:12.436520+00:00,,752.0,3884.6,
LOG-05738,2026-06-18T14:36:08.552957+00:00,2026-06-18T14:36:09.306000+00:00,2026-06-18T14:36:12.436884+00:00,,753.0,3883.9,
LOG-05739,2026-06-18T14:36:08.553957+00:00,2026-06-18T14:36:09.308000+00:00,2026-06-18T14:36:12.437229+00:00,,754.0,3883.3,
LOG-05740,2026-06-18T14:36:08.554957+00:00,2026-06-18T14:36:09.310000+00:00,2026-06-18T14:36:12.437952+00:00,,755.0,3883.0,
LOG-05741,2026-06-18T14:36:08.555957+00:00,2026-06-18T14:36:09.312000+00:00,2026-06-18T14:36:12.438734+00:00,,756.0,3882.8,
LOG-05742,2026-06-18T14:36:08.556957+00:00,2026-06-18T14:36:09.314000+00:00,2026-06-18T14:36:12.439190+00:00,,757.0,3882.2,
LOG-05743,2026-06-18T14:36:08.557957+00:00,2026-06-18T14:36:09.316000+00:00,2026-06-18T14:36:12.439488+00:00,,758.0,3881.5,
LOG-05744,2026-06-18T14:36:08.558957+00:00,2026-06-18T14:36:09.318000+00:00,2026-06-18T14:36:12.440154+00:00,,759.0,3881.2,
LOG-05745,2026-06-18T14:36:08.559957+00:00,2026-06-18T14:36:09.320000+00:00,2026-06-18T14:36:12.440518+00:00,,760.0,3880.6,
LOG-05746,2026-06-18T14:36:08.560957+00:00,2026-06-18T14:36:09.322000+00:00,2026-06-18T14:36:12.440786+00:00,,761.0,3879.8,
LOG-05747,2026-06-18T14:36:08.561957+00:00,2026-06-18T14:36:09.324000+00:00,2026-06-18T14:36:12.441373+00:00,,762.0,3879.4,
LOG-05748,2026-06-18T14:36:08.562957+00:00,2026-06-18T14:36:09.326000+00:00,2026-06-18T14:36:12.441788+00:00,,763.0,3878.8,
LOG-05749,2026-06-18T14:36:08.563957+00:00,2026-06-18T14:36:09.328000+00:00,2026-06-18T14:36:12.442068+00:00,,764.0,3878.1,
LOG-05750,2026-06-18T14:36:08.564957+00:00,2026-06-18T14:36:09.330000+00:00,2026-06-18T14:36:12.442661+00:00,,765.0,3877.7,
LOG-05751,2026-06-18T14:36:08.565957+00:00,2026-06-18T14:36:09.332000+00:00,2026-06-18T14:36:12.443061+00:00,,766.0,3877.1,
LOG-05752,2026-06-18T14:36:08.566957+00:00,2026-06-18T14:36:09.334000+00:00,2026-06-18T14:36:12.443290+00:00,,767.0,3876.3,
LOG-05753,2026-06-18T14:36:08.567957+00:00,2026-06-18T14:36:09.336000+00:00,2026-06-18T14:36:12.443643+00:00,,768.0,3875.7,
LOG-05754,2026-06-18T14:36:08.568957+00:00,2026-06-18T14:36:09.338000+00:00,2026-06-18T14:36:12.443901+00:00,,769.0,3874.9,
LOG-05755,2026-06-18T14:36:08.569957+00:00,2026-06-18T14:36:09.340000+00:00,2026-06-18T14:36:12.444562+00:00,,770.0,3874.6,
LOG-05756,2026-06-18T14:36:08.570957+00:00,2026-06-18T14:36:09.342000+00:00,2026-06-18T14:36:12.445234+00:00,,771.0,3874.3,
LOG-05757,2026-06-18T14:36:08.571957+00:00,2026-06-18T14:36:09.344000+00:00,2026-06-18T14:36:12.446266+00:00,,772.0,3874.3,
LOG-05758,2026-06-18T14:36:08.572957+00:00,2026-06-18T14:36:09.346000+00:00,2026-06-18T14:36:12.446713+00:00,,773.0,3873.8,
LOG-05759,2026-06-18T14:36:08.573957+00:00,2026-06-18T14:36:09.348000+00:00,2026-06-18T14:36:12.447358+00:00,,774.0,3873.4,
LOG-05760,2026-06-18T14:36:08.574957+00:00,2026-06-18T14:36:09.350000+00:00,2026-06-18T14:36:12.447981+00:00,,775.0,3873.0,
LOG-05761,2026-06-18T14:36:08.575957+00:00,2026-06-18T14:36:09.352000+00:00,2026-06-18T14:36:12.448286+00:00,,776.0,3872.3,
LOG-05762,2026-06-18T14:36:08.576957+00:00,2026-06-18T14:36:09.354000+00:00,2026-06-18T14:36:12.448971+00:00,,777.0,3872.0,
LOG-05763,2026-06-18T14:36:08.577957+00:00,2026-06-18T14:36:09.356000+00:00,2026-06-18T14:36:12.449597+00:00,,778.0,3871.6,
LOG-05764,2026-06-18T14:36:08.578957+00:00,2026-06-18T14:36:09.358000+00:00,2026-06-18T14:36:12.450000+00:00,,779.0,3871.0,
LOG-05765,2026-06-18T14:36:08.579957+00:00,2026-06-18T14:36:09.360000+00:00,2026-06-18T14:36:12.450256+00:00,,780.0,3870.3,
LOG-05766,2026-06-18T14:36:08.580957+00:00,2026-06-18T14:36:09.362000+00:00,2026-06-18T14:36:12.450662+00:00,,781.0,3869.7,
LOG-05767,2026-06-18T14:36:08.581957+00:00,2026-06-18T14:36:09.364000+00:00,2026-06-18T14:36:12.450894+00:00,,782.0,3868.9,
LOG-05768,2026-06-18T14:36:08.582957+00:00,2026-06-18T14:36:09.366000+00:00,2026-06-18T14:36:12.451421+00:00,,783.0,3868.5,
LOG-05769,2026-06-18T14:36:08.583957+00:00,2026-06-18T14:36:09.368000+00:00,2026-06-18T14:36:12.451793+00:00,,784.0,3867.8,
LOG-05770,2026-06-18T14:36:08.584957+00:00,2026-06-18T14:36:09.370000+00:00,2026-06-18T14:36:12.452058+00:00,,785.0,3867.1,
LOG-05771,2026-06-18T14:36:08.585957+00:00,2026-06-18T14:36:09.372000+00:00,2026-06-18T14:36:12.452636+00:00,,786.0,3866.7,
LOG-05772,2026-06-18T14:36:08.586957+00:00,2026-06-18T14:36:09.374000+00:00,2026-06-18T14:36:12.453006+00:00,,787.0,3866.0,
LOG-05773,2026-06-18T14:36:08.587957+00:00,2026-06-18T14:36:09.376000+00:00,2026-06-18T14:36:12.453264+00:00,,788.0,3865.3,
LOG-05774,2026-06-18T14:36:08.588957+00:00,2026-06-18T14:36:09.378000+00:00,2026-06-18T14:36:12.453791+00:00,,789.0,3864.8,
LOG-05775,2026-06-18T14:36:08.589957+00:00,2026-06-18T14:36:09.380000+00:00,2026-06-18T14:36:12.454168+00:00,,790.0,3864.2,
LOG-05776,2026-06-18T14:36:08.590957+00:00,2026-06-18T14:36:09.382000+00:00,2026-06-18T14:36:12.454428+00:00,,791.0,3863.5,
LOG-05777,2026-06-18T14:36:08.591957+00:00,2026-06-18T14:36:09.384000+00:00,2026-06-18T14:36:12.455245+00:00,,792.0,3863.3,
LOG-05778,2026-06-18T14:36:08.592957+00:00,2026-06-18T14:36:09.386000+00:00,2026-06-18T14:36:12.456009+00:00,,793.0,3863.1,
LOG-05779,2026-06-18T14:36:08.593957+00:00,2026-06-18T14:36:09.388000+00:00,2026-06-18T14:36:12.456434+00:00,,794.0,3862.5,
LOG-05780,2026-06-18T14:36:08.594957+00:00,2026-06-18T14:36:09.390000+00:00,2026-06-18T14:36:12.456788+00:00,,795.0,3861.8,
LOG-05781,2026-06-18T14:36:08.595957+00:00,2026-06-18T14:36:09.392000+00:00,2026-06-18T14:36:12.457220+00:00,,796.0,3861.3,
LOG-05782,2026-06-18T14:36:08.596957+00:00,2026-06-18T14:36:09.394000+00:00,2026-06-18T14:36:12.457499+00:00,,797.0,3860.5,
LOG-05783,2026-06-18T14:36:08.597957+00:00,2026-06-18T14:36:09.396000+00:00,2026-06-18T14:36:12.458054+00:00,,798.0,3860.1,
LOG-05784,2026-06-18T14:36:08.598957+00:00,2026-06-18T14:36:09.398000+00:00,2026-06-18T14:36:12.458628+00:00,,799.0,3859.7,
LOG-05785,2026-06-18T14:36:08.599957+00:00,2026-06-18T14:36:09.400000+00:00,2026-06-18T14:36:12.458977+00:00,,800.0,3859.0,
LOG-05786,2026-06-18T14:36:08.600957+00:00,2026-06-18T14:36:09.402000+00:00,2026-06-18T14:36:12.459282+00:00,,801.0,3858.3,
LOG-05787,2026-06-18T14:36:08.601957+00:00,2026-06-18T14:36:09.404000+00:00,2026-06-18T14:36:12.459676+00:00,,802.0,3857.7,
LOG-05788,2026-06-18T14:36:08.602957+00:00,2026-06-18T14:36:09.406000+00:00,2026-06-18T14:36:12.459941+00:00,,803.0,3857.0,
LOG-05789,2026-06-18T14:36:08.603957+00:00,2026-06-18T14:36:09.408000+00:00,2026-06-18T14:36:12.460512+00:00,,804.0,3856.6,
LOG-05790,2026-06-18T14:36:08.604957+00:00,2026-06-18T14:36:09.410000+00:00,2026-06-18T14:36:12.461244+00:00,,805.0,3856.3,
LOG-05791,2026-06-18T14:36:08.605957+00:00,2026-06-18T14:36:09.412000+00:00,2026-06-18T14:36:12.461914+00:00,,806.0,3856.0,
LOG-05792,2026-06-18T14:36:08.606957+00:00,2026-06-18T14:36:09.414000+00:00,2026-06-18T14:36:12.462369+00:00,,807.0,3855.4,
LOG-05793,2026-06-18T14:36:08.607957+00:00,2026-06-18T14:36:09.416000+00:00,2026-06-18T14:36:12.462700+00:00,,808.0,3854.7,
LOG-05794,2026-06-18T14:36:08.608957+00:00,2026-06-18T14:36:09.418000+00:00,2026-06-18T14:36:12.463885+00:00,,809.0,3854.9,
LOG-05795,2026-06-18T14:36:08.609957+00:00,2026-06-18T14:36:09.420000+00:00,2026-06-18T14:36:12.464268+00:00,,810.0,3854.3,
LOG-05796,2026-06-18T14:36:08.610957+00:00,2026-06-18T14:36:09.422000+00:00,2026-06-18T14:36:12.464866+00:00,,811.0,3853.9,
LOG-05797,2026-06-18T14:36:08.611957+00:00,2026-06-18T14:36:09.424000+00:00,2026-06-18T14:36:12.465235+00:00,,812.0,3853.3,
LOG-05798,2026-06-18T14:36:08.612957+00:00,2026-06-18T14:36:09.426000+00:00,2026-06-18T14:36:12.465514+00:00,,813.0,3852.6,
LOG-05799,2026-06-18T14:36:08.613957+00:00,2026-06-18T14:36:09.428000+00:00,2026-06-18T14:36:12.466100+00:00,,814.0,3852.1,
LOG-05800,2026-06-18T14:36:08.614957+00:00,2026-06-18T14:36:09.430000+00:00,2026-06-18T14:36:12.466548+00:00,,815.0,3851.6,
LOG-05801,2026-06-18T14:36:08.615957+00:00,2026-06-18T14:36:09.432000+00:00,2026-06-18T14:36:12.466794+00:00,,816.0,3850.8,
LOG-05802,2026-06-18T14:36:08.616957+00:00,2026-06-18T14:36:09.434000+00:00,2026-06-18T14:36:12.467196+00:00,,817.0,3850.2,
LOG-05803,2026-06-18T14:36:08.617957+00:00,2026-06-18T14:36:09.436000+00:00,2026-06-18T14:36:12.467472+00:00,,818.0,3849.5,
LOG-05804,2026-06-18T14:36:08.618957+00:00,2026-06-18T14:36:09.438000+00:00,2026-06-18T14:36:12.467906+00:00,,819.0,3848.9,
LOG-05805,2026-06-18T14:36:08.619957+00:00,2026-06-18T14:36:09.440000+00:00,2026-06-18T14:36:12.468171+00:00,,820.0,3848.2,
LOG-05806,2026-06-18T14:36:08.620957+00:00,2026-06-18T14:36:09.442000+00:00,2026-06-18T14:36:12.468561+00:00,,821.0,3847.6,
LOG-05807,2026-06-18T14:36:08.621957+00:00,2026-06-18T14:36:09.444000+00:00,2026-06-18T14:36:12.468840+00:00,,822.0,3846.9,
LOG-05808,2026-06-18T14:36:08.622957+00:00,2026-06-18T14:36:09.446000+00:00,2026-06-18T14:36:12.469399+00:00,,823.0,3846.4,
LOG-05809,2026-06-18T14:36:08.623957+00:00,2026-06-18T14:36:09.448000+00:00,2026-06-18T14:36:12.469786+00:00,,824.0,3845.8,
LOG-05810,2026-06-18T14:36:08.624957+00:00,2026-06-18T14:36:09.450000+00:00,2026-06-18T14:36:12.470049+00:00,,825.0,3845.1,
LOG-05811,2026-06-18T14:36:08.625957+00:00,2026-06-18T14:36:09.452000+00:00,2026-06-18T14:36:12.470486+00:00,,826.0,3844.5,
LOG-05812,2026-06-18T14:36:08.626957+00:00,2026-06-18T14:36:09.454000+00:00,2026-06-18T14:36:12.471432+00:00,,827.0,3844.5,
LOG-05813,2026-06-18T14:36:08.627957+00:00,2026-06-18T14:36:09.456000+00:00,2026-06-18T14:36:12.472055+00:00,,828.0,3844.1,
LOG-05814,2026-06-18T14:36:08.628957+00:00,2026-06-18T14:36:09.458000+00:00,2026-06-18T14:36:12.472326+00:00,,829.0,3843.4,
LOG-05815,2026-06-18T14:36:08.629957+00:00,2026-06-18T14:36:09.460000+00:00,2026-06-18T14:36:12.472820+00:00,,830.0,3842.9,
LOG-05816,2026-06-18T14:36:08.630957+00:00,2026-06-18T14:36:09.462000+00:00,2026-06-18T14:36:12.473063+00:00,,831.0,3842.1,
LOG-05817,2026-06-18T14:36:08.631957+00:00,2026-06-18T14:36:09.464000+00:00,2026-06-18T14:36:12.473459+00:00,,832.0,3841.5,
LOG-05818,2026-06-18T14:36:08.632957+00:00,2026-06-18T14:36:09.466000+00:00,2026-06-18T14:36:12.473695+00:00,,833.0,3840.7,
LOG-05819,2026-06-18T14:36:08.633957+00:00,2026-06-18T14:36:09.468000+00:00,2026-06-18T14:36:12.474228+00:00,,834.0,3840.3,
LOG-05820,2026-06-18T14:36:08.634957+00:00,2026-06-18T14:36:09.470000+00:00,2026-06-18T14:36:12.474612+00:00,,835.0,3839.7,
LOG-05821,2026-06-18T14:36:08.635957+00:00,2026-06-18T14:36:09.472000+00:00,2026-06-18T14:36:12.474981+00:00,,836.0,3839.0,
LOG-05822,2026-06-18T14:36:08.636957+00:00,2026-06-18T14:36:09.474000+00:00,2026-06-18T14:36:12.475396+00:00,,837.0,3838.4,
LOG-05823,2026-06-18T14:36:08.637957+00:00,2026-06-18T14:36:09.476000+00:00,2026-06-18T14:36:12.475661+00:00,,838.0,3837.7,
LOG-05824,2026-06-18T14:36:08.638957+00:00,2026-06-18T14:36:09.478000+00:00,2026-06-18T14:36:12.476218+00:00,,839.0,3837.3,
LOG-05825,2026-06-18T14:36:08.639957+00:00,2026-06-18T14:36:09.480000+00:00,2026-06-18T14:36:12.476567+00:00,,840.0,3836.6,
LOG-05826,2026-06-18T14:36:08.640957+00:00,2026-06-18T14:36:09.482000+00:00,2026-06-18T14:36:12.476830+00:00,,841.0,3835.9,
LOG-05827,2026-06-18T14:36:08.641957+00:00,2026-06-18T14:36:09.484000+00:00,2026-06-18T14:36:12.477364+00:00,,842.0,3835.4,
LOG-05828,2026-06-18T14:36:08.642957+00:00,2026-06-18T14:36:09.486000+00:00,2026-06-18T14:36:12.477776+00:00,,843.0,3834.8,
LOG-05829,2026-06-18T14:36:08.643957+00:00,2026-06-18T14:36:09.488000+00:00,2026-06-18T14:36:12.478065+00:00,,844.0,3834.1,
LOG-05830,2026-06-18T14:36:08.644957+00:00,2026-06-18T14:36:09.490000+00:00,2026-06-18T14:36:12.478441+00:00,,845.0,3833.5,
LOG-05831,2026-06-18T14:36:08.645957+00:00,2026-06-18T14:36:09.492000+00:00,2026-06-18T14:36:12.478727+00:00,,846.0,3832.8,
LOG-05832,2026-06-18T14:36:08.646957+00:00,2026-06-18T14:36:09.494000+00:00,2026-06-18T14:36:12.479303+00:00,,847.0,3832.3,
LOG-05833,2026-06-18T14:36:08.647957+00:00,2026-06-18T14:36:09.496000+00:00,2026-06-18T14:36:12.480153+00:00,,848.0,3832.2,
LOG-05834,2026-06-18T14:36:08.648957+00:00,2026-06-18T14:36:09.498000+00:00,2026-06-18T14:36:12.481063+00:00,,849.0,3832.1,
LOG-05835,2026-06-18T14:36:08.649957+00:00,2026-06-18T14:36:09.500000+00:00,2026-06-18T14:36:12.481783+00:00,,850.0,3831.8,
LOG-05836,2026-06-18T14:36:08.650957+00:00,2026-06-18T14:36:09.502000+00:00,2026-06-18T14:36:12.482517+00:00,,851.0,3831.6,
LOG-05837,2026-06-18T14:36:08.651957+00:00,2026-06-18T14:36:09.504000+00:00,2026-06-18T14:36:12.483189+00:00,,852.0,3831.2,
LOG-05838,2026-06-18T14:36:08.652957+00:00,2026-06-18T14:36:09.506000+00:00,2026-06-18T14:36:12.483796+00:00,,853.0,3830.8,
LOG-05839,2026-06-18T14:36:08.653957+00:00,2026-06-18T14:36:09.508000+00:00,2026-06-18T14:36:12.484249+00:00,,854.0,3830.3,
LOG-05840,2026-06-18T14:36:08.654957+00:00,2026-06-18T14:36:09.510000+00:00,2026-06-18T14:36:12.484529+00:00,,855.0,3829.6,
LOG-05841,2026-06-18T14:36:08.655957+00:00,2026-06-18T14:36:09.512000+00:00,2026-06-18T14:36:12.484972+00:00,,856.0,3829.0,
LOG-05842,2026-06-18T14:36:08.656957+00:00,2026-06-18T14:36:09.514000+00:00,2026-06-18T14:36:12.485269+00:00,,857.0,3828.3,
LOG-05843,2026-06-18T14:36:08.657957+00:00,2026-06-18T14:36:09.516000+00:00,2026-06-18T14:36:12.485712+00:00,,858.0,3827.8,
LOG-05844,2026-06-18T14:36:08.658957+00:00,2026-06-18T14:36:09.518000+00:00,2026-06-18T14:36:12.486044+00:00,,859.0,3827.1,
LOG-05845,2026-06-18T14:36:08.659957+00:00,2026-06-18T14:36:09.520000+00:00,2026-06-18T14:36:12.486637+00:00,,860.0,3826.7,
LOG-05846,2026-06-18T14:36:08.660957+00:00,2026-06-18T14:36:09.522000+00:00,2026-06-18T14:36:12.487049+00:00,,861.0,3826.1,
LOG-05847,2026-06-18T14:36:08.661957+00:00,2026-06-18T14:36:09.524000+00:00,2026-06-18T14:36:12.487387+00:00,,862.0,3825.4,
LOG-05848,2026-06-18T14:36:08.662957+00:00,2026-06-18T14:36:09.526000+00:00,2026-06-18T14:36:12.488013+00:00,,863.0,3825.1,
LOG-05849,2026-06-18T14:36:08.663957+00:00,2026-06-18T14:36:09.528000+00:00,2026-06-18T14:36:12.488923+00:00,,864.0,3825.0,
LOG-05850,2026-06-18T14:36:08.664957+00:00,2026-06-18T14:36:09.530000+00:00,2026-06-18T14:36:12.489635+00:00,,865.0,3824.7,
LOG-05851,2026-06-18T14:36:08.665957+00:00,2026-06-18T14:36:09.532000+00:00,2026-06-18T14:36:12.490024+00:00,,866.0,3824.1,
LOG-05852,2026-06-18T14:36:08.666957+00:00,2026-06-18T14:36:09.534000+00:00,2026-06-18T14:36:12.490378+00:00,,867.0,3823.4,
LOG-05853,2026-06-18T14:36:08.667957+00:00,2026-06-18T14:36:09.536000+00:00,2026-06-18T14:36:12.490883+00:00,,868.0,3822.9,
LOG-05854,2026-06-18T14:36:08.668957+00:00,2026-06-18T14:36:09.538000+00:00,2026-06-18T14:36:12.491150+00:00,,869.0,3822.2,
LOG-05855,2026-06-18T14:36:08.669957+00:00,2026-06-18T14:36:09.540000+00:00,2026-06-18T14:36:12.491570+00:00,,870.0,3821.6,
LOG-05856,2026-06-18T14:36:08.670957+00:00,2026-06-18T14:36:09.542000+00:00,2026-06-18T14:36:12.491826+00:00,,871.0,3820.9,
LOG-05857,2026-06-18T14:36:08.671957+00:00,2026-06-18T14:36:09.544000+00:00,2026-06-18T14:36:12.492193+00:00,,872.0,3820.2,
LOG-05858,2026-06-18T14:36:08.672957+00:00,2026-06-18T14:36:09.546000+00:00,2026-06-18T14:36:12.492457+00:00,,873.0,3819.5,
LOG-05859,2026-06-18T14:36:08.673957+00:00,2026-06-18T14:36:09.548000+00:00,2026-06-18T14:36:12.492993+00:00,,874.0,3819.0,
LOG-05860,2026-06-18T14:36:08.674957+00:00,2026-06-18T14:36:09.550000+00:00,2026-06-18T14:36:12.493335+00:00,,875.0,3818.4,
LOG-05861,2026-06-18T14:36:08.675957+00:00,2026-06-18T14:36:09.552000+00:00,2026-06-18T14:36:12.493639+00:00,,876.0,3817.7,
LOG-05862,2026-06-18T14:36:08.676957+00:00,2026-06-18T14:36:09.554000+00:00,2026-06-18T14:36:12.494059+00:00,,877.0,3817.1,
LOG-05863,2026-06-18T14:36:08.677957+00:00,2026-06-18T14:36:09.556000+00:00,2026-06-18T14:36:12.494303+00:00,,878.0,3816.3,
LOG-05864,2026-06-18T14:36:08.678957+00:00,2026-06-18T14:36:09.558000+00:00,2026-06-18T14:36:12.494855+00:00,,879.0,3815.9,
LOG-05865,2026-06-18T14:36:08.679957+00:00,2026-06-18T14:36:09.560000+00:00,2026-06-18T14:36:12.495350+00:00,,880.0,3815.4,
LOG-05866,2026-06-18T14:36:08.680957+00:00,2026-06-18T14:36:09.562000+00:00,2026-06-18T14:36:12.495704+00:00,,881.0,3814.7,
LOG-05867,2026-06-18T14:36:08.681957+00:00,2026-06-18T14:36:09.564000+00:00,2026-06-18T14:36:12.496529+00:00,,882.0,3814.6,
LOG-05868,2026-06-18T14:36:08.682957+00:00,2026-06-18T14:36:09.566000+00:00,2026-06-18T14:36:12.497080+00:00,,883.0,3814.1,
LOG-05869,2026-06-18T14:36:08.683957+00:00,2026-06-18T14:36:09.568000+00:00,2026-06-18T14:36:12.497394+00:00,,884.0,3813.4,
LOG-05870,2026-06-18T14:36:08.684957+00:00,2026-06-18T14:36:09.570000+00:00,2026-06-18T14:36:12.497892+00:00,,885.0,3812.9,
LOG-05871,2026-06-18T14:36:08.685957+00:00,2026-06-18T14:36:09.572000+00:00,2026-06-18T14:36:12.498181+00:00,,886.0,3812.2,
LOG-05872,2026-06-18T14:36:08.686957+00:00,2026-06-18T14:36:09.574000+00:00,2026-06-18T14:36:12.498636+00:00,,887.0,3811.7,
LOG-05873,2026-06-18T14:36:08.687957+00:00,2026-06-18T14:36:09.576000+00:00,2026-06-18T14:36:12.498886+00:00,,888.0,3810.9,
LOG-05874,2026-06-18T14:36:08.688957+00:00,2026-06-18T14:36:09.578000+00:00,2026-06-18T14:36:12.499413+00:00,,889.0,3810.5,
LOG-05875,2026-06-18T14:36:08.689957+00:00,2026-06-18T14:36:09.580000+00:00,2026-06-18T14:36:12.499848+00:00,,890.0,3809.9,
LOG-05876,2026-06-18T14:36:08.690957+00:00,2026-06-18T14:36:09.582000+00:00,2026-06-18T14:36:12.500165+00:00,,891.0,3809.2,
LOG-05877,2026-06-18T14:36:08.691957+00:00,2026-06-18T14:36:09.584000+00:00,2026-06-18T14:36:12.500607+00:00,,892.0,3808.7,
LOG-05878,2026-06-18T14:36:08.692957+00:00,2026-06-18T14:36:09.586000+00:00,2026-06-18T14:36:12.500862+00:00,,893.0,3807.9,
LOG-05879,2026-06-18T14:36:08.693957+00:00,2026-06-18T14:36:09.588000+00:00,2026-06-18T14:36:12.501481+00:00,,894.0,3807.5,
LOG-05880,2026-06-18T14:36:08.694957+00:00,2026-06-18T14:36:09.590000+00:00,2026-06-18T14:36:12.502135+00:00,,895.0,3807.2,
LOG-05881,2026-06-18T14:36:08.695957+00:00,2026-06-18T14:36:09.592000+00:00,2026-06-18T14:36:12.502546+00:00,,896.0,3806.6,
LOG-05882,2026-06-18T14:36:08.696957+00:00,2026-06-18T14:36:09.594000+00:00,2026-06-18T14:36:12.502806+00:00,,897.0,3805.8,
LOG-05883,2026-06-18T14:36:08.697957+00:00,2026-06-18T14:36:09.596000+00:00,2026-06-18T14:36:12.503260+00:00,,898.0,3805.3,
LOG-05884,2026-06-18T14:36:08.698957+00:00,2026-06-18T14:36:09.598000+00:00,2026-06-18T14:36:12.503556+00:00,,899.0,3804.6,
LOG-05885,2026-06-18T14:36:08.699957+00:00,2026-06-18T14:36:09.600000+00:00,2026-06-18T14:36:12.503963+00:00,,900.0,3804.0,
LOG-05886,2026-06-18T14:36:08.700957+00:00,2026-06-18T14:36:09.602000+00:00,2026-06-18T14:36:12.504254+00:00,,901.0,3803.3,
LOG-05887,2026-06-18T14:36:08.701957+00:00,2026-06-18T14:36:09.604000+00:00,2026-06-18T14:36:12.504995+00:00,,902.0,3803.0,
LOG-05888,2026-06-18T14:36:08.702957+00:00,2026-06-18T14:36:09.606000+00:00,2026-06-18T14:36:12.505704+00:00,,903.0,3802.7,
LOG-05889,2026-06-18T14:36:08.703957+00:00,2026-06-18T14:36:09.608000+00:00,2026-06-18T14:36:12.506448+00:00,,904.0,3802.5,
LOG-05890,2026-06-18T14:36:08.704957+00:00,2026-06-18T14:36:09.610000+00:00,2026-06-18T14:36:12.506843+00:00,,905.0,3801.9,
LOG-05891,2026-06-18T14:36:08.705957+00:00,2026-06-18T14:36:09.612000+00:00,2026-06-18T14:36:12.507141+00:00,,906.0,3801.2,
LOG-05892,2026-06-18T14:36:08.706957+00:00,2026-06-18T14:36:09.614000+00:00,2026-06-18T14:36:12.507538+00:00,,907.0,3800.6,
LOG-05893,2026-06-18T14:36:08.707957+00:00,2026-06-18T14:36:09.616000+00:00,2026-06-18T14:36:12.507833+00:00,,908.0,3799.9,
LOG-05894,2026-06-18T14:36:08.708957+00:00,2026-06-18T14:36:09.618000+00:00,2026-06-18T14:36:12.508223+00:00,,909.0,3799.3,
LOG-05895,2026-06-18T14:36:08.709957+00:00,2026-06-18T14:36:09.620000+00:00,2026-06-18T14:36:12.508457+00:00,,910.0,3798.5,
LOG-05896,2026-06-18T14:36:08.710957+00:00,2026-06-18T14:36:09.622000+00:00,2026-06-18T14:36:12.508899+00:00,,911.0,3797.9,
LOG-05897,2026-06-18T14:36:08.711957+00:00,2026-06-18T14:36:09.624000+00:00,2026-06-18T14:36:12.509163+00:00,,912.0,3797.2,
LOG-05898,2026-06-18T14:36:08.712957+00:00,2026-06-18T14:36:09.626000+00:00,2026-06-18T14:36:12.509693+00:00,,913.0,3796.7,
LOG-05899,2026-06-18T14:36:08.713957+00:00,2026-06-18T14:36:09.628000+00:00,2026-06-18T14:36:12.510231+00:00,,914.0,3796.3,
LOG-05900,2026-06-18T14:36:08.714957+00:00,2026-06-18T14:36:09.630000+00:00,2026-06-18T14:36:12.510700+00:00,,915.0,3795.7,
LOG-05901,2026-06-18T14:36:08.715957+00:00,2026-06-18T14:36:09.632000+00:00,2026-06-18T14:36:12.511002+00:00,,916.0,3795.0,
LOG-05902,2026-06-18T14:36:08.716957+00:00,2026-06-18T14:36:09.634000+00:00,2026-06-18T14:36:12.511590+00:00,,917.0,3794.6,
LOG-05903,2026-06-18T14:36:08.717957+00:00,2026-06-18T14:36:09.636000+00:00,2026-06-18T14:36:12.512058+00:00,,918.0,3794.1,
LOG-05904,2026-06-18T14:36:08.718957+00:00,2026-06-18T14:36:09.638000+00:00,2026-06-18T14:36:12.512448+00:00,,919.0,3793.5,
LOG-05905,2026-06-18T14:36:08.719957+00:00,2026-06-18T14:36:09.640000+00:00,2026-06-18T14:36:12.512881+00:00,,920.0,3792.9,
LOG-05906,2026-06-18T14:36:08.720957+00:00,2026-06-18T14:36:09.642000+00:00,2026-06-18T14:36:12.513633+00:00,,921.0,3792.7,
LOG-05907,2026-06-18T14:36:08.721957+00:00,2026-06-18T14:36:09.644000+00:00,2026-06-18T14:36:12.513989+00:00,,922.0,3792.0,
LOG-05908,2026-06-18T14:36:08.722957+00:00,2026-06-18T14:36:09.646000+00:00,2026-06-18T14:36:12.514414+00:00,,923.0,3791.5,
LOG-05909,2026-06-18T14:36:08.723957+00:00,2026-06-18T14:36:09.648000+00:00,2026-06-18T14:36:12.514675+00:00,,924.0,3790.7,
LOG-05910,2026-06-18T14:36:08.724957+00:00,2026-06-18T14:36:09.650000+00:00,2026-06-18T14:36:12.515073+00:00,,925.0,3790.1,
LOG-05911,2026-06-18T14:36:08.725957+00:00,2026-06-18T14:36:09.652000+00:00,2026-06-18T14:36:12.515383+00:00,,926.0,3789.4,
LOG-05912,2026-06-18T14:36:08.726957+00:00,2026-06-18T14:36:09.654000+00:00,2026-06-18T14:36:12.515780+00:00,,927.0,3788.8,
LOG-05913,2026-06-18T14:36:08.727957+00:00,2026-06-18T14:36:09.656000+00:00,2026-06-18T14:36:12.516104+00:00,,928.0,3788.1,
LOG-05914,2026-06-18T14:36:08.728957+00:00,2026-06-18T14:36:09.658000+00:00,2026-06-18T14:36:12.516722+00:00,,929.0,3787.8,
LOG-05915,2026-06-18T14:36:08.729957+00:00,2026-06-18T14:36:09.660000+00:00,2026-06-18T14:36:12.517150+00:00,,930.0,3787.2,
LOG-05916,2026-06-18T14:36:08.730957+00:00,2026-06-18T14:36:09.662000+00:00,2026-06-18T14:36:12.517421+00:00,,931.0,3786.5,
LOG-05917,2026-06-18T14:36:08.731957+00:00,2026-06-18T14:36:09.664000+00:00,2026-06-18T14:36:12.517979+00:00,,932.0,3786.0,
LOG-05918,2026-06-18T14:36:08.732957+00:00,2026-06-18T14:36:09.666000+00:00,2026-06-18T14:36:12.518368+00:00,,933.0,3785.4,
LOG-05919,2026-06-18T14:36:08.733957+00:00,2026-06-18T14:36:09.668000+00:00,2026-06-18T14:36:12.518611+00:00,,934.0,3784.7,
LOG-05920,2026-06-18T14:36:08.734957+00:00,2026-06-18T14:36:09.670000+00:00,2026-06-18T14:36:12.519185+00:00,,935.0,3784.2,
LOG-05921,2026-06-18T14:36:08.735957+00:00,2026-06-18T14:36:09.672000+00:00,2026-06-18T14:36:12.519467+00:00,,936.0,3783.5,
LOG-05922,2026-06-18T14:36:08.736957+00:00,2026-06-18T14:36:09.674000+00:00,2026-06-18T14:36:12.519841+00:00,,937.0,3782.9,
LOG-05923,2026-06-18T14:36:08.737957+00:00,2026-06-18T14:36:09.676000+00:00,2026-06-18T14:36:12.520203+00:00,,938.0,3782.2,
LOG-05924,2026-06-18T14:36:08.738957+00:00,2026-06-18T14:36:09.678000+00:00,2026-06-18T14:36:12.520869+00:00,,939.0,3781.9,
LOG-05925,2026-06-18T14:36:08.739957+00:00,2026-06-18T14:36:09.680000+00:00,2026-06-18T14:36:12.521334+00:00,,940.0,3781.4,
LOG-05926,2026-06-18T14:36:08.740957+00:00,2026-06-18T14:36:09.682000+00:00,2026-06-18T14:36:12.522156+00:00,,941.0,3781.2,
LOG-05927,2026-06-18T14:36:08.741957+00:00,2026-06-18T14:36:09.684000+00:00,2026-06-18T14:36:12.522516+00:00,,942.0,3780.6,
LOG-05928,2026-06-18T14:36:08.742957+00:00,2026-06-18T14:36:09.686000+00:00,2026-06-18T14:36:12.523033+00:00,,943.0,3780.1,
LOG-05929,2026-06-18T14:36:08.743957+00:00,2026-06-18T14:36:09.688000+00:00,2026-06-18T14:36:12.523360+00:00,,944.0,3779.4,
LOG-05930,2026-06-18T14:36:08.744957+00:00,2026-06-18T14:36:09.690000+00:00,2026-06-18T14:36:12.523938+00:00,,945.0,3779.0,
LOG-05931,2026-06-18T14:36:08.745957+00:00,2026-06-18T14:36:09.692000+00:00,2026-06-18T14:36:12.524565+00:00,,946.0,3778.6,
LOG-05932,2026-06-18T14:36:08.746957+00:00,2026-06-18T14:36:09.694000+00:00,2026-06-18T14:36:12.524952+00:00,,947.0,3778.0,
LOG-05933,2026-06-18T14:36:08.747957+00:00,2026-06-18T14:36:09.696000+00:00,2026-06-18T14:36:12.525267+00:00,,948.0,3777.3,
LOG-05934,2026-06-18T14:36:08.748957+00:00,2026-06-18T14:36:09.698000+00:00,2026-06-18T14:36:12.525677+00:00,,949.0,3776.7,
LOG-05935,2026-06-18T14:36:08.749957+00:00,2026-06-18T14:36:09.700000+00:00,2026-06-18T14:36:12.525942+00:00,,950.0,3776.0,
LOG-05936,2026-06-18T14:36:08.750957+00:00,2026-06-18T14:36:09.702000+00:00,2026-06-18T14:36:12.527263+00:00,,951.0,3776.3,
LOG-05937,2026-06-18T14:36:08.751957+00:00,2026-06-18T14:36:09.704000+00:00,2026-06-18T14:36:12.527843+00:00,,952.0,3775.9,
LOG-05938,2026-06-18T14:36:08.752957+00:00,2026-06-18T14:36:09.706000+00:00,2026-06-18T14:36:12.528532+00:00,,953.0,3775.6,
LOG-05939,2026-06-18T14:36:08.753957+00:00,2026-06-18T14:36:09.708000+00:00,2026-06-18T14:36:12.529218+00:00,,954.0,3775.3,
LOG-05940,2026-06-18T14:36:08.754957+00:00,2026-06-18T14:36:09.711000+00:00,2026-06-18T14:36:12.530010+00:00,,956.0,3775.1,
LOG-05941,2026-06-18T14:36:08.755957+00:00,2026-06-18T14:36:09.712000+00:00,2026-06-18T14:36:12.530909+00:00,,956.0,3775.0,
LOG-05942,2026-06-18T14:36:08.756957+00:00,2026-06-18T14:36:09.714000+00:00,2026-06-18T14:36:12.531414+00:00,,957.0,3774.5,
LOG-05943,2026-06-18T14:36:08.757957+00:00,2026-06-18T14:36:09.716000+00:00,2026-06-18T14:36:12.531695+00:00,,958.0,3773.7,
LOG-05944,2026-06-18T14:36:08.758957+00:00,2026-06-18T14:36:09.718000+00:00,2026-06-18T14:36:12.532136+00:00,,959.0,3773.2,
LOG-05945,2026-06-18T14:36:08.759957+00:00,2026-06-18T14:36:09.720000+00:00,2026-06-18T14:36:12.532389+00:00,,960.0,3772.4,
LOG-05946,2026-06-18T14:36:08.760957+00:00,2026-06-18T14:36:09.722000+00:00,2026-06-18T14:36:12.532774+00:00,,961.0,3771.8,
LOG-05947,2026-06-18T14:36:08.761957+00:00,2026-06-18T14:36:09.724000+00:00,2026-06-18T14:36:12.533006+00:00,,962.0,3771.0,
LOG-05948,2026-06-18T14:36:08.762957+00:00,2026-06-18T14:36:09.726000+00:00,2026-06-18T14:36:12.533746+00:00,,963.0,3770.8,
LOG-05949,2026-06-18T14:36:08.763957+00:00,2026-06-18T14:36:09.728000+00:00,2026-06-18T14:36:12.534229+00:00,,964.0,3770.3,
LOG-05950,2026-06-18T14:36:08.764957+00:00,2026-06-18T14:36:09.731000+00:00,2026-06-18T14:36:12.534511+00:00,,966.0,3769.6,
LOG-05951,2026-06-18T14:36:08.765957+00:00,2026-06-18T14:36:09.732000+00:00,2026-06-18T14:36:12.534900+00:00,,966.0,3768.9,
LOG-05952,2026-06-18T14:36:08.766957+00:00,2026-06-18T14:36:09.734000+00:00,2026-06-18T14:36:12.535189+00:00,,967.0,3768.2,
LOG-05953,2026-06-18T14:36:08.767957+00:00,2026-06-18T14:36:09.736000+00:00,2026-06-18T14:36:12.535872+00:00,,968.0,3767.9,
LOG-05954,2026-06-18T14:36:08.768957+00:00,2026-06-18T14:36:09.738000+00:00,2026-06-18T14:36:12.536366+00:00,,969.0,3767.4,
LOG-05955,2026-06-18T14:36:08.769957+00:00,2026-06-18T14:36:09.740000+00:00,2026-06-18T14:36:12.536683+00:00,,970.0,3766.7,
LOG-05956,2026-06-18T14:36:08.770957+00:00,2026-06-18T14:36:09.742000+00:00,2026-06-18T14:36:12.537079+00:00,,971.0,3766.1,
LOG-05957,2026-06-18T14:36:08.771957+00:00,2026-06-18T14:36:09.744000+00:00,2026-06-18T14:36:12.537452+00:00,,972.0,3765.5,
LOG-05958,2026-06-18T14:36:08.772957+00:00,2026-06-18T14:36:09.746000+00:00,2026-06-18T14:36:12.538245+00:00,,973.0,3765.3,
LOG-05959,2026-06-18T14:36:08.773957+00:00,2026-06-18T14:36:09.748000+00:00,2026-06-18T14:36:12.539006+00:00,,974.0,3765.0,
LOG-05960,2026-06-18T14:36:08.774957+00:00,2026-06-18T14:36:09.750000+00:00,2026-06-18T14:36:12.539383+00:00,,975.0,3764.4,
LOG-05961,2026-06-18T14:36:08.775957+00:00,2026-06-18T14:36:09.752000+00:00,2026-06-18T14:36:12.539635+00:00,,976.0,3763.7,
LOG-05962,2026-06-18T14:36:08.776957+00:00,2026-06-18T14:36:09.754000+00:00,2026-06-18T14:36:12.540028+00:00,,977.0,3763.1,
LOG-05963,2026-06-18T14:36:08.777957+00:00,2026-06-18T14:36:09.756000+00:00,2026-06-18T14:36:12.540320+00:00,,978.0,3762.4,
LOG-05964,2026-06-18T14:36:08.778957+00:00,2026-06-18T14:36:09.758000+00:00,2026-06-18T14:36:12.540973+00:00,,979.0,3762.0,
LOG-05965,2026-06-18T14:36:08.779957+00:00,2026-06-18T14:36:09.760000+00:00,2026-06-18T14:36:12.541433+00:00,,980.0,3761.5,
LOG-05966,2026-06-18T14:36:08.780957+00:00,2026-06-18T14:36:09.762000+00:00,2026-06-18T14:36:12.541737+00:00,,981.0,3760.8,
LOG-05967,2026-06-18T14:36:08.781957+00:00,2026-06-18T14:36:09.764000+00:00,2026-06-18T14:36:12.542138+00:00,,982.0,3760.2,
LOG-05968,2026-06-18T14:36:08.782957+00:00,2026-06-18T14:36:09.766000+00:00,2026-06-18T14:36:12.542409+00:00,,983.0,3759.5,
LOG-05969,2026-06-18T14:36:08.783957+00:00,2026-06-18T14:36:09.768000+00:00,2026-06-18T14:36:12.542974+00:00,,984.0,3759.0,
LOG-05970,2026-06-18T14:36:08.784957+00:00,2026-06-18T14:36:09.770000+00:00,2026-06-18T14:36:12.543350+00:00,,985.0,3758.4,
LOG-05971,2026-06-18T14:36:08.785957+00:00,2026-06-18T14:36:09.772000+00:00,2026-06-18T14:36:12.543635+00:00,,986.0,3757.7,
LOG-05972,2026-06-18T14:36:08.786957+00:00,2026-06-18T14:36:09.774000+00:00,2026-06-18T14:36:12.544022+00:00,,987.0,3757.1,
LOG-05973,2026-06-18T14:36:08.787957+00:00,2026-06-18T14:36:09.776000+00:00,2026-06-18T14:36:12.544273+00:00,,988.0,3756.3,
LOG-05974,2026-06-18T14:36:08.788957+00:00,2026-06-18T14:36:09.778000+00:00,2026-06-18T14:36:12.544810+00:00,,989.0,3755.9,
LOG-05975,2026-06-18T14:36:08.789957+00:00,2026-06-18T14:36:09.780000+00:00,2026-06-18T14:36:12.545221+00:00,,990.0,3755.3,
LOG-05976,2026-06-18T14:36:08.790957+00:00,2026-06-18T14:36:09.782000+00:00,2026-06-18T14:36:12.545538+00:00,,991.0,3754.6,
LOG-05977,2026-06-18T14:36:08.791957+00:00,2026-06-18T14:36:09.784000+00:00,2026-06-18T14:36:12.545986+00:00,,992.0,3754.0,
LOG-05978,2026-06-18T14:36:08.792957+00:00,2026-06-18T14:36:09.786000+00:00,2026-06-18T14:36:12.546368+00:00,,993.0,3753.4,
LOG-05979,2026-06-18T14:36:08.793957+00:00,2026-06-18T14:36:09.788000+00:00,2026-06-18T14:36:12.546881+00:00,,994.0,3752.9,
LOG-05980,2026-06-18T14:36:08.794957+00:00,2026-06-18T14:36:09.790000+00:00,2026-06-18T14:36:12.547304+00:00,,995.0,3752.3,
LOG-05981,2026-06-18T14:36:08.795957+00:00,2026-06-18T14:36:09.793000+00:00,2026-06-18T14:36:12.547846+00:00,,997.0,3751.9,
LOG-05982,2026-06-18T14:36:08.796957+00:00,2026-06-18T14:36:09.794000+00:00,2026-06-18T14:36:12.548129+00:00,,997.0,3751.2,
LOG-05983,2026-06-18T14:36:08.797957+00:00,2026-06-18T14:36:09.797000+00:00,2026-06-18T14:36:12.548529+00:00,,999.0,3750.6,
LOG-05984,2026-06-18T14:36:08.798957+00:00,2026-06-18T14:36:09.798000+00:00,2026-06-18T14:36:12.548837+00:00,,999.0,3749.9,
LOG-05985,2026-06-18T14:36:08.799957+00:00,2026-06-18T14:36:09.800000+00:00,2026-06-18T14:36:12.549410+00:00,,1000.0,3749.5,
LOG-05986,2026-06-18T14:36:08.800957+00:00,2026-06-18T14:36:09.802000+00:00,2026-06-18T14:36:12.549809+00:00,,1001.0,3748.9,
LOG-05987,2026-06-18T14:36:08.801957+00:00,2026-06-18T14:36:09.804000+00:00,2026-06-18T14:36:14.594153+00:00,,1002.0,5792.2,
LOG-05988,2026-06-18T14:36:08.802957+00:00,2026-06-18T14:36:09.806000+00:00,2026-06-18T14:36:16.644856+00:00,,1003.0,7841.9,
LOG-05989,2026-06-18T14:36:08.803957+00:00,2026-06-18T14:36:09.808000+00:00,2026-06-18T14:36:16.645241+00:00,,1004.0,7841.3,
LOG-05990,2026-06-18T14:36:08.804957+00:00,2026-06-18T14:36:09.810000+00:00,2026-06-18T14:36:16.646178+00:00,,1005.0,7841.2,
LOG-05991,2026-06-18T14:36:08.805957+00:00,2026-06-18T14:36:09.812000+00:00,2026-06-18T14:36:16.646806+00:00,,1006.0,7840.8,
LOG-05992,2026-06-18T14:36:08.806957+00:00,2026-06-18T14:36:09.814000+00:00,2026-06-18T14:36:16.647394+00:00,,1007.0,7840.4,
LOG-05993,2026-06-18T14:36:08.807957+00:00,2026-06-18T14:36:09.816000+00:00,2026-06-18T14:36:16.647781+00:00,,1008.0,7839.8,
LOG-05994,2026-06-18T14:36:08.808957+00:00,2026-06-18T14:36:09.818000+00:00,2026-06-18T14:36:16.648240+00:00,,1009.0,7839.3,
LOG-05995,2026-06-18T14:36:08.809957+00:00,2026-06-18T14:36:09.820000+00:00,2026-06-18T14:36:16.648568+00:00,,1010.0,7838.6,
LOG-05996,2026-06-18T14:36:08.810957+00:00,2026-06-18T14:36:09.822000+00:00,2026-06-18T14:36:16.649221+00:00,,1011.0,7838.3,
LOG-05997,2026-06-18T14:36:08.811957+00:00,2026-06-18T14:36:09.824000+00:00,2026-06-18T14:36:16.649738+00:00,,1012.0,7837.8,
LOG-05998,2026-06-18T14:36:08.812957+00:00,2026-06-18T14:36:09.826000+00:00,2026-06-18T14:36:16.650293+00:00,,1013.0,7837.3,
LOG-05999,2026-06-18T14:36:08.813957+00:00,2026-06-18T14:36:09.828000+00:00,2026-06-18T14:36:16.651190+00:00,,1014.0,7837.2,
LOG-06000,2026-06-18T14:36:08.814957+00:00,2026-06-18T14:36:09.830000+00:00,2026-06-18T14:36:16.652256+00:00,,1015.0,7837.3,
LOG-06001,2026-06-18T14:36:08.815957+00:00,2026-06-18T14:36:09.832000+00:00,2026-06-18T14:36:16.652869+00:00,,1016.0,7836.9,
LOG-06002,2026-06-18T14:36:08.816957+00:00,2026-06-18T14:36:09.834000+00:00,2026-06-18T14:36:16.653764+00:00,,1017.0,7836.8,
LOG-06003,2026-06-18T14:36:08.817957+00:00,2026-06-18T14:36:09.836000+00:00,2026-06-18T14:36:16.654604+00:00,,1018.0,7836.6,
LOG-06004,2026-06-18T14:36:08.818957+00:00,2026-06-18T14:36:09.838000+00:00,2026-06-18T14:36:16.655533+00:00,,1019.0,7836.6,
LOG-06005,2026-06-18T14:36:08.819957+00:00,2026-06-18T14:36:09.840000+00:00,2026-06-18T14:36:16.656218+00:00,,1020.0,7836.3,
LOG-06006,2026-06-18T14:36:08.820957+00:00,2026-06-18T14:36:09.842000+00:00,2026-06-18T14:36:16.656738+00:00,,1021.0,7835.8,
LOG-06007,2026-06-18T14:36:08.821957+00:00,2026-06-18T14:36:09.844000+00:00,2026-06-18T14:36:16.657344+00:00,,1022.0,7835.4,
LOG-06008,2026-06-18T14:36:08.822957+00:00,2026-06-18T14:36:09.846000+00:00,2026-06-18T14:36:16.657674+00:00,,1023.0,7834.7,
LOG-06009,2026-06-18T14:36:08.823957+00:00,2026-06-18T14:36:09.847000+00:00,2026-06-18T14:36:16.658222+00:00,,1023.0,7834.3,
LOG-06010,2026-06-18T14:36:08.824957+00:00,2026-06-18T14:36:09.849000+00:00,2026-06-18T14:36:16.658540+00:00,,1024.0,7833.6,
LOG-06011,2026-06-18T14:36:08.825957+00:00,2026-06-18T14:36:09.851000+00:00,2026-06-18T14:36:16.659220+00:00,,1025.0,7833.3,
LOG-06012,2026-06-18T14:36:08.826957+00:00,2026-06-18T14:36:09.853000+00:00,2026-06-18T14:36:16.659621+00:00,,1026.0,7832.7,
LOG-06013,2026-06-18T14:36:08.827957+00:00,2026-06-18T14:36:09.855000+00:00,2026-06-18T14:36:16.659947+00:00,,1027.0,7832.0,
LOG-06014,2026-06-18T14:36:08.828957+00:00,2026-06-18T14:36:09.857000+00:00,2026-06-18T14:36:16.660379+00:00,,1028.0,7831.4,
LOG-06015,2026-06-18T14:36:08.829957+00:00,2026-06-18T14:36:09.859000+00:00,2026-06-18T14:36:16.660650+00:00,,1029.0,7830.7,
LOG-06016,2026-06-18T14:36:08.830957+00:00,2026-06-18T14:36:09.861000+00:00,2026-06-18T14:36:16.661107+00:00,,1030.0,7830.1,
LOG-06017,2026-06-18T14:36:08.831957+00:00,2026-06-18T14:36:09.863000+00:00,2026-06-18T14:36:16.661632+00:00,,1031.0,7829.7,
LOG-06018,2026-06-18T14:36:08.832957+00:00,2026-06-18T14:36:09.865000+00:00,2026-06-18T14:36:16.662634+00:00,,1032.0,7829.7,
LOG-06019,2026-06-18T14:36:08.833957+00:00,2026-06-18T14:36:09.867000+00:00,2026-06-18T14:36:16.663389+00:00,,1033.0,7829.4,
LOG-06020,2026-06-18T14:36:08.834957+00:00,2026-06-18T14:36:09.869000+00:00,2026-06-18T14:36:16.663838+00:00,,1034.0,7828.9,
LOG-06021,2026-06-18T14:36:08.835957+00:00,2026-06-18T14:36:09.871000+00:00,2026-06-18T14:36:16.664437+00:00,,1035.0,7828.5,
LOG-06022,2026-06-18T14:36:08.836957+00:00,2026-06-18T14:36:09.873000+00:00,2026-06-18T14:36:16.664735+00:00,,1036.0,7827.8,
LOG-06023,2026-06-18T14:36:08.837957+00:00,2026-06-18T14:36:09.874000+00:00,2026-06-18T14:36:16.665168+00:00,,1036.0,7827.2,
LOG-06024,2026-06-18T14:36:08.838957+00:00,2026-06-18T14:36:09.877000+00:00,2026-06-18T14:36:16.665491+00:00,,1038.0,7826.5,
LOG-06025,2026-06-18T14:36:08.839957+00:00,2026-06-18T14:36:09.878000+00:00,2026-06-18T14:36:16.666226+00:00,,1038.0,7826.3,
LOG-06026,2026-06-18T14:36:08.840957+00:00,2026-06-18T14:36:09.880000+00:00,2026-06-18T14:36:16.667057+00:00,,1039.0,7826.1,
LOG-06027,2026-06-18T14:36:08.841957+00:00,2026-06-18T14:36:09.882000+00:00,2026-06-18T14:36:16.667600+00:00,,1040.0,7825.6,
LOG-06028,2026-06-18T14:36:08.842957+00:00,2026-06-18T14:36:09.884000+00:00,2026-06-18T14:36:16.667954+00:00,,1041.0,7825.0,
LOG-06029,2026-06-18T14:36:08.843957+00:00,2026-06-18T14:36:09.886000+00:00,2026-06-18T14:36:16.668406+00:00,,1042.0,7824.4,
LOG-06030,2026-06-18T14:36:08.844957+00:00,2026-06-18T14:36:09.888000+00:00,2026-06-18T14:36:16.668780+00:00,,1043.0,7823.8,
LOG-06031,2026-06-18T14:36:08.845957+00:00,2026-06-18T14:36:09.890000+00:00,2026-06-18T14:36:16.669290+00:00,,1044.0,7823.3,
LOG-06032,2026-06-18T14:36:08.846957+00:00,2026-06-18T14:36:09.892000+00:00,2026-06-18T14:36:16.669694+00:00,,1045.0,7822.7,
LOG-06033,2026-06-18T14:36:08.847957+00:00,2026-06-18T14:36:09.894000+00:00,2026-06-18T14:36:16.670217+00:00,,1046.0,7822.3,
LOG-06034,2026-06-18T14:36:08.848957+00:00,2026-06-18T14:36:09.896000+00:00,2026-06-18T14:36:16.670569+00:00,,1047.0,7821.6,
LOG-06035,2026-06-18T14:36:08.849957+00:00,2026-06-18T14:36:09.898000+00:00,2026-06-18T14:36:16.671390+00:00,,1048.0,7821.4,
LOG-06036,2026-06-18T14:36:08.850957+00:00,2026-06-18T14:36:09.900000+00:00,2026-06-18T14:36:16.672415+00:00,,1049.0,7821.5,
LOG-06037,2026-06-18T14:36:08.851957+00:00,2026-06-18T14:36:09.902000+00:00,2026-06-18T14:36:16.673104+00:00,,1050.0,7821.1,
LOG-06038,2026-06-18T14:36:08.852957+00:00,2026-06-18T14:36:09.904000+00:00,2026-06-18T14:36:16.673430+00:00,,1051.0,7820.5,
LOG-06039,2026-06-18T14:36:08.853957+00:00,2026-06-18T14:36:09.906000+00:00,2026-06-18T14:36:16.674029+00:00,,1052.0,7820.1,
LOG-06040,2026-06-18T14:36:08.854957+00:00,2026-06-18T14:36:09.908000+00:00,2026-06-18T14:36:16.674348+00:00,,1053.0,7819.4,
LOG-06041,2026-06-18T14:36:08.855957+00:00,2026-06-18T14:36:09.910000+00:00,2026-06-18T14:36:16.675112+00:00,,1054.0,7819.2,
LOG-06042,2026-06-18T14:36:08.856957+00:00,2026-06-18T14:36:09.912000+00:00,2026-06-18T14:36:16.675528+00:00,,1055.0,7818.6,
LOG-06043,2026-06-18T14:36:08.857957+00:00,2026-06-18T14:36:09.914000+00:00,2026-06-18T14:36:16.675865+00:00,,1056.0,7817.9,
LOG-06044,2026-06-18T14:36:08.858957+00:00,2026-06-18T14:36:09.916000+00:00,2026-06-18T14:36:16.676578+00:00,,1057.0,7817.6,
LOG-06045,2026-06-18T14:36:08.859957+00:00,2026-06-18T14:36:09.918000+00:00,2026-06-18T14:36:16.677031+00:00,,1058.0,7817.1,
LOG-06046,2026-06-18T14:36:08.860957+00:00,2026-06-18T14:36:09.920000+00:00,2026-06-18T14:36:16.677359+00:00,,1059.0,7816.4,
LOG-06047,2026-06-18T14:36:08.861957+00:00,2026-06-18T14:36:09.922000+00:00,2026-06-18T14:36:16.677798+00:00,,1060.0,7815.8,
LOG-06048,2026-06-18T14:36:08.862957+00:00,2026-06-18T14:36:09.924000+00:00,2026-06-18T14:36:16.678078+00:00,,1061.0,7815.1,
LOG-06049,2026-06-18T14:36:08.863957+00:00,2026-06-18T14:36:09.926000+00:00,2026-06-18T14:36:16.678496+00:00,,1062.0,7814.5,
LOG-06050,2026-06-18T14:36:08.864957+00:00,2026-06-18T14:36:09.928000+00:00,2026-06-18T14:36:16.678723+00:00,,1063.0,7813.8,
LOG-06051,2026-06-18T14:36:08.865957+00:00,2026-06-18T14:36:09.930000+00:00,2026-06-18T14:36:16.679195+00:00,,1064.0,7813.2,
LOG-06052,2026-06-18T14:36:08.866957+00:00,2026-06-18T14:36:09.932000+00:00,2026-06-18T14:36:16.679527+00:00,,1065.0,7812.6,
LOG-06053,2026-06-18T14:36:08.867957+00:00,2026-06-18T14:36:09.934000+00:00,2026-06-18T14:36:16.680319+00:00,,1066.0,7812.4,
LOG-06054,2026-06-18T14:36:08.868957+00:00,2026-06-18T14:36:09.936000+00:00,2026-06-18T14:36:16.680945+00:00,,1067.0,7812.0,
LOG-06055,2026-06-18T14:36:08.869957+00:00,2026-06-18T14:36:09.938000+00:00,2026-06-18T14:36:16.681255+00:00,,1068.0,7811.3,
LOG-06056,2026-06-18T14:36:08.870957+00:00,2026-06-18T14:36:09.940000+00:00,2026-06-18T14:36:16.681808+00:00,,1069.0,7810.9,
LOG-06057,2026-06-18T14:36:08.871957+00:00,2026-06-18T14:36:09.942000+00:00,2026-06-18T14:36:16.682168+00:00,,1070.0,7810.2,
LOG-06058,2026-06-18T14:36:08.872957+00:00,2026-06-18T14:36:09.944000+00:00,2026-06-18T14:36:16.682857+00:00,,1071.0,7809.9,
LOG-06059,2026-06-18T14:36:08.873957+00:00,2026-06-18T14:36:09.946000+00:00,2026-06-18T14:36:16.684305+00:00,,1072.0,7810.3,
LOG-06060,2026-06-18T14:36:08.874957+00:00,2026-06-18T14:36:09.948000+00:00,2026-06-18T14:36:16.684690+00:00,,1073.0,7809.7,
LOG-06061,2026-06-18T14:36:08.875957+00:00,2026-06-18T14:36:09.950000+00:00,2026-06-18T14:36:16.684837+00:00,,1074.0,7808.9,
LOG-06062,2026-06-18T14:36:08.876957+00:00,2026-06-18T14:36:09.952000+00:00,2026-06-18T14:36:16.685516+00:00,,1075.0,7808.6,
LOG-06063,2026-06-18T14:36:08.877957+00:00,2026-06-18T14:36:09.954000+00:00,2026-06-18T14:36:16.685945+00:00,,1076.0,7808.0,
LOG-06064,2026-06-18T14:36:08.878957+00:00,2026-06-18T14:36:09.956000+00:00,2026-06-18T14:36:16.686234+00:00,,1077.0,7807.3,
LOG-06065,2026-06-18T14:36:08.879957+00:00,2026-06-18T14:36:09.958000+00:00,2026-06-18T14:36:16.686925+00:00,,1078.0,7807.0,
LOG-06066,2026-06-18T14:36:08.880957+00:00,2026-06-18T14:36:09.960000+00:00,2026-06-18T14:36:16.687470+00:00,,1079.0,7806.5,
LOG-06067,2026-06-18T14:36:08.881957+00:00,2026-06-18T14:36:09.962000+00:00,2026-06-18T14:36:16.687871+00:00,,1080.0,7805.9,
LOG-06068,2026-06-18T14:36:08.882957+00:00,2026-06-18T14:36:09.964000+00:00,2026-06-18T14:36:16.688679+00:00,,1081.0,7805.7,
LOG-06069,2026-06-18T14:36:08.883957+00:00,2026-06-18T14:36:09.966000+00:00,2026-06-18T14:36:16.689394+00:00,,1082.0,7805.4,
LOG-06070,2026-06-18T14:36:08.884957+00:00,2026-06-18T14:36:09.968000+00:00,2026-06-18T14:36:16.689813+00:00,,1083.0,7804.9,
LOG-06071,2026-06-18T14:36:08.885957+00:00,2026-06-18T14:36:09.970000+00:00,2026-06-18T14:36:16.690084+00:00,,1084.0,7804.1,
LOG-06072,2026-06-18T14:36:08.886957+00:00,2026-06-18T14:36:09.972000+00:00,2026-06-18T14:36:16.690472+00:00,,1085.0,7803.5,
LOG-06073,2026-06-18T14:36:08.887957+00:00,2026-06-18T14:36:09.974000+00:00,2026-06-18T14:36:16.690732+00:00,,1086.0,7802.8,
LOG-06074,2026-06-18T14:36:08.888957+00:00,2026-06-18T14:36:09.976000+00:00,2026-06-18T14:36:16.691149+00:00,,1087.0,7802.2,
LOG-06075,2026-06-18T14:36:08.889957+00:00,2026-06-18T14:36:09.978000+00:00,2026-06-18T14:36:16.691457+00:00,,1088.0,7801.5,
LOG-06076,2026-06-18T14:36:08.890957+00:00,2026-06-18T14:36:09.980000+00:00,2026-06-18T14:36:16.691850+00:00,,1089.0,7800.9,
LOG-06077,2026-06-18T14:36:08.891957+00:00,2026-06-18T14:36:09.982000+00:00,2026-06-18T14:36:16.692092+00:00,,1090.0,7800.1,
LOG-06078,2026-06-18T14:36:08.892957+00:00,2026-06-18T14:36:09.984000+00:00,2026-06-18T14:36:16.692533+00:00,,1091.0,7799.6,
LOG-06079,2026-06-18T14:36:08.893957+00:00,2026-06-18T14:36:09.986000+00:00,2026-06-18T14:36:16.692838+00:00,,1092.0,7798.9,
LOG-06080,2026-06-18T14:36:08.894957+00:00,2026-06-18T14:36:09.988000+00:00,2026-06-18T14:36:16.693248+00:00,,1093.0,7798.3,
LOG-06081,2026-06-18T14:36:08.895957+00:00,2026-06-18T14:36:09.990000+00:00,2026-06-18T14:36:16.693538+00:00,,1094.0,7797.6,
LOG-06082,2026-06-18T14:36:08.896957+00:00,2026-06-18T14:36:09.992000+00:00,2026-06-18T14:36:16.694129+00:00,,1095.0,7797.2,
LOG-06083,2026-06-18T14:36:08.897957+00:00,2026-06-18T14:36:09.994000+00:00,2026-06-18T14:36:16.694722+00:00,,1096.0,7796.8,
LOG-06084,2026-06-18T14:36:08.898957+00:00,2026-06-18T14:36:09.996000+00:00,2026-06-18T14:36:16.695120+00:00,,1097.0,7796.2,
LOG-06085,2026-06-18T14:36:08.899957+00:00,2026-06-18T14:36:09.998000+00:00,2026-06-18T14:36:16.695401+00:00,,1098.0,7795.4,
LOG-06086,2026-06-18T14:36:08.900957+00:00,2026-06-18T14:36:10+00:00,2026-06-18T14:36:16.695818+00:00,,1099.0,7794.9,
LOG-06087,2026-06-18T14:36:08.901957+00:00,2026-06-18T14:36:10.002000+00:00,2026-06-18T14:36:16.696237+00:00,,1100.0,7794.3,
LOG-06088,2026-06-18T14:36:08.902957+00:00,2026-06-18T14:36:10.004000+00:00,2026-06-18T14:36:16.696906+00:00,,1101.0,7793.9,
LOG-06089,2026-06-18T14:36:08.903957+00:00,2026-06-18T14:36:10.006000+00:00,2026-06-18T14:36:16.697335+00:00,,1102.0,7793.4,
LOG-06090,2026-06-18T14:36:08.904957+00:00,2026-06-18T14:36:10.008000+00:00,2026-06-18T14:36:16.698061+00:00,,1103.0,7793.1,
LOG-06091,2026-06-18T14:36:08.905957+00:00,2026-06-18T14:36:10.010000+00:00,2026-06-18T14:36:16.698500+00:00,,1104.0,7792.5,
LOG-06092,2026-06-18T14:36:08.906957+00:00,2026-06-18T14:36:10.012000+00:00,2026-06-18T14:36:16.698766+00:00,,1105.0,7791.8,
LOG-06093,2026-06-18T14:36:08.907957+00:00,2026-06-18T14:36:10.014000+00:00,2026-06-18T14:36:16.699381+00:00,,1106.0,7791.4,
LOG-06094,2026-06-18T14:36:08.908957+00:00,2026-06-18T14:36:10.016000+00:00,2026-06-18T14:36:16.699925+00:00,,1107.0,7791.0,
LOG-06095,2026-06-18T14:36:08.909957+00:00,2026-06-18T14:36:10.018000+00:00,2026-06-18T14:36:16.700409+00:00,,1108.0,7790.5,
LOG-06096,2026-06-18T14:36:08.910957+00:00,2026-06-18T14:36:10.020000+00:00,2026-06-18T14:36:16.700730+00:00,,1109.0,7789.8,
LOG-06097,2026-06-18T14:36:08.911957+00:00,2026-06-18T14:36:10.022000+00:00,2026-06-18T14:36:16.701331+00:00,,1110.0,7789.4,
LOG-06098,2026-06-18T14:36:08.912957+00:00,2026-06-18T14:36:10.024000+00:00,2026-06-18T14:36:16.701972+00:00,,1111.0,7789.0,
LOG-06099,2026-06-18T14:36:08.913957+00:00,2026-06-18T14:36:10.026000+00:00,2026-06-18T14:36:16.702060+00:00,,1112.0,7788.1,
LOG-06100,2026-06-18T14:36:08.914957+00:00,2026-06-18T14:36:10.028000+00:00,2026-06-18T14:36:16.702719+00:00,,1113.0,7787.8,
LOG-06101,2026-06-18T14:36:08.915957+00:00,2026-06-18T14:36:10.030000+00:00,2026-06-18T14:36:16.703175+00:00,,1114.0,7787.2,
LOG-06102,2026-06-18T14:36:08.916957+00:00,2026-06-18T14:36:10.032000+00:00,2026-06-18T14:36:16.703459+00:00,,1115.0,7786.5,
LOG-06103,2026-06-18T14:36:08.917957+00:00,2026-06-18T14:36:10.034000+00:00,2026-06-18T14:36:16.703859+00:00,,1116.0,7785.9,
LOG-06104,2026-06-18T14:36:08.918957+00:00,2026-06-18T14:36:10.036000+00:00,2026-06-18T14:36:16.704191+00:00,,1117.0,7785.2,
LOG-06105,2026-06-18T14:36:08.919957+00:00,2026-06-18T14:36:10.038000+00:00,2026-06-18T14:36:16.704661+00:00,,1118.0,7784.7,
LOG-06106,2026-06-18T14:36:08.920957+00:00,2026-06-18T14:36:10.040000+00:00,2026-06-18T14:36:16.705078+00:00,,1119.0,7784.1,
LOG-06107,2026-06-18T14:36:08.921957+00:00,2026-06-18T14:36:10.042000+00:00,2026-06-18T14:36:16.705609+00:00,,1120.0,7783.7,
LOG-06108,2026-06-18T14:36:08.922957+00:00,2026-06-18T14:36:10.044000+00:00,2026-06-18T14:36:16.705946+00:00,,1121.0,7783.0,
LOG-06109,2026-06-18T14:36:08.923957+00:00,2026-06-18T14:36:10.046000+00:00,2026-06-18T14:36:16.706034+00:00,,1122.0,7782.1,
